email1,email2,fecha_amistad
nayeliroldan@example.com,alvarobeltran@example.com,2024-04-18
nayeliroldan@example.com,espartacobriones@example.com,2022-04-11
nayeliroldan@example.com,maria-luisaalba@example.com,2022-01-03
nayeliroldan@example.com,nmontemayor@example.org,2023-08-04
nayeliroldan@example.com,marcela08@example.net,2023-07-01
nayeliroldan@example.com,mauricio66@example.com,2025-05-30
nayeliroldan@example.com,zeferino89@example.org,2021-10-02
nayeliroldan@example.com,pizarrosoledad@example.org,2024-03-23
zgurule@example.org,silvia68@example.com,2025-12-29
zgurule@example.org,guillermo66@example.com,2023-03-19
zgurule@example.org,rosariomontalvo@example.net,2023-05-29
zgurule@example.org,virginiatrejo@example.org,2021-05-21
moralesesperanza@example.net,yarevalo@example.net,2025-02-06
moralesesperanza@example.net,aolvera@example.net,2024-02-23
moralesesperanza@example.net,msauceda@example.net,2022-03-30
moralesesperanza@example.net,tcarvajal@example.org,2025-07-26
moralesesperanza@example.net,oterozoe@example.com,2023-08-25
moralesesperanza@example.net,uriasalfonso@example.org,2025-06-01
moralesesperanza@example.net,robledoirma@example.net,2022-11-20
moralesesperanza@example.net,cecilia60@example.com,2021-11-16
segoviaarcelia@example.net,solizporfirio@example.com,2024-07-29
segoviaarcelia@example.net,rperez@example.com,2026-01-29
segoviaarcelia@example.net,regaladoenrique@example.net,2025-06-21
segoviaarcelia@example.net,renato41@example.net,2025-12-04
segoviaarcelia@example.net,luiscamarillo@example.com,2021-11-20
florencia61@example.org,lucasabrego@example.com,2022-02-02
florencia61@example.org,araceli19@example.com,2025-02-16
florencia61@example.org,luis-manuelvillanueva@example.net,2021-10-09
florencia61@example.org,saucedajorge-luis@example.org,2025-09-07
florencia61@example.org,leonelzaragoza@example.net,2024-01-23
luiscamarillo@example.com,nsolis@example.net,2024-10-20
luiscamarillo@example.com,antoniachavarria@example.net,2026-02-06
luiscamarillo@example.com,hectorjimenez@example.net,2025-11-11
luiscamarillo@example.com,reina34@example.org,2024-09-14
luiscamarillo@example.com,fmateo@example.org,2022-10-05
luiscamarillo@example.com,rosarioraul@example.com,2024-01-24
luiscamarillo@example.com,abelmurillo@example.org,2024-11-11
maria-luisa51@example.org,parraomar@example.com,2024-04-27
maria-luisa51@example.org,benavidespablo@example.org,2023-06-06
maria-luisa51@example.org,rosalialimon@example.net,2023-04-26
maria-luisa51@example.org,xllamas@example.org,2021-08-09
maria-luisa51@example.org,raquelsisneros@example.net,2025-06-21
maria-luisa51@example.org,nfierro@example.org,2022-12-13
maria-luisa51@example.org,jaimestimoteo@example.com,2021-06-12
maria-luisa51@example.org,angela28@example.com,2026-01-29
jeronimojaquez@example.com,carrascodiana@example.org,2023-03-02
jeronimojaquez@example.com,elsa08@example.net,2021-09-17
jeronimojaquez@example.com,horacioorozco@example.org,2024-05-19
jeronimojaquez@example.com,mvela@example.org,2022-02-05
jeronimojaquez@example.com,britojaqueline@example.net,2026-03-18
gramon@example.net,zalvarez@example.net,2025-05-07
gramon@example.net,galvanjaqueline@example.net,2022-11-03
gramon@example.net,fabiolasoliz@example.net,2023-10-13
gramon@example.net,padillamaria-teresa@example.org,2022-05-14
gramon@example.net,ernestogarica@example.net,2024-07-14
gramon@example.net,amaliabenitez@example.com,2023-03-06
gramon@example.net,nuneznatalia@example.com,2026-01-09
gramon@example.net,montanorocio@example.net,2021-04-30
ernestogarica@example.net,aolvera@example.net,2024-01-20
ernestogarica@example.net,rolandoraya@example.net,2024-08-14
ernestogarica@example.net,grendon@example.net,2026-01-11
ernestogarica@example.net,carriongraciela@example.net,2024-11-23
ortaesther@example.org,grendon@example.net,2026-04-09
ortaesther@example.org,peraltacamila@example.com,2023-05-02
ortaesther@example.org,uperalta@example.com,2024-02-08
ortaesther@example.org,saldananayeli@example.net,2024-07-10
ortaesther@example.org,armentaalejandro@example.org,2025-11-16
ortaesther@example.org,yresendez@example.com,2023-06-27
ortaesther@example.org,reina34@example.org,2023-03-18
de-la-cruzabigail@example.com,david33@example.com,2024-01-10
de-la-cruzabigail@example.com,dianamelgar@example.net,2023-03-27
de-la-cruzabigail@example.com,serafinrodarte@example.com,2026-03-13
de-la-cruzabigail@example.com,fabiolasoliz@example.net,2024-01-12
micaela25@example.net,mnieves@example.net,2022-11-03
micaela25@example.net,rosarioraul@example.com,2022-02-12
micaela25@example.net,utrujillo@example.com,2023-07-19
micaela25@example.net,lopezarcelia@example.net,2024-05-03
micaela25@example.net,angela97@example.com,2021-12-21
micaela25@example.net,maresmaria-luisa@example.net,2024-02-12
micaela25@example.net,rosariomontalvo@example.net,2025-10-20
micaela25@example.net,dianaestrada@example.org,2022-07-24
abril23@example.net,victorcardenas@example.org,2023-06-30
abril23@example.net,moralesabel@example.com,2025-03-17
abril23@example.net,alicia83@example.com,2021-11-11
abril23@example.net,chavezteresa@example.net,2023-09-01
abril23@example.net,iaguilera@example.org,2024-12-29
abril23@example.net,maria-del-carmenulloa@example.net,2023-01-21
abril23@example.net,martha89@example.org,2023-09-10
abril23@example.net,lovatogeorgina@example.org,2021-08-11
gabriel23@example.org,maria-jose83@example.net,2023-03-29
gabriel23@example.org,enieves@example.com,2023-04-06
gabriel23@example.org,gescamilla@example.org,2025-06-20
gabriel23@example.org,regaladoenrique@example.net,2025-05-16
gabriel23@example.org,xrivas@example.net,2022-06-09
gabriel23@example.org,javier66@example.com,2025-06-01
ramiro25@example.org,hildaguillen@example.org,2023-12-04
ramiro25@example.org,zde-la-rosa@example.org,2021-07-21
ramiro25@example.org,utrujillo@example.com,2024-08-21
ramiro25@example.org,catalinapedroza@example.net,2022-11-12
wporras@example.org,valentinpamela@example.net,2021-05-04
wporras@example.org,rpuente@example.org,2025-09-15
wporras@example.org,harofabiola@example.com,2023-05-15
wporras@example.org,romerosergio@example.com,2025-06-01
wporras@example.org,vigilmaria-cristina@example.org,2025-07-25
wporras@example.org,japodaca@example.net,2022-02-14
wporras@example.org,tapiaconcepcion@example.org,2023-01-11
wporras@example.org,albadulce@example.com,2021-08-01
jassomarco-antonio@example.net,qbanuelos@example.net,2023-05-12
jassomarco-antonio@example.net,urocha@example.net,2024-01-11
jassomarco-antonio@example.net,citlali92@example.com,2024-04-05
jassomarco-antonio@example.net,inesportillo@example.org,2025-08-21
jassomarco-antonio@example.net,maria-luisa51@example.org,2025-07-31
jassomarco-antonio@example.net,jorge49@example.com,2022-11-27
jassomarco-antonio@example.net,perlamarroquin@example.org,2024-02-01
jassomarco-antonio@example.net,luiscamarillo@example.com,2023-01-13
cgamboa@example.com,mnieves@example.net,2024-10-13
cgamboa@example.com,geronimosuarez@example.org,2025-06-25
cgamboa@example.com,galvanjaqueline@example.net,2022-08-04
cgamboa@example.com,pradocesar@example.org,2022-08-30
cgamboa@example.com,icisneros@example.net,2026-02-22
cgamboa@example.com,gramon@example.net,2022-06-28
nmagana@example.net,armandovaldez@example.com,2022-06-24
nmagana@example.net,luciacorona@example.net,2024-01-09
nmagana@example.net,juarezoliver@example.net,2023-07-11
nmagana@example.net,furena@example.com,2021-09-13
alfredo45@example.net,galvanjaqueline@example.net,2022-09-26
alfredo45@example.net,uherrera@example.net,2022-10-01
alfredo45@example.net,caridadcampos@example.net,2022-01-16
alfredo45@example.net,ana-luisa90@example.net,2023-12-10
msauceda@example.net,razocarlota@example.net,2023-01-06
msauceda@example.net,abelmurillo@example.org,2025-06-20
msauceda@example.net,isabela95@example.org,2026-01-20
msauceda@example.net,dalia99@example.com,2024-11-07
msauceda@example.net,david33@example.com,2023-03-17
msauceda@example.net,reinagarrido@example.net,2024-01-20
msauceda@example.net,penadavid@example.com,2022-10-21
msauceda@example.net,kcavazos@example.com,2023-07-05
luciacarrera@example.net,reynaldo67@example.net,2022-05-24
luciacarrera@example.net,robledoirma@example.org,2022-05-28
luciacarrera@example.net,arturo61@example.org,2023-12-24
barrientosmariano@example.net,marianovargas@example.org,2023-09-14
barrientosmariano@example.net,oscar96@example.org,2025-05-29
barrientosmariano@example.net,corralesrocio@example.org,2023-10-14
armandovaldez@example.com,roberto52@example.net,2026-04-13
armandovaldez@example.com,daliacervantez@example.org,2024-01-07
armandovaldez@example.com,elena87@example.org,2022-06-04
armandovaldez@example.com,ramirosalcido@example.net,2022-07-27
armandovaldez@example.com,cortesclara@example.net,2022-08-25
armandovaldez@example.com,uortega@example.org,2025-05-18
armandovaldez@example.com,britojaqueline@example.net,2022-01-11
armandovaldez@example.com,juliaquintana@example.org,2021-10-28
casanovamercedes@example.net,razocarlota@example.net,2023-10-17
casanovamercedes@example.net,zoe26@example.org,2024-03-01
casanovamercedes@example.net,monicadel-valle@example.com,2025-11-17
casanovamercedes@example.net,orellanaandrea@example.com,2024-11-02
casanovamercedes@example.net,cynthiahidalgo@example.net,2025-06-19
casanovamercedes@example.net,velazquezjose-maria@example.com,2022-11-26
casanovamercedes@example.net,marianaquezada@example.net,2024-12-09
linda53@example.org,lovatogeorgina@example.org,2021-05-05
linda53@example.org,jaqueline93@example.org,2023-02-16
linda53@example.org,andreaalfaro@example.org,2021-12-13
linda53@example.org,moralesesperanza@example.net,2024-01-10
marisolmunoz@example.com,olveraandres@example.com,2023-06-16
marisolmunoz@example.com,covarrubiasrafael@example.org,2021-05-25
marisolmunoz@example.com,slozano@example.org,2026-02-27
marisolmunoz@example.com,tcervantez@example.com,2023-01-31
marisolmunoz@example.com,oterozoe@example.com,2024-07-08
padillaoswaldo@example.org,irizarryesther@example.com,2025-04-28
padillaoswaldo@example.org,juarezoliver@example.net,2026-02-18
padillaoswaldo@example.org,araceliespinoza@example.com,2025-08-22
padillaoswaldo@example.org,yuridiavillagomez@example.com,2023-03-05
padillaoswaldo@example.org,sandra88@example.com,2024-05-09
tapiaconcepcion@example.org,marinelena@example.com,2021-11-28
tapiaconcepcion@example.org,irizarryesther@example.com,2021-04-25
citlalirobledo@example.net,carrerozeferino@example.org,2023-11-02
citlalirobledo@example.net,nchavarria@example.net,2023-03-01
citlalirobledo@example.net,clementearmas@example.net,2025-09-05
indirasolorio@example.org,laraflavio@example.net,2024-09-28
indirasolorio@example.org,elisahinojosa@example.org,2022-11-04
marisol29@example.com,david33@example.com,2025-02-18
marisol29@example.com,federico55@example.org,2023-11-01
marisol29@example.com,miguel-angel25@example.com,2024-07-07
marisol29@example.com,carla30@example.com,2022-01-05
marisol29@example.com,aguileraines@example.org,2025-01-01
marisol29@example.com,parraomar@example.com,2026-01-07
marisol29@example.com,moralesabel@example.com,2024-10-24
marisol29@example.com,saenzelisa@example.org,2023-06-18
santiagoluevano@example.org,delia49@example.net,2025-05-04
santiagoluevano@example.org,lorenavergara@example.com,2023-02-08
santiagoluevano@example.org,mauricio66@example.com,2021-12-20
pradocesar@example.org,eugenioleiva@example.org,2021-06-21
pradocesar@example.org,avileselvira@example.net,2025-07-02
pradocesar@example.org,yuridiavillagomez@example.com,2023-03-04
pradocesar@example.org,iherrera@example.com,2025-10-12
pradocesar@example.org,jorge49@example.com,2023-04-17
alejandra88@example.net,palaciospatricia@example.net,2023-01-07
alejandra88@example.net,raulperalta@example.org,2026-01-18
vgallardo@example.org,zaragozasandra@example.com,2021-09-03
vgallardo@example.org,indirasolorio@example.org,2023-11-17
vgallardo@example.org,felixbueno@example.com,2022-05-08
vgallardo@example.org,isabela95@example.org,2021-06-19
vgallardo@example.org,pornelas@example.com,2024-09-23
vgallardo@example.org,aolvera@example.net,2024-01-22
vgallardo@example.org,ricardo13@example.net,2023-09-09
vgallardo@example.org,padillaoswaldo@example.org,2024-09-30
bahenaclaudia@example.com,leonardoharo@example.net,2023-12-09
bahenaclaudia@example.com,tejadaestela@example.com,2021-07-04
bahenaclaudia@example.com,caridadcampos@example.net,2022-11-06
bahenaclaudia@example.com,zunigabenjamin@example.org,2022-05-04
bahenaclaudia@example.com,yarevalo@example.net,2025-10-19
bahenaclaudia@example.com,olgaverduzco@example.net,2025-12-05
bahenaclaudia@example.com,chavezteresa@example.net,2022-05-10
bahenaclaudia@example.com,guillermo66@example.com,2025-03-04
camila94@example.net,mayte25@example.org,2024-03-14
camila94@example.net,miriamverduzco@example.net,2023-04-23
camila94@example.net,helena55@example.org,2021-10-06
mendezcarolina@example.com,roberto52@example.net,2024-02-02
mendezcarolina@example.com,luciacarrera@example.net,2024-01-12
mendezcarolina@example.com,ricardo13@example.net,2025-04-24
mendezcarolina@example.com,jassomarco-antonio@example.net,2025-10-02
mendezcarolina@example.com,calfaro@example.net,2024-09-25
mendezcarolina@example.com,vieralinda@example.org,2023-08-31
mendezcarolina@example.com,elvira75@example.com,2025-01-03
lcruz@example.net,mauricio66@example.com,2023-08-23
lcruz@example.net,de-andaandrea@example.net,2026-02-22
xrivas@example.net,ricardo13@example.net,2021-07-22
xrivas@example.net,renato65@example.org,2021-10-19
xrivas@example.net,carriongraciela@example.net,2023-03-07
xrivas@example.net,uherrera@example.net,2023-04-07
xrivas@example.net,david33@example.com,2024-12-06
xrivas@example.net,qbanuelos@example.net,2023-08-20
mauricio66@example.com,monicadel-valle@example.com,2022-08-05
mauricio66@example.com,elvira75@example.com,2022-02-15
mauricio66@example.com,franciscocordero@example.org,2022-11-30
espartacobriones@example.com,qsisneros@example.net,2026-03-20
espartacobriones@example.com,slozano@example.org,2024-02-13
espartacobriones@example.com,rodriquezmartha@example.com,2021-10-15
espartacobriones@example.com,celianavarro@example.org,2023-12-27
espartacobriones@example.com,cresposoledad@example.org,2025-12-15
espartacobriones@example.com,jassomarco-antonio@example.net,2024-11-28
espartacobriones@example.com,citlalirobledo@example.net,2022-07-29
espartacobriones@example.com,yolandaarenas@example.net,2026-02-18
miriamverduzco@example.net,victorcardenas@example.org,2024-02-15
miriamverduzco@example.net,bermudezeloisa@example.com,2023-12-02
miriamverduzco@example.net,zoe06@example.com,2021-09-16
miriamverduzco@example.net,celianavarro@example.org,2021-12-25
miriamverduzco@example.net,padillamaria-teresa@example.org,2026-02-12
miriamverduzco@example.net,carla30@example.com,2024-09-05
luciacorona@example.net,abrahamnajera@example.com,2024-07-15
luciacorona@example.net,olgaverduzco@example.net,2022-04-13
luciacorona@example.net,solorzanosonia@example.net,2022-10-27
luciacorona@example.net,gonzalezamalia@example.org,2023-10-14
luciacorona@example.net,aestrada@example.net,2025-05-12
luciacorona@example.net,padillamaria-teresa@example.org,2026-04-06
luciacorona@example.net,eugenioleiva@example.org,2023-11-29
luciacorona@example.net,mguardado@example.com,2024-10-16
ysierra@example.org,vresendez@example.com,2024-10-10
ysierra@example.org,ctorres@example.org,2025-07-15
ysierra@example.org,reinagarrido@example.net,2023-10-03
ysierra@example.org,rivasesparta@example.org,2022-12-11
ysierra@example.org,cgamboa@example.com,2021-07-07
ysierra@example.org,yolandaarenas@example.net,2025-09-23
israelvalles@example.net,cgamboa@example.com,2021-11-02
israelvalles@example.net,ybueno@example.com,2023-01-10
israelvalles@example.net,nadia94@example.net,2021-10-08
israelvalles@example.net,carla30@example.com,2022-09-03
israelvalles@example.net,lcamacho@example.net,2021-06-04
aestrada@example.net,carrascodiana@example.org,2025-09-24
aestrada@example.net,ioquendo@example.org,2023-08-10
aestrada@example.net,eva73@example.org,2021-09-10
aestrada@example.net,wendolin85@example.net,2023-03-26
ramonpadilla@example.com,claudioescalante@example.org,2023-03-07
ramonpadilla@example.com,bravoursula@example.org,2022-12-10
ramonpadilla@example.com,porellana@example.org,2025-05-12
ramonpadilla@example.com,alonsodaniela@example.com,2022-06-18
ramonpadilla@example.com,yesparza@example.net,2025-03-31
ramonpadilla@example.com,mariolimon@example.net,2026-02-18
ramonpadilla@example.com,zulloa@example.net,2021-10-27
ramonpadilla@example.com,arevalovirginia@example.com,2022-07-04
malavewilfrido@example.com,uherrera@example.net,2021-10-08
malavewilfrido@example.com,bravoursula@example.org,2022-05-06
malavewilfrido@example.com,jmalave@example.org,2021-07-11
malavewilfrido@example.com,elenade-anda@example.org,2025-05-28
bmaldonado@example.org,carreroeduardo@example.org,2023-09-04
bmaldonado@example.org,carriongraciela@example.net,2025-11-14
bmaldonado@example.org,montoyajulio@example.com,2021-11-16
xcollazo@example.com,angela28@example.com,2021-10-31
xcollazo@example.com,nmontemayor@example.org,2021-10-02
xcollazo@example.com,wporras@example.org,2025-02-04
xcollazo@example.com,dalia99@example.com,2025-07-11
calderonrosa@example.net,esmeraldamatos@example.org,2023-11-26
calderonrosa@example.net,montoyajulio@example.com,2025-09-14
calderonrosa@example.net,jacintomontemayor@example.com,2023-06-22
calderonrosa@example.net,quirozemilio@example.org,2024-01-07
calderonrosa@example.net,klozano@example.net,2024-12-30
gonzaloabrego@example.org,zamorafrancisco-javier@example.net,2024-05-07
gonzaloabrego@example.org,omarroybal@example.com,2022-12-27
gonzaloabrego@example.org,elvirajiminez@example.net,2022-04-23
gonzaloabrego@example.org,patricio56@example.com,2023-12-17
gonzaloabrego@example.org,pescobar@example.org,2022-03-03
enrique70@example.net,diazisrael@example.com,2023-06-11
enrique70@example.net,uortega@example.org,2022-06-27
miguel-angel25@example.com,jeronimomontoya@example.org,2024-06-21
miguel-angel25@example.com,ulibarrijose-carlos@example.com,2024-11-01
de-la-rosalorena@example.net,angelica15@example.org,2021-12-22
de-la-rosalorena@example.net,mauricio66@example.com,2021-09-29
ulloagonzalo@example.net,galvanjaqueline@example.net,2024-11-22
ulloagonzalo@example.net,maria-jose83@example.net,2024-09-26
ulloagonzalo@example.net,magdalena94@example.com,2024-05-04
ulloagonzalo@example.net,eugenio67@example.net,2024-01-18
ulloagonzalo@example.net,ceciliabetancourt@example.com,2023-11-17
ulloagonzalo@example.net,lopezarcelia@example.net,2023-09-02
gdel-rio@example.org,benavidezlucas@example.com,2021-07-26
gdel-rio@example.org,ricardo13@example.net,2025-03-27
gdel-rio@example.org,cgamboa@example.com,2026-03-29
gdel-rio@example.org,juliaquintana@example.org,2023-01-26
gdel-rio@example.org,urocha@example.net,2024-02-17
gdel-rio@example.org,quirozemilio@example.org,2022-08-14
zeferino45@example.com,eugenio67@example.net,2024-02-14
zeferino45@example.com,roldanadan@example.net,2023-01-30
zeferino45@example.com,marcela08@example.net,2023-02-17
zeferino45@example.com,zunigabenjamin@example.org,2025-08-08
zeferino45@example.com,nadia94@example.net,2026-04-03
zeferino45@example.com,isabel94@example.net,2022-06-20
zeferino45@example.com,alonsodaniela@example.com,2021-11-27
zeferino45@example.com,antonio55@example.net,2025-02-26
ricardo13@example.net,nadia94@example.net,2024-02-15
ricardo13@example.net,davidbanuelos@example.org,2023-06-03
ricardo13@example.net,maria-elenavillanueva@example.com,2023-05-17
ricardo13@example.net,eloisa49@example.com,2025-03-25
ricardo13@example.net,yverdugo@example.com,2022-08-07
noemicanales@example.org,gramon@example.net,2026-01-29
noemicanales@example.org,tsauceda@example.com,2023-06-30
nsolis@example.net,montoyajulio@example.com,2021-09-26
nsolis@example.net,geronimosuarez@example.org,2026-01-14
nsolis@example.net,rodriquezmartha@example.com,2025-03-08
nsolis@example.net,palaciospatricia@example.net,2022-12-30
nsolis@example.net,zeferino89@example.org,2022-03-19
nsolis@example.net,isabela95@example.org,2024-08-06
anavarro@example.com,svalenzuela@example.org,2025-06-24
anavarro@example.com,segoviaarcelia@example.net,2021-12-20
anavarro@example.com,saldananayeli@example.net,2023-05-16
victoriavillalobos@example.org,maria-luisa51@example.org,2023-12-22
victoriavillalobos@example.org,indirasolorio@example.org,2025-05-19
victoriavillalobos@example.org,julio71@example.org,2021-06-13
victoriavillalobos@example.org,tapiaconcepcion@example.org,2023-05-30
victoriavillalobos@example.org,javier66@example.com,2022-09-14
alejandrovaldez@example.org,jorgeespinoza@example.org,2024-05-01
alejandrovaldez@example.org,eloisa59@example.com,2021-11-05
alejandrovaldez@example.org,martha89@example.org,2024-09-01
alejandrovaldez@example.org,israelvalles@example.net,2024-11-11
alejandrovaldez@example.org,jmalave@example.org,2022-01-22
alejandrovaldez@example.org,maria-del-carmenulloa@example.net,2023-01-30
alejandrovaldez@example.org,benavidezlucas@example.com,2022-03-08
regaladoenrique@example.net,mayte25@example.org,2023-05-14
regaladoenrique@example.net,madridcarlota@example.org,2023-05-23
regaladoenrique@example.net,victoriavillalobos@example.org,2026-01-13
regaladoenrique@example.net,elena87@example.org,2023-02-23
regaladoenrique@example.net,carla30@example.com,2023-07-11
regaladoenrique@example.net,nayeliroldan@example.com,2023-04-14
regaladoenrique@example.net,msauceda@example.net,2022-05-17
regaladoenrique@example.net,elenade-anda@example.org,2022-09-05
alejandro27@example.com,alfredo45@example.net,2023-03-03
alejandro27@example.com,gomezeugenio@example.net,2023-06-11
alejandro27@example.com,vanesaheredia@example.org,2025-06-29
alejandro27@example.com,mcarvajal@example.net,2025-09-21
minervagracia@example.net,miriamverduzco@example.net,2025-06-05
minervagracia@example.net,cortesclara@example.net,2025-01-09
minervagracia@example.net,iherrera@example.com,2026-04-06
minervagracia@example.net,emilianovillalpando@example.net,2023-01-04
minervagracia@example.net,furena@example.com,2025-12-08
minervagracia@example.net,natalia78@example.net,2022-03-10
minervagracia@example.net,silvia68@example.com,2024-09-01
minervagracia@example.net,claudioescalante@example.org,2021-08-03
susana67@example.com,benavidezfelix@example.net,2021-05-26
susana67@example.com,utrujillo@example.com,2023-12-20
susana67@example.com,ortaesther@example.org,2022-07-25
susana67@example.com,rivasesparta@example.org,2022-05-06
susana67@example.com,esquivelestela@example.org,2025-12-17
susana67@example.com,montoyacaridad@example.net,2023-12-27
susana67@example.com,laura55@example.net,2025-09-25
susana67@example.com,ybueno@example.com,2025-04-07
carrerozeferino@example.org,luciacarrera@example.net,2021-06-19
carrerozeferino@example.org,fabiolasoliz@example.net,2021-07-22
carrerozeferino@example.org,magdalena94@example.com,2025-04-24
carrerozeferino@example.org,cuellarana-luisa@example.net,2023-02-06
carrerozeferino@example.org,julio71@example.org,2024-02-07
carrerozeferino@example.org,lorenavergara@example.com,2024-01-23
karlaposada@example.org,rpuente@example.org,2023-01-16
karlaposada@example.org,baezahilda@example.org,2021-06-17
karlaposada@example.org,bermudezeloisa@example.com,2023-05-31
karlaposada@example.org,qbanuelos@example.net,2022-02-19
karlaposada@example.org,adan34@example.com,2022-08-07
karlaposada@example.org,abril23@example.net,2024-07-07
karlaposada@example.org,calfaro@example.net,2023-10-26
karlaposada@example.org,luiscamarillo@example.com,2023-11-17
renato41@example.net,mnieves@example.net,2023-01-19
renato41@example.net,eloisa59@example.com,2025-09-11
renato41@example.net,lilia42@example.net,2022-05-27
renato41@example.net,karinaraya@example.com,2024-08-28
renato41@example.net,svalenzuela@example.org,2023-05-07
renato41@example.net,lovatogeorgina@example.org,2025-10-21
renato41@example.net,leonardoharo@example.net,2025-01-22
corralesrocio@example.org,rociobotello@example.org,2022-01-01
corralesrocio@example.org,felipede-la-torre@example.net,2022-02-13
corralesrocio@example.org,moralesesperanza@example.net,2025-08-23
corralesrocio@example.org,leonardoharo@example.net,2021-05-22
corralesrocio@example.org,merinoabelardo@example.net,2022-04-21
qmontanez@example.com,armentaalejandro@example.org,2026-03-30
qmontanez@example.com,xnegrete@example.net,2023-12-19
mayte25@example.org,rivasesparta@example.org,2025-06-27
mayte25@example.org,isaac69@example.net,2021-06-01
mayte25@example.org,juan-carlos01@example.net,2022-05-23
mayte25@example.org,noemicanales@example.org,2024-06-02
celianavarro@example.org,avaloscecilia@example.net,2025-11-18
celianavarro@example.org,roldanadan@example.net,2026-01-31
celianavarro@example.org,serafinrodarte@example.com,2026-01-03
celianavarro@example.org,esparzajaime@example.net,2024-08-04
silvia68@example.com,fabiolasoliz@example.net,2023-10-11
silvia68@example.com,montoyacaridad@example.net,2024-01-02
silvia68@example.com,armandovaldez@example.com,2022-01-26
silvia68@example.com,irizarryesther@example.com,2021-07-05
silvia68@example.com,marcelacoronado@example.net,2022-07-11
silvia68@example.com,cgallardo@example.net,2024-07-16
silvia68@example.com,penadavid@example.com,2021-06-11
silvia68@example.com,de-la-rosalorena@example.net,2021-07-30
albadulce@example.com,zeferino45@example.com,2023-09-25
albadulce@example.com,daliacervantez@example.org,2026-03-21
albadulce@example.com,nmagana@example.net,2022-10-22
javier66@example.com,lorta@example.org,2024-12-07
javier66@example.com,nchavarria@example.net,2023-06-15
javier66@example.com,sandra88@example.com,2025-08-18
javier66@example.com,gonzaloabrego@example.org,2024-06-06
javier66@example.com,raquelsisneros@example.net,2025-07-07
jorge49@example.com,mauriciomontalvo@example.net,2022-05-04
jorge49@example.com,icisneros@example.net,2025-05-20
jorge49@example.com,matiaszacarias@example.net,2023-07-24
jose-eduardoloera@example.net,maria-eugenia18@example.net,2023-12-26
jose-eduardoloera@example.net,ortaesther@example.org,2023-04-10
jose-eduardoloera@example.net,marinelena@example.com,2022-04-10
jose-eduardoloera@example.net,vgallardo@example.org,2024-03-20
jose-eduardoloera@example.net,oscar96@example.org,2022-08-25
jose-eduardoloera@example.net,ybueno@example.com,2022-09-26
moralesabel@example.com,javier66@example.com,2021-10-20
moralesabel@example.com,mateocaridad@example.org,2022-08-06
moralesabel@example.com,kroldan@example.org,2023-01-09
moralesabel@example.com,rubengarica@example.org,2023-06-20
moralesabel@example.com,patricio56@example.com,2025-03-31
moralesabel@example.com,vieralinda@example.org,2024-04-25
moralesabel@example.com,lourdescastro@example.org,2025-07-18
moralesabel@example.com,xcollazo@example.com,2025-02-22
judith79@example.net,marisol66@example.com,2021-11-03
judith79@example.net,fidellopez@example.org,2025-08-27
pizarrosoledad@example.org,carbajaleva@example.org,2022-07-28
pizarrosoledad@example.org,lbernal@example.com,2023-05-16
pizarrosoledad@example.org,antonia44@example.com,2022-05-15
pizarrosoledad@example.org,miriamverduzco@example.net,2022-08-18
pizarrosoledad@example.org,ana-luisa90@example.net,2021-06-03
pizarrosoledad@example.org,ilseanguiano@example.com,2021-05-07
pizarrosoledad@example.org,minervagracia@example.net,2022-06-10
pizarrosoledad@example.org,ysierra@example.org,2024-04-02
yesparza@example.net,claudioescalante@example.org,2022-01-27
yesparza@example.net,carreroeduardo@example.org,2025-09-01
lilia42@example.net,tomasmeza@example.com,2026-03-20
lilia42@example.net,armandodelgadillo@example.com,2025-05-08
lilia42@example.net,carrascodiana@example.org,2024-04-13
lilia42@example.net,augustoolivera@example.com,2023-03-13
lilia42@example.net,nsolis@example.net,2023-09-09
lilia42@example.net,juliaquintana@example.org,2023-09-16
marianovargas@example.org,fmateo@example.org,2022-02-02
marianovargas@example.org,galvezjose-eduardo@example.net,2024-04-01
marianovargas@example.org,resendezarmando@example.net,2023-11-21
marcela98@example.org,raulperalta@example.org,2025-12-25
marcela98@example.org,ceciliabetancourt@example.com,2021-08-04
marcela98@example.org,dianaestrada@example.org,2022-07-29
marcela98@example.org,de-andaandrea@example.net,2021-10-17
marcela98@example.org,fidel98@example.net,2022-10-02
marcela98@example.org,bmaldonado@example.org,2021-10-08
marcela98@example.org,jose54@example.org,2025-09-18
eloisa49@example.com,wporras@example.org,2023-08-11
eloisa49@example.com,covarrubiasrafael@example.org,2022-09-02
eloisa49@example.com,anavarro@example.com,2024-12-28
eloisa49@example.com,raquelsisneros@example.net,2023-12-08
eloisa49@example.com,elvira75@example.com,2024-02-09
eloisa49@example.com,caraballoesperanza@example.org,2022-09-30
eloisa49@example.com,franciscocordero@example.org,2025-07-19
navarretemarco-antonio@example.com,mateocaridad@example.org,2024-10-31
navarretemarco-antonio@example.com,citlali92@example.com,2024-04-30
navarretemarco-antonio@example.com,montoyajulio@example.com,2021-05-29
leonardoharo@example.net,susana67@example.com,2021-11-25
leonardoharo@example.net,icisneros@example.net,2022-11-02
leonardoharo@example.net,rperez@example.com,2024-09-08
leonardoharo@example.net,robledoirma@example.net,2022-04-29
leonardoharo@example.net,abrahamnajera@example.com,2026-04-09
leonardoharo@example.net,zaragozasandra@example.com,2026-03-26
leonardoharo@example.net,riverocecilia@example.org,2022-02-14
augustoolivera@example.com,maria-jose83@example.net,2021-05-17
augustoolivera@example.com,abrahamnajera@example.com,2026-03-15
augustoolivera@example.com,ramonpadilla@example.com,2023-01-08
augustoolivera@example.com,valentinpamela@example.net,2026-01-21
augustoolivera@example.com,aestrada@example.net,2022-09-03
augustoolivera@example.com,ana-luisa90@example.net,2025-02-26
augustoolivera@example.com,saldananayeli@example.net,2023-09-07
jaimestimoteo@example.com,tejadaestela@example.com,2023-04-08
jaimestimoteo@example.com,baezahilda@example.org,2022-08-29
daliacervantez@example.org,rodriquezmartha@example.com,2024-05-01
daliacervantez@example.org,diazisrael@example.com,2021-11-10
daliacervantez@example.org,marianaarteaga@example.net,2025-04-18
daliacervantez@example.org,lebronlucia@example.org,2025-01-28
daliacervantez@example.org,augustoolivera@example.com,2024-06-04
daliacervantez@example.org,padillamaria-teresa@example.org,2021-08-22
vigilmaria-cristina@example.org,eloisa59@example.com,2026-02-25
vigilmaria-cristina@example.org,smata@example.org,2023-03-02
vigilmaria-cristina@example.org,elisa75@example.com,2025-08-20
vigilmaria-cristina@example.org,marianaquezada@example.net,2021-10-31
vigilmaria-cristina@example.org,riverocecilia@example.org,2022-06-27
vigilmaria-cristina@example.org,juliaquintana@example.org,2021-09-04
federico55@example.org,pornelas@example.com,2024-02-16
federico55@example.org,luiscamarillo@example.com,2022-03-12
federico55@example.org,juan-carlos01@example.net,2024-08-02
federico55@example.org,bermudezeloisa@example.com,2024-10-29
federico55@example.org,fidel98@example.net,2023-08-27
federico55@example.org,soledadolvera@example.com,2025-11-12
tsauceda@example.com,barrientosmariano@example.net,2022-05-11
tsauceda@example.com,augustoolivera@example.com,2024-02-05
tsauceda@example.com,avaloscecilia@example.net,2025-12-14
tsauceda@example.com,ymerino@example.org,2025-11-30
catalinapedroza@example.net,velezmarisela@example.net,2025-02-07
catalinapedroza@example.net,gabriel23@example.org,2025-01-04
catalinapedroza@example.net,esmeraldamatos@example.org,2024-04-17
catalinapedroza@example.net,hsanchez@example.net,2025-09-01
benavidezfelix@example.net,acervantez@example.org,2022-01-19
benavidezfelix@example.net,lilia42@example.net,2025-05-21
benavidezfelix@example.net,aolvera@example.net,2022-09-02
benavidezfelix@example.net,qbanuelos@example.net,2022-02-26
benavidezfelix@example.net,marcela08@example.net,2023-04-15
benavidezfelix@example.net,elisa75@example.com,2023-04-04
chavarriajuan@example.net,reina57@example.net,2021-07-31
chavarriajuan@example.net,anavarro@example.com,2023-10-11
chavarriajuan@example.net,de-la-cruzabigail@example.com,2023-05-12
chavarriajuan@example.net,gomezeugenio@example.net,2022-05-02
chavarriajuan@example.net,tcervantez@example.com,2025-12-12
chavarriajuan@example.net,lopezarcelia@example.net,2021-05-09
chavarriajuan@example.net,ioquendo@example.org,2024-11-29
klozano@example.net,camila94@example.net,2022-08-01
klozano@example.net,lozadaserafin@example.org,2025-09-12
klozano@example.net,anabel61@example.net,2021-12-28
klozano@example.net,luis97@example.net,2021-09-17
klozano@example.net,aguileraines@example.org,2024-06-11
zoe06@example.com,prubio@example.com,2022-08-19
zoe06@example.com,navarretemarco-antonio@example.com,2021-11-30
zoe06@example.com,menchacacarlota@example.com,2022-07-16
zoe06@example.com,alfredo45@example.net,2025-07-30
zoe06@example.com,nmagana@example.net,2024-09-11
magdalena94@example.com,indirasolorio@example.org,2024-12-01
magdalena94@example.com,xrivas@example.net,2025-03-28
magdalena94@example.com,felipede-la-torre@example.net,2024-04-21
magdalena94@example.com,angela28@example.com,2025-09-17
magdalena94@example.com,klozano@example.net,2021-05-02
magdalena94@example.com,javier66@example.com,2024-03-22
magdalena94@example.com,helena55@example.org,2021-05-13
omarroybal@example.com,jorgeespinoza@example.org,2024-11-03
omarroybal@example.com,tomasmarin@example.org,2021-09-24
omarroybal@example.com,olgaverduzco@example.net,2025-10-17
omarroybal@example.com,vanesaheredia@example.org,2024-10-31
omarroybal@example.com,ana-luisa90@example.net,2021-12-14
reina57@example.net,talejandro@example.net,2025-09-05
reina57@example.net,acervantez@example.org,2022-06-01
reina57@example.net,jeronimovelasquez@example.org,2026-03-18
vacaeric@example.org,jose-eduardoloera@example.net,2022-09-01
vacaeric@example.org,ricardo13@example.net,2021-12-22
vacaeric@example.org,lindacarrillo@example.org,2024-01-04
vacaeric@example.org,eva73@example.org,2024-07-12
yolivares@example.com,inesportillo@example.org,2026-02-10
yolivares@example.com,jmalave@example.org,2025-02-22
yolivares@example.com,xarguello@example.net,2025-11-29
yolivares@example.com,cgallardo@example.net,2022-06-30
conchitaledesma@example.com,corralesrocio@example.org,2022-04-26
conchitaledesma@example.com,navarretemarco-antonio@example.com,2023-10-21
moramiriam@example.com,merinoabelardo@example.net,2023-03-12
moramiriam@example.com,martha89@example.org,2025-10-20
moramiriam@example.com,solorzanosonia@example.net,2023-12-11
moramiriam@example.com,federico55@example.org,2022-07-04
moramiriam@example.com,mayte25@example.org,2024-03-05
moramiriam@example.com,mtapia@example.com,2021-06-28
moramiriam@example.com,clementearmas@example.net,2026-04-04
moramiriam@example.com,wpichardo@example.net,2024-05-04
armentaalejandro@example.org,mguardado@example.com,2023-02-14
armentaalejandro@example.org,zde-la-rosa@example.org,2024-08-12
armentaalejandro@example.org,ceciliabetancourt@example.com,2024-11-16
armentaalejandro@example.org,fidel98@example.net,2024-04-23
armentaalejandro@example.org,trinidad80@example.com,2025-05-13
armentaalejandro@example.org,linda53@example.org,2024-03-04
armentaalejandro@example.org,angelica70@example.org,2025-08-13
xllamas@example.org,abelmurillo@example.org,2021-06-02
xllamas@example.org,lopezarcelia@example.net,2025-03-27
xllamas@example.org,miguel-angel25@example.com,2024-05-21
xllamas@example.org,jose54@example.org,2025-09-20
hectorjimenez@example.net,hsanchez@example.net,2022-11-29
hectorjimenez@example.net,nfierro@example.org,2022-01-31
hectorjimenez@example.net,mnieves@example.net,2024-04-17
hectorjimenez@example.net,zamudiocristian@example.net,2024-07-12
hectorjimenez@example.net,sara45@example.net,2025-10-19
hectorjimenez@example.net,xcollazo@example.com,2021-09-25
slozano@example.org,uperalta@example.com,2023-11-06
slozano@example.org,elsa08@example.net,2024-04-01
aocampo@example.net,zamorafrancisco-javier@example.net,2026-02-27
aocampo@example.net,slozano@example.org,2024-09-22
aocampo@example.net,jose-eduardoloera@example.net,2022-01-11
aocampo@example.net,luis-manuelvillanueva@example.net,2025-12-18
aocampo@example.net,esquivelestela@example.org,2022-11-02
aocampo@example.net,marcela98@example.org,2023-07-16
aocampo@example.net,angelica15@example.org,2023-09-25
adela06@example.com,alejandra88@example.net,2021-07-13
adela06@example.com,jaimestimoteo@example.com,2024-10-05
adela06@example.com,caridad25@example.net,2025-03-26
adela06@example.com,araceli19@example.com,2022-08-08
adela06@example.com,ymerino@example.org,2026-04-10
adela06@example.com,felipede-la-torre@example.net,2023-04-09
adela06@example.com,zulloa@example.net,2023-03-30
adela06@example.com,angelica70@example.org,2023-07-08
aguileraines@example.org,smata@example.org,2021-11-06
aguileraines@example.org,fidellopez@example.org,2023-10-03
aguileraines@example.org,elenade-anda@example.org,2024-05-10
aguileraines@example.org,gramon@example.net,2023-03-18
aguileraines@example.org,florenciacuellar@example.org,2024-08-14
aguileraines@example.org,de-la-rosalorena@example.net,2022-11-29
aguileraines@example.org,peresguillermina@example.net,2024-08-19
anabel61@example.net,lopezarcelia@example.net,2025-12-28
anabel61@example.net,ybueno@example.com,2022-02-28
chaconcristal@example.org,jaimestimoteo@example.com,2021-09-27
chaconcristal@example.org,catalinapedroza@example.net,2024-04-24
chaconcristal@example.org,abelardoalcala@example.com,2022-11-29
chaconcristal@example.org,wendolin85@example.net,2025-12-22
chaconcristal@example.org,mvela@example.org,2024-03-18
chaconcristal@example.org,mnieves@example.net,2022-08-24
angelica15@example.org,berta19@example.net,2022-09-07
angelica15@example.org,yresendez@example.com,2025-10-25
angelica15@example.org,ymerino@example.org,2021-05-09
angelica15@example.org,mnieves@example.net,2024-05-20
rosario17@example.org,montanorocio@example.net,2023-03-25
rosario17@example.org,isabela95@example.org,2022-10-01
beatrizmontano@example.com,lovatogeorgina@example.org,2022-01-25
beatrizmontano@example.com,marisol57@example.com,2023-11-13
beatrizmontano@example.com,barriosberta@example.net,2021-05-11
beatrizmontano@example.com,ortaesther@example.org,2022-10-07
beatrizmontano@example.com,carla30@example.com,2021-05-21
florezpaola@example.net,zunigabenjamin@example.org,2021-12-29
florezpaola@example.net,vigilmaria-cristina@example.org,2024-06-04
enava@example.net,marcela98@example.org,2023-08-09
enava@example.net,laura68@example.com,2024-03-19
enava@example.net,arandacaridad@example.org,2022-07-29
enava@example.net,rubengarica@example.org,2022-03-27
enava@example.net,marinelena@example.com,2024-08-27
virginiatrejo@example.org,dolores19@example.net,2021-08-27
virginiatrejo@example.org,carla30@example.com,2025-02-22
virginiatrejo@example.org,reynaldo67@example.net,2025-03-18
virginiatrejo@example.org,marinelena@example.com,2025-12-04
virginiatrejo@example.org,ramiro25@example.org,2023-10-15
cortesclara@example.net,casasnayeli@example.org,2026-02-04
cortesclara@example.net,mariano28@example.com,2022-11-09
smata@example.org,luis97@example.net,2021-11-13
smata@example.org,florencia61@example.org,2023-10-27
smata@example.org,judith79@example.net,2022-09-07
smata@example.org,galvanjaqueline@example.net,2021-12-11
smata@example.org,tomasmarin@example.org,2024-09-29
smata@example.org,arandacaridad@example.org,2024-11-07
smata@example.org,nmagana@example.net,2025-04-13
smata@example.org,cecilia60@example.com,2025-08-29
wbarrera@example.com,adan34@example.com,2022-02-26
wbarrera@example.com,peraltacamila@example.com,2023-10-31
wbarrera@example.com,jaqueline93@example.org,2025-11-30
wbarrera@example.com,resendezarmando@example.net,2023-07-31
wbarrera@example.com,mvela@example.org,2023-06-09
wbarrera@example.com,angela28@example.com,2026-04-17
wbarrera@example.com,wendolin85@example.net,2022-01-31
vieralinda@example.org,trujillomaria-jose@example.org,2024-02-22
vieralinda@example.org,helena55@example.org,2023-02-22
vieralinda@example.org,bmaldonado@example.org,2021-10-30
vieralinda@example.org,conchitaledesma@example.com,2021-05-13
vieralinda@example.org,ernestogarica@example.net,2022-11-13
vieralinda@example.org,xcollazo@example.com,2021-12-24
amaliabenitez@example.com,caraballoesperanza@example.org,2021-11-09
amaliabenitez@example.com,isaacrico@example.com,2024-03-09
amaliabenitez@example.com,lebronlucia@example.org,2025-09-17
dianamelgar@example.net,carvajalarcelia@example.net,2022-01-03
dianamelgar@example.net,amadorreynoso@example.net,2024-06-08
dianamelgar@example.net,daliacervantez@example.org,2021-11-07
dianamelgar@example.net,bernardocuriel@example.org,2024-11-25
natalia78@example.net,rivasesparta@example.org,2023-07-14
natalia78@example.net,pereavictor@example.org,2025-09-27
natalia78@example.net,isabela95@example.org,2022-01-19
resendezarmando@example.net,dzayas@example.org,2024-02-22
resendezarmando@example.net,acervantez@example.org,2021-05-09
resendezarmando@example.net,de-la-rosalorena@example.net,2021-10-22
resendezarmando@example.net,aolvera@example.net,2022-08-04
resendezarmando@example.net,ramosespartaco@example.org,2024-06-22
resendezarmando@example.net,ymerino@example.org,2021-12-05
resendezarmando@example.net,yesparza@example.net,2021-09-29
bernabe17@example.org,alejandra88@example.net,2024-08-18
bernabe17@example.org,javier66@example.com,2022-06-09
bernabe17@example.org,mnieves@example.net,2025-06-25
bernabe17@example.org,yolandaarenas@example.net,2025-01-12
bernabe17@example.org,ksantacruz@example.com,2024-02-04
bernabe17@example.org,svalenzuela@example.org,2025-03-28
bernabe17@example.org,eduardo10@example.org,2021-08-26
bernabe17@example.org,aldoanaya@example.com,2025-11-28
juarezoliver@example.net,kponce@example.org,2022-01-07
juarezoliver@example.net,romerosergio@example.com,2025-04-02
lourdescastro@example.org,trinidad80@example.com,2022-08-29
lourdescastro@example.org,rperez@example.com,2021-06-09
lourdescastro@example.org,anaranjo@example.net,2025-02-04
lourdescastro@example.org,jose-eduardoloera@example.net,2023-10-04
lourdescastro@example.org,leonardo55@example.net,2026-01-07
hsanchez@example.net,kroldan@example.org,2022-06-18
hsanchez@example.net,mariolimon@example.net,2022-09-07
hsanchez@example.net,ksantacruz@example.com,2022-07-28
hsanchez@example.net,olivoserafin@example.com,2021-09-19
hsanchez@example.net,marisol66@example.com,2022-04-24
hsanchez@example.net,angelica70@example.org,2023-09-04
hsanchez@example.net,lucia23@example.net,2025-12-31
laraflavio@example.net,acervantez@example.org,2024-09-03
laraflavio@example.net,angelica70@example.org,2024-11-27
laraflavio@example.net,araceli85@example.com,2023-11-09
laraflavio@example.net,florezpaola@example.net,2021-11-21
laraflavio@example.net,benavidespablo@example.org,2025-11-16
laraflavio@example.net,mcarvajal@example.net,2022-10-21
laraflavio@example.net,celianavarro@example.org,2023-06-29
laraflavio@example.net,yresendez@example.com,2021-09-07
vlugo@example.org,catalinapedroza@example.net,2021-12-08
vlugo@example.org,yuridiavillagomez@example.com,2021-11-18
vlugo@example.org,luis97@example.net,2023-08-31
vlugo@example.org,uperalta@example.com,2022-08-18
vlugo@example.org,rosario17@example.org,2025-06-22
vlugo@example.org,cesar71@example.com,2024-04-12
vlugo@example.org,alvarobeltran@example.com,2021-12-07
vlugo@example.org,carrascodiana@example.org,2024-04-25
eugenioleiva@example.org,elisa75@example.com,2021-05-27
eugenioleiva@example.org,benavidespablo@example.org,2025-09-04
eugenioleiva@example.org,ramosespartaco@example.org,2024-01-31
eugenioleiva@example.org,ramirosalcido@example.net,2025-12-04
eugenioleiva@example.org,geronimosuarez@example.org,2021-11-13
eugenioleiva@example.org,victorcardenas@example.org,2023-07-16
lbernal@example.com,carvajalarcelia@example.net,2025-08-28
lbernal@example.com,gavalos@example.org,2024-05-14
lbernal@example.com,eloisa49@example.com,2023-02-25
lbernal@example.com,araceliespinoza@example.com,2024-04-18
lbernal@example.com,abelardoalcala@example.com,2023-12-11
lbernal@example.com,moramiriam@example.com,2023-06-21
icisneros@example.net,yolivares@example.com,2022-12-18
icisneros@example.net,alejandra88@example.net,2025-02-16
icisneros@example.net,abelmurillo@example.org,2023-08-15
icisneros@example.net,raquelsisneros@example.net,2023-11-25
icisneros@example.net,qsisneros@example.net,2022-08-18
icisneros@example.net,mauriciopaez@example.com,2023-06-03
icisneros@example.net,miramontescelia@example.org,2024-12-27
icisneros@example.net,wbarrera@example.com,2025-03-19
maria-eugeniasepulveda@example.net,fcampos@example.org,2025-07-29
maria-eugeniasepulveda@example.net,maria-elenarodriguez@example.net,2024-04-19
maria-eugeniasepulveda@example.net,ybueno@example.com,2021-10-09
maria-eugeniasepulveda@example.net,jaimestimoteo@example.com,2022-10-06
maria-eugeniasepulveda@example.net,tcarvajal@example.org,2024-04-16
maria-eugeniasepulveda@example.net,omarroybal@example.com,2022-06-18
maria-eugeniasepulveda@example.net,cresposoledad@example.org,2023-11-27
maria-eugeniasepulveda@example.net,icisneros@example.net,2021-09-22
ceciliabetancourt@example.com,gomezeugenio@example.net,2024-08-07
ceciliabetancourt@example.com,furena@example.com,2023-02-18
ceciliabetancourt@example.com,delia49@example.net,2022-01-21
ceciliabetancourt@example.com,amaliabenitez@example.com,2023-06-18
ceciliabetancourt@example.com,alonsodaniela@example.com,2024-09-25
ceciliabetancourt@example.com,antonio55@example.net,2025-01-30
ceciliabetancourt@example.com,victoriavillalobos@example.org,2024-11-22
ceciliabetancourt@example.com,arandacaridad@example.org,2022-05-01
clementearmas@example.net,victorcardenas@example.org,2025-05-12
clementearmas@example.net,roldanadan@example.net,2023-07-03
clementearmas@example.net,israelmerino@example.net,2026-02-25
clementearmas@example.net,rociobotello@example.org,2026-03-09
angela97@example.com,omaralfaro@example.com,2022-06-17
angela97@example.com,gramon@example.net,2025-10-14
angela97@example.com,jose-eduardocovarrubias@example.org,2024-05-17
marcela08@example.net,sofiadelgadillo@example.net,2021-04-24
marcela08@example.net,lopezarcelia@example.net,2023-10-28
marcela08@example.net,laura68@example.com,2025-11-12
marcela08@example.net,alicia83@example.com,2022-01-21
marcela08@example.net,sduran@example.com,2025-05-15
marcela08@example.net,baezahilda@example.org,2025-03-26
serafinrodarte@example.com,isabel94@example.net,2022-07-10
serafinrodarte@example.com,eugenio67@example.net,2022-07-21
isabel94@example.net,silvia68@example.com,2025-02-02
isabel94@example.net,jassomarco-antonio@example.net,2021-04-29
isabel94@example.net,mvela@example.org,2023-01-20
isabel94@example.net,velezmarisela@example.net,2023-11-25
isabel94@example.net,felixbueno@example.com,2023-04-07
ilseanguiano@example.com,alejandro27@example.com,2025-07-20
ilseanguiano@example.com,ulibarrijose-carlos@example.com,2022-09-11
lsalas@example.com,padillaoswaldo@example.org,2023-09-11
lsalas@example.com,maria-jose83@example.net,2025-12-09
lsalas@example.com,elsa08@example.net,2021-09-17
carriongraciela@example.net,yuridiavillagomez@example.com,2024-07-28
carriongraciela@example.net,galvanjaqueline@example.net,2023-03-04
carriongraciela@example.net,isaac69@example.net,2021-12-20
carriongraciela@example.net,lozadaserafin@example.org,2025-06-15
elisahinojosa@example.org,adan34@example.com,2022-01-15
elisahinojosa@example.org,prubio@example.com,2023-04-12
elisahinojosa@example.org,angela91@example.net,2025-01-23
pescobar@example.org,maria-luisa51@example.org,2024-03-25
pescobar@example.org,maria-eugeniasepulveda@example.net,2024-12-16
pescobar@example.org,uherrera@example.net,2023-08-02
pescobar@example.org,carvajalarcelia@example.net,2025-03-01
jeronimomontoya@example.org,sandra88@example.com,2026-01-21
jeronimomontoya@example.org,elisa75@example.com,2021-11-15
jeronimomontoya@example.org,ceciliabetancourt@example.com,2022-02-14
jeronimomontoya@example.org,esquivelestela@example.org,2025-07-25
jeronimomontoya@example.org,reynaldo67@example.net,2021-06-30
jeronimomontoya@example.org,baezahilda@example.org,2025-04-21
jeronimomontoya@example.org,angela91@example.net,2021-09-06
jeronimomontoya@example.org,urocha@example.net,2024-06-27
razocarlota@example.net,covarrubiasrafael@example.org,2025-10-26
razocarlota@example.net,resendezarmando@example.net,2024-09-02
razocarlota@example.net,aolvera@example.net,2026-02-25
razocarlota@example.net,miramontescelia@example.org,2023-02-07
razocarlota@example.net,cynthiahidalgo@example.net,2024-09-04
razocarlota@example.net,esquivelestela@example.org,2025-06-02
razocarlota@example.net,israelvalles@example.net,2021-12-25
cgallardo@example.net,bermudezeloisa@example.com,2022-12-18
cgallardo@example.net,cuellarana-luisa@example.net,2023-10-09
cgallardo@example.net,antoniachavarria@example.net,2024-08-15
cgallardo@example.net,iherrera@example.com,2024-02-20
cgallardo@example.net,zamudiocristian@example.net,2023-11-15
cgallardo@example.net,bmaldonado@example.org,2023-01-08
cgallardo@example.net,mateocaridad@example.org,2026-02-19
leonardo55@example.net,mtapia@example.com,2024-11-17
leonardo55@example.net,carvajalarcelia@example.net,2022-10-18
leonardo55@example.net,antoniachavarria@example.net,2025-09-07
leonardo55@example.net,serafinrodarte@example.com,2025-12-17
leonardo55@example.net,ialfaro@example.net,2025-07-01
qsisneros@example.net,celianavarro@example.org,2023-02-16
qsisneros@example.net,rosalialimon@example.net,2022-07-13
qsisneros@example.net,rociobotello@example.org,2022-06-11
qsisneros@example.net,florenciacuellar@example.org,2024-01-09
qsisneros@example.net,sandra88@example.com,2022-06-06
qsisneros@example.net,elena87@example.org,2021-05-29
horacioorozco@example.org,montanorocio@example.net,2024-04-19
horacioorozco@example.org,svalenzuela@example.org,2026-03-04
horacioorozco@example.org,trinidad80@example.com,2024-08-08
yresendez@example.com,jose-eduardoloera@example.net,2024-04-18
yresendez@example.com,romerogilberto@example.org,2024-01-23
yresendez@example.com,miriamverduzco@example.net,2021-10-01
yresendez@example.com,carrascodiana@example.org,2022-11-17
yresendez@example.com,gonzaloabrego@example.org,2023-07-20
quirozemilio@example.org,laraflavio@example.net,2022-05-03
quirozemilio@example.org,ramirosalcido@example.net,2023-01-06
quirozemilio@example.org,nayeliroldan@example.com,2024-11-17
quirozemilio@example.org,montoyajulio@example.com,2023-05-13
quirozemilio@example.org,hildaguillen@example.org,2025-09-21
quirozemilio@example.org,natalia00@example.net,2023-11-29
quirozemilio@example.org,saenzelisa@example.org,2025-05-16
berta19@example.net,cgallardo@example.net,2024-07-22
berta19@example.net,valentinpamela@example.net,2022-02-10
berta19@example.net,lourdescastro@example.org,2022-03-31
berta19@example.net,klozano@example.net,2026-01-28
berta19@example.net,josefinaroldan@example.com,2022-09-08
berta19@example.net,claudioescalante@example.org,2026-01-03
berta19@example.net,florencia61@example.org,2024-10-31
berta19@example.net,xarguello@example.net,2023-11-19
iaguilera@example.org,cecilia60@example.com,2025-04-16
iaguilera@example.org,menchacacarlota@example.com,2025-02-25
iaguilera@example.org,corralesrocio@example.org,2025-11-01
clara28@example.net,lovatogeorgina@example.org,2025-09-13
clara28@example.net,karinaraya@example.com,2025-05-15
fcampos@example.org,cecilia60@example.com,2025-06-28
fcampos@example.org,amaliabenitez@example.com,2024-04-25
fcampos@example.org,elenade-anda@example.org,2023-07-27
zeferino89@example.org,felixbueno@example.com,2026-02-25
zeferino89@example.org,amaliabenitez@example.com,2022-11-27
zeferino89@example.org,elisahinojosa@example.org,2025-09-21
zeferino89@example.org,montoyajulio@example.com,2022-09-23
zeferino89@example.org,vieralinda@example.org,2025-10-12
carla30@example.com,esparzajaime@example.net,2023-01-27
carla30@example.com,trujillotomas@example.com,2023-06-06
carla30@example.com,marisol66@example.com,2025-06-05
carla30@example.com,karinaraya@example.com,2021-08-08
carla30@example.com,rosario17@example.org,2023-12-21
carla30@example.com,juan-carlos01@example.net,2025-03-04
carla30@example.com,araceli19@example.com,2023-01-26
carla30@example.com,lorenavergara@example.com,2021-09-25
martha89@example.org,arturo61@example.org,2023-01-08
martha89@example.org,jose54@example.org,2022-06-21
martha89@example.org,arevalovirginia@example.com,2022-12-04
vguillen@example.net,laura55@example.net,2024-02-11
vguillen@example.net,cresposoledad@example.org,2021-07-05
vguillen@example.net,virginiatrejo@example.org,2023-02-07
julia65@example.org,elisahinojosa@example.org,2026-03-07
julia65@example.org,armandodelgadillo@example.com,2024-01-06
julia65@example.org,gomezeugenio@example.net,2023-05-07
julia65@example.org,bernardocuriel@example.org,2025-02-27
julia65@example.org,rosalialimon@example.net,2024-03-20
julia65@example.org,jose54@example.org,2023-09-20
julia65@example.org,marcelacoronado@example.net,2025-10-25
angela91@example.net,ybueno@example.com,2021-12-29
angela91@example.net,elena87@example.org,2024-11-23
yarevalo@example.net,iaguilera@example.org,2024-01-03
yarevalo@example.net,caraballoesperanza@example.org,2024-03-29
yarevalo@example.net,casasnayeli@example.org,2023-08-17
yarevalo@example.net,elsa08@example.net,2022-10-29
yarevalo@example.net,maresmaria-luisa@example.net,2023-10-04
orellanaandrea@example.com,guillermo66@example.com,2025-01-18
orellanaandrea@example.com,jorge49@example.com,2022-09-12
orellanaandrea@example.com,chaconcristal@example.org,2022-09-22
marcelacoronado@example.net,rodriquezmartha@example.com,2025-10-27
marcelacoronado@example.net,fidel98@example.net,2025-02-28
marcelacoronado@example.net,de-la-cruzabigail@example.com,2021-12-21
marcelacoronado@example.net,cesar71@example.com,2023-05-15
marcelacoronado@example.net,ulloagonzalo@example.net,2024-11-11
romerosergio@example.com,zde-la-rosa@example.org,2022-03-21
romerosergio@example.com,sara45@example.net,2022-11-12
nchavarria@example.net,tcervantez@example.com,2023-04-19
nchavarria@example.net,guillermo66@example.com,2023-03-19
nchavarria@example.net,cortesclara@example.net,2022-02-27
nchavarria@example.net,palaciospatricia@example.net,2022-08-22
elisa75@example.com,galvanjaqueline@example.net,2023-09-07
elisa75@example.com,rosario17@example.org,2021-09-15
elisa75@example.com,bermudezeloisa@example.com,2022-11-27
elisa75@example.com,xllamas@example.org,2021-04-23
elisa75@example.com,kroldan@example.org,2024-10-25
elisa75@example.com,lorenavergara@example.com,2025-08-31
angelica70@example.org,samador@example.net,2022-09-15
angelica70@example.org,reinagarrido@example.net,2023-09-10
angelica70@example.org,renato41@example.net,2024-12-15
angelica70@example.org,alonsodaniela@example.com,2023-09-20
angelica70@example.org,rosario17@example.org,2023-01-26
angelica70@example.org,jeronimovelasquez@example.org,2022-12-16
angelica70@example.org,armandodelgadillo@example.com,2023-11-27
angelica70@example.org,xnegrete@example.net,2024-02-16
diazisrael@example.com,jaqueline93@example.org,2024-02-15
diazisrael@example.com,hsanchez@example.net,2023-11-23
diazisrael@example.com,gescamilla@example.org,2023-12-26
diazisrael@example.com,rosario17@example.org,2026-03-08
qbanuelos@example.net,linda53@example.org,2022-07-01
qbanuelos@example.net,marianaarteaga@example.net,2023-01-18
qbanuelos@example.net,montoyajulio@example.com,2022-09-27
qbanuelos@example.net,gomezeugenio@example.net,2023-03-20
qbanuelos@example.net,elisa75@example.com,2024-07-31
qbanuelos@example.net,dalia99@example.com,2021-06-28
qbanuelos@example.net,felixbueno@example.com,2022-04-13
maria-jose83@example.net,lozadaserafin@example.org,2022-01-24
maria-jose83@example.net,tomasmeza@example.com,2026-03-28
maria-jose83@example.net,molinarolando@example.com,2025-10-11
maria-jose83@example.net,luis-miguel31@example.org,2025-07-07
maria-jose83@example.net,alejandra88@example.net,2025-10-25
maria-jose83@example.net,lcamacho@example.net,2026-04-05
maria-jose83@example.net,carla30@example.com,2024-03-26
maria-jose83@example.net,japodaca@example.net,2025-11-26
lopezarcelia@example.net,mauriciopaez@example.com,2025-10-03
lopezarcelia@example.net,elvira75@example.com,2025-02-05
lopezarcelia@example.net,gescamilla@example.org,2022-07-07
lopezarcelia@example.net,carrerozeferino@example.org,2021-08-25
lopezarcelia@example.net,uortega@example.org,2026-02-23
lopezarcelia@example.net,carbajaleva@example.org,2023-09-17
lopezarcelia@example.net,nsolis@example.net,2023-09-07
mcarvajal@example.net,uherrera@example.net,2025-02-08
mcarvajal@example.net,mauricio66@example.com,2022-08-21
mcarvajal@example.net,lebronlucia@example.org,2025-02-12
mcarvajal@example.net,hectorjimenez@example.net,2023-10-28
mcarvajal@example.net,fmadrigal@example.org,2025-06-08
mcarvajal@example.net,abril23@example.net,2024-11-14
tomasmeza@example.com,wmora@example.net,2022-09-17
tomasmeza@example.com,israelvalles@example.net,2025-04-27
reina34@example.org,de-andaandrea@example.net,2024-05-12
reina34@example.org,ana-luisa90@example.net,2024-05-30
reina34@example.org,franciscocordero@example.org,2025-06-11
reina34@example.org,de-la-cruzabigail@example.com,2023-12-30
pereavictor@example.org,caridadcampos@example.net,2024-09-19
pereavictor@example.org,monicadel-valle@example.com,2021-05-20
pereavictor@example.org,olveraandres@example.com,2023-12-24
pereavictor@example.org,jmalave@example.org,2025-01-07
pereavictor@example.org,ernestogarica@example.net,2025-10-30
pereavictor@example.org,angelica70@example.org,2026-02-27
pereavictor@example.org,angela97@example.com,2022-01-05
pereavictor@example.org,segoviaarcelia@example.net,2024-02-23
antonio55@example.net,miguel-angel25@example.com,2022-10-28
antonio55@example.net,sara45@example.net,2024-04-09
antonio55@example.net,isabela95@example.org,2025-11-25
antonio55@example.net,angela28@example.com,2021-06-26
mtapia@example.com,regaladoenrique@example.net,2025-08-08
mtapia@example.com,sessasegura@example.org,2024-01-04
parraomar@example.com,cynthiahidalgo@example.net,2024-08-25
parraomar@example.com,elisahinojosa@example.org,2021-10-09
renato65@example.org,leonardo55@example.net,2023-05-31
renato65@example.org,evazquez@example.net,2023-10-10
renato65@example.org,linda53@example.org,2024-12-06
renato65@example.org,velizemilia@example.com,2023-06-13
renato65@example.org,sde-la-torre@example.org,2023-11-12
renato65@example.org,fidel98@example.net,2022-03-27
luis-miguel31@example.org,mauricio66@example.com,2025-04-05
luis-miguel31@example.org,arevalovirginia@example.com,2024-04-13
luis-miguel31@example.org,regaladoenrique@example.net,2022-02-15
luis-miguel31@example.org,eduardo10@example.org,2021-11-08
rpuente@example.org,natalia00@example.net,2024-12-23
rpuente@example.org,anabel61@example.net,2022-02-26
rpuente@example.org,ctorres@example.org,2023-09-04
velezjose-manuel@example.com,mario54@example.com,2025-12-09
velezjose-manuel@example.com,eva73@example.org,2023-01-01
velezjose-manuel@example.com,menchacacarlota@example.com,2025-06-16
velezjose-manuel@example.com,ctorres@example.org,2021-06-09
velezjose-manuel@example.com,luiscamarillo@example.com,2023-08-23
dolores19@example.net,galvanjaqueline@example.net,2025-05-09
dolores19@example.net,pradocesar@example.org,2022-08-07
dolores19@example.net,armandodelgadillo@example.com,2023-05-27
aprado@example.net,natalia78@example.net,2023-02-08
aprado@example.net,de-andaandrea@example.net,2022-04-03
aprado@example.net,kcavazos@example.com,2023-09-27
delia61@example.org,gavalos@example.org,2022-02-17
delia61@example.org,berta19@example.net,2023-04-09
delia61@example.org,gerardode-la-garza@example.com,2025-05-18
delia61@example.org,ceciliabetancourt@example.com,2025-05-21
delia61@example.org,claudioescalante@example.org,2024-12-21
delia61@example.org,romerogilberto@example.org,2024-03-28
nuneznatalia@example.com,amadorreynoso@example.net,2023-10-26
nuneznatalia@example.com,saldananayeli@example.net,2023-04-04
nuneznatalia@example.com,cesar71@example.com,2026-02-20
kroldan@example.org,catalinapedroza@example.net,2021-12-14
kroldan@example.org,bermudezeloisa@example.com,2024-10-18
kroldan@example.org,furena@example.com,2023-04-10
kroldan@example.org,maximiliano19@example.net,2021-08-11
ana-maria88@example.org,diazisrael@example.com,2024-08-24
ana-maria88@example.org,alonso04@example.org,2025-01-07
ana-maria88@example.org,maria-elenavillanueva@example.com,2021-09-04
ana-maria88@example.org,vacaeric@example.org,2023-02-25
marinelena@example.com,aolvera@example.net,2024-11-15
marinelena@example.com,matiaszacarias@example.net,2022-04-08
marinelena@example.com,maresmaria-luisa@example.net,2024-10-02
marinelena@example.com,zaragozasandra@example.com,2024-11-01
wpichardo@example.net,natalia78@example.net,2021-07-22
wpichardo@example.net,luis-manuelvillanueva@example.net,2025-09-21
wpichardo@example.net,alvarobeltran@example.com,2025-05-15
ramosespartaco@example.org,penadavid@example.com,2024-11-10
ramosespartaco@example.org,marcelacoronado@example.net,2021-11-24
acarmona@example.com,ulloagonzalo@example.net,2022-09-30
acarmona@example.com,zamorafrancisco-javier@example.net,2024-07-18
acarmona@example.com,furena@example.com,2023-04-04
acarmona@example.com,hernanlemus@example.org,2022-01-23
acarmona@example.com,isabel94@example.net,2022-12-27
eduardo10@example.org,barrientosmariano@example.net,2025-07-14
eduardo10@example.org,britojaqueline@example.net,2024-01-25
eduardo10@example.org,jeronimojaquez@example.com,2023-10-08
eduardo10@example.org,fmateo@example.org,2024-12-17
eduardo10@example.org,xgalindo@example.net,2023-01-08
eduardo10@example.org,smata@example.org,2026-02-28
eduardo10@example.org,luiscamarillo@example.com,2022-03-14
carbajaleva@example.org,madridcarlota@example.org,2024-12-28
carbajaleva@example.org,ortaesther@example.org,2024-03-18
carbajaleva@example.org,sessasegura@example.org,2025-02-21
carbajaleva@example.org,velizemilia@example.com,2022-05-22
carbajaleva@example.org,vgallardo@example.org,2025-08-24
carbajaleva@example.org,segoviaarcelia@example.net,2025-06-29
carbajaleva@example.org,antonia44@example.com,2025-11-21
antoniachavarria@example.net,vigilmaria-cristina@example.org,2021-09-28
antoniachavarria@example.net,ernestogarica@example.net,2026-03-14
antoniachavarria@example.net,uherrera@example.net,2022-03-16
trujillotomas@example.com,caridad25@example.net,2023-05-31
trujillotomas@example.com,rociobotello@example.org,2022-06-01
trujillotomas@example.com,cgamboa@example.com,2021-09-30
trujillotomas@example.com,maximiliano19@example.net,2023-03-04
trujillotomas@example.com,carrerozeferino@example.org,2022-04-20
trujillotomas@example.com,baezahilda@example.org,2024-02-01
israelmerino@example.net,casanovamercedes@example.net,2024-08-15
israelmerino@example.net,esparzajaime@example.net,2022-10-22
israelmerino@example.net,leticiaespino@example.net,2025-12-19
israelmerino@example.net,olgaverduzco@example.net,2025-06-30
israelmerino@example.net,susana67@example.com,2021-12-02
israelmerino@example.net,micaela25@example.net,2023-06-10
esquivelestela@example.org,maria-jose83@example.net,2025-06-20
esquivelestela@example.org,padillaoswaldo@example.org,2023-01-26
esquivelestela@example.org,calderonrosa@example.net,2025-04-23
esquivelestela@example.org,indirasolorio@example.org,2025-04-27
esquivelestela@example.org,jacintozavala@example.net,2024-12-07
velezmarisela@example.net,pornelas@example.com,2025-12-01
velezmarisela@example.net,yresendez@example.com,2025-09-18
pedrovazquez@example.net,lucasabrego@example.com,2024-07-01
pedrovazquez@example.net,marcela98@example.org,2023-05-30
pedrovazquez@example.net,ernestogarica@example.net,2021-08-19
pedrovazquez@example.net,barelatrinidad@example.net,2025-09-27
pedrovazquez@example.net,bernardocuriel@example.org,2022-02-17
pedrovazquez@example.net,felixbueno@example.com,2025-03-03
pedrovazquez@example.net,nfierro@example.org,2021-11-20
pedrovazquez@example.net,isabela95@example.org,2024-11-25
maria-elenarodriguez@example.net,elvirajiminez@example.net,2022-11-29
maria-elenarodriguez@example.net,xcollazo@example.com,2021-10-26
maria-elenarodriguez@example.net,yverdugo@example.com,2024-11-14
antonia44@example.com,galvanjaqueline@example.net,2026-03-28
antonia44@example.com,segoviaarcelia@example.net,2023-11-05
antonia44@example.com,martha89@example.org,2022-12-09
antonia44@example.com,yresendez@example.com,2026-01-23
zalvarez@example.net,inesportillo@example.org,2024-02-07
zalvarez@example.net,mauricio66@example.com,2022-05-15
zalvarez@example.net,ramirosalcido@example.net,2024-06-21
zalvarez@example.net,citlali92@example.com,2024-01-13
uperalta@example.com,linda53@example.org,2025-02-06
uperalta@example.com,elena87@example.org,2026-02-10
uperalta@example.com,lucia23@example.net,2021-12-16
uperalta@example.com,helena55@example.org,2022-06-12
uperalta@example.com,serafinrodarte@example.com,2021-08-29
uperalta@example.com,kroldan@example.org,2026-01-03
elvirajiminez@example.net,montoyacaridad@example.net,2022-09-01
elvirajiminez@example.net,abelardoalcala@example.com,2022-07-04
elvirajiminez@example.net,zalvarez@example.net,2021-09-02
arturo61@example.org,montoyajulio@example.com,2024-05-31
arturo61@example.org,leticiaespino@example.net,2021-09-23
arturo61@example.org,de-andaandrea@example.net,2023-06-09
arturo61@example.org,sde-la-torre@example.org,2021-07-01
arturo61@example.org,veronica87@example.com,2024-12-22
arturo61@example.org,marcela98@example.org,2024-04-05
arturo61@example.org,moramiriam@example.com,2024-01-03
arturo61@example.org,arevalovirginia@example.com,2022-10-25
miramontescelia@example.org,diazisrael@example.com,2023-01-08
miramontescelia@example.org,eloisa59@example.com,2024-08-20
jacintozavala@example.net,fidel98@example.net,2025-04-15
jacintozavala@example.net,alonsodaniela@example.com,2024-09-14
jacintozavala@example.net,augustoolivera@example.com,2025-04-06
avileselvira@example.net,noemicanales@example.org,2025-01-15
avileselvira@example.net,jorgeespinoza@example.org,2022-10-22
avileselvira@example.net,vguillen@example.net,2023-12-12
avileselvira@example.net,utrujillo@example.com,2025-09-17
caridad25@example.net,antoniachavarria@example.net,2023-03-28
caridad25@example.net,mvela@example.org,2024-02-19
caridad25@example.net,carvajalarcelia@example.net,2024-10-23
caridad25@example.net,modesto72@example.org,2025-11-09
caridad25@example.net,lopezarcelia@example.net,2023-07-10
caridad25@example.net,jose54@example.org,2025-09-09
josefinaroldan@example.com,msauceda@example.net,2025-08-15
josefinaroldan@example.com,tomasmarin@example.org,2025-12-12
josefinaroldan@example.com,benavidespablo@example.org,2023-09-30
josefinaroldan@example.com,alvarobeltran@example.com,2022-07-29
japodaca@example.net,ctorres@example.org,2023-11-25
japodaca@example.net,esparzajaime@example.net,2022-07-27
japodaca@example.net,eloisa49@example.com,2023-09-18
japodaca@example.net,carbajaleva@example.org,2023-12-21
japodaca@example.net,nadia94@example.net,2024-11-15
japodaca@example.net,lourdescastro@example.org,2023-01-07
japodaca@example.net,lucasabrego@example.com,2026-01-25
japodaca@example.net,antonia44@example.com,2021-08-27
hildaguillen@example.org,velezjose-manuel@example.com,2023-04-22
hildaguillen@example.org,zoe26@example.org,2022-04-24
hildaguillen@example.org,regaladoenrique@example.net,2023-12-03
hildaguillen@example.org,susana67@example.com,2024-06-14
hildaguillen@example.org,federico55@example.org,2025-02-14
hildaguillen@example.org,velezmarisela@example.net,2022-02-09
hildaguillen@example.org,zeferino45@example.com,2021-08-25
hildaguillen@example.org,aolvera@example.net,2023-09-21
marianaarteaga@example.net,dianamelgar@example.net,2023-11-16
marianaarteaga@example.net,luciacarrera@example.net,2025-01-04
marianaarteaga@example.net,lebronlucia@example.org,2024-07-17
marianaarteaga@example.net,avaloscecilia@example.net,2021-10-28
marianaarteaga@example.net,eugenio67@example.net,2025-06-22
maria-luisaalba@example.com,vieralinda@example.org,2023-06-03
maria-luisaalba@example.com,acervantez@example.org,2022-10-23
maria-luisaalba@example.com,rperez@example.com,2026-02-17
maria-luisaalba@example.com,armentaalejandro@example.org,2025-02-06
maria-luisaalba@example.com,padillaoswaldo@example.org,2023-10-01
perlamarroquin@example.org,leonelzaragoza@example.net,2022-01-18
perlamarroquin@example.org,jacintozavala@example.net,2026-01-26
perlamarroquin@example.org,eloisa49@example.com,2026-01-26
perlamarroquin@example.org,smata@example.org,2023-03-14
perlamarroquin@example.org,angelica15@example.org,2026-03-16
perlamarroquin@example.org,calderonrosa@example.net,2021-11-24
hernanlemus@example.org,natalia00@example.net,2025-06-04
hernanlemus@example.org,regaladoenrique@example.net,2023-12-26
hernanlemus@example.org,judith79@example.net,2024-10-08
hernanlemus@example.org,romerosergio@example.com,2021-05-01
hernanlemus@example.org,eduardo10@example.org,2023-09-07
hernanlemus@example.org,bernardocuriel@example.org,2022-11-27
hernanlemus@example.org,acervantez@example.org,2025-08-04
hernanlemus@example.org,monicadel-valle@example.com,2025-09-05
nfierro@example.org,pvaca@example.net,2022-06-30
nfierro@example.org,nadia94@example.net,2022-08-15
nfierro@example.org,ramirosalcido@example.net,2024-01-09
nfierro@example.org,parraomar@example.com,2024-06-02
nfierro@example.org,bahenaclaudia@example.com,2021-07-22
hperea@example.org,montoyajulio@example.com,2024-07-23
hperea@example.org,vanesaheredia@example.org,2021-09-18
hperea@example.org,javier66@example.com,2022-01-19
hperea@example.org,moramiriam@example.com,2023-09-16
hperea@example.org,fidel98@example.net,2024-02-10
hperea@example.org,veronica87@example.com,2025-03-08
hperea@example.org,quirozemilio@example.org,2024-05-23
hperea@example.org,ulloagonzalo@example.net,2021-07-29
barelatrinidad@example.net,anabel61@example.net,2023-09-13
barelatrinidad@example.net,sandra88@example.com,2025-09-29
lucia23@example.net,jose-eduardoloera@example.net,2025-08-04
lucia23@example.net,irizarryesther@example.com,2025-03-05
lucia23@example.net,elisa75@example.com,2024-02-07
lucia23@example.net,jose54@example.org,2024-10-18
lucia23@example.net,rubengarica@example.org,2025-06-04
lucia23@example.net,ksantacruz@example.com,2026-04-10
lucia23@example.net,leticiaespino@example.net,2021-07-23
lucia23@example.net,leonelzaragoza@example.net,2023-08-08
araceli85@example.com,tcarvajal@example.org,2025-01-30
araceli85@example.com,angela91@example.net,2025-11-25
araceli85@example.com,eugenioleiva@example.org,2025-02-06
araceli85@example.com,marisol57@example.com,2021-06-03
yverdugo@example.com,miramontescelia@example.org,2021-06-23
yverdugo@example.com,monicadel-valle@example.com,2025-04-04
yverdugo@example.com,rolando79@example.net,2021-05-17
ioquendo@example.org,conchitaledesma@example.com,2024-12-24
ioquendo@example.org,vieralinda@example.org,2022-11-09
ioquendo@example.org,matiaszacarias@example.net,2025-08-27
ioquendo@example.org,mayte25@example.org,2024-06-24
ioquendo@example.org,galvezjose-eduardo@example.net,2023-01-09
ioquendo@example.org,tcervantez@example.com,2021-07-05
lcamacho@example.net,caraballoesperanza@example.org,2025-11-04
lcamacho@example.net,victoriavillalobos@example.org,2021-07-08
lcamacho@example.net,araceliespinoza@example.com,2022-09-17
abrahamnajera@example.com,lcamacho@example.net,2024-04-01
abrahamnajera@example.com,gutierrezcamila@example.com,2021-10-07
abrahamnajera@example.com,isaacrico@example.com,2023-08-27
abrahamnajera@example.com,caridadcampos@example.net,2021-10-10
fmateo@example.org,marisol29@example.com,2025-12-06
fmateo@example.org,leonardo55@example.net,2025-05-16
fmateo@example.org,de-la-cruzabigail@example.com,2022-04-09
fmateo@example.org,luis-manuelvillanueva@example.net,2021-04-25
fmateo@example.org,dianaestrada@example.org,2022-06-12
fmateo@example.org,ksantacruz@example.com,2025-05-13
abelmurillo@example.org,lorenavergara@example.com,2022-05-13
abelmurillo@example.org,ctorres@example.org,2025-01-22
abelmurillo@example.org,chavezteresa@example.net,2023-08-29
abelmurillo@example.org,elisa75@example.com,2024-04-25
samador@example.net,inesportillo@example.org,2022-02-22
samador@example.net,kroldan@example.org,2023-06-06
samador@example.net,elsa08@example.net,2022-07-02
samador@example.net,gavalos@example.org,2025-06-17
samador@example.net,tsauceda@example.com,2025-07-14
lindacarrillo@example.org,leticiaespino@example.net,2021-08-07
lindacarrillo@example.org,martha89@example.org,2024-05-05
lindacarrillo@example.org,smata@example.org,2025-05-05
lindacarrillo@example.org,segoviaarcelia@example.net,2021-08-12
lindacarrillo@example.org,nayeliroldan@example.com,2024-04-24
lindacarrillo@example.org,marisolmunoz@example.com,2025-07-20
lindacarrillo@example.org,jose54@example.org,2021-06-18
barriosberta@example.net,laraflavio@example.net,2025-03-23
barriosberta@example.net,wporras@example.org,2023-03-10
vanesaheredia@example.org,felipede-la-torre@example.net,2021-04-20
vanesaheredia@example.org,angela97@example.com,2023-04-21
vanesaheredia@example.org,davidbanuelos@example.org,2024-04-19
vanesaheredia@example.org,zamorafrancisco-javier@example.net,2024-08-18
leticiaespino@example.net,caridadcampos@example.net,2026-03-08
leticiaespino@example.net,jorge49@example.com,2024-02-07
leticiaespino@example.net,xarguello@example.net,2023-11-13
leticiaespino@example.net,silvia83@example.net,2022-06-13
leticiaespino@example.net,juarezoliver@example.net,2022-05-22
leticiaespino@example.net,maria-del-carmenulloa@example.net,2023-12-09
cuellarana-luisa@example.net,urocha@example.net,2022-11-15
cuellarana-luisa@example.net,velezmarisela@example.net,2022-01-04
cuellarana-luisa@example.net,iherrera@example.com,2021-11-20
cuellarana-luisa@example.net,delia61@example.org,2022-11-22
cuellarana-luisa@example.net,celianavarro@example.org,2023-10-06
cuellarana-luisa@example.net,lozadaserafin@example.org,2023-01-06
elena87@example.org,andreaalfaro@example.org,2023-01-28
elena87@example.org,karinaraya@example.com,2023-12-16
elena87@example.org,victoriavillalobos@example.org,2021-09-27
julio71@example.org,lozadaserafin@example.org,2025-02-10
julio71@example.org,uriasalfonso@example.org,2023-03-23
julio71@example.org,pedrovazquez@example.net,2023-12-21
julio71@example.org,reinagarrido@example.net,2022-09-16
julio71@example.org,felixbueno@example.com,2022-01-03
julio71@example.org,aestrada@example.net,2023-09-06
omaralfaro@example.com,eva73@example.org,2023-12-16
omaralfaro@example.com,helena55@example.org,2024-03-28
omaralfaro@example.com,wbarrera@example.com,2021-05-27
omaralfaro@example.com,maria-elenarodriguez@example.net,2021-05-06
omaralfaro@example.com,xgalindo@example.net,2025-02-27
omaralfaro@example.com,carriongraciela@example.net,2025-06-14
omaralfaro@example.com,juarezoliver@example.net,2025-09-15
fidellopez@example.org,florenciacuellar@example.org,2022-03-08
fidellopez@example.org,benavidespablo@example.org,2022-07-11
fidellopez@example.org,caridad25@example.net,2023-06-22
fidellopez@example.org,moralesesperanza@example.net,2023-01-15
fidellopez@example.org,maria-jose83@example.net,2021-08-19
delia49@example.net,caraballoesperanza@example.org,2025-05-09
delia49@example.net,marcela98@example.org,2022-07-06
delia49@example.net,maciasarmando@example.net,2025-03-08
delia49@example.net,rpuente@example.org,2023-01-28
dianaestrada@example.org,smata@example.org,2024-06-25
dianaestrada@example.org,maria-elenarodriguez@example.net,2022-12-18
dianaestrada@example.org,silvia68@example.com,2021-08-03
dianaestrada@example.org,jacintomontemayor@example.com,2021-06-29
dianaestrada@example.org,fcampos@example.org,2024-02-07
dianaestrada@example.org,romerogilberto@example.org,2025-06-08
dianaestrada@example.org,serafin35@example.net,2026-02-12
riverocecilia@example.org,andreaalfaro@example.org,2021-07-29
riverocecilia@example.org,mcarvajal@example.net,2025-03-27
riverocecilia@example.org,mendezcarolina@example.com,2022-10-05
raquelsisneros@example.net,marianovargas@example.org,2023-12-09
raquelsisneros@example.net,claudioescalante@example.org,2024-02-29
raquelsisneros@example.net,segoviaarcelia@example.net,2024-05-31
raquelsisneros@example.net,oscar96@example.org,2021-12-22
raquelsisneros@example.net,bahenaclaudia@example.com,2021-08-13
raquelsisneros@example.net,jaqueline93@example.org,2021-08-22
raquelsisneros@example.net,sofiadelgadillo@example.net,2022-08-01
raquelsisneros@example.net,aolvera@example.net,2023-12-26
sofiadelgadillo@example.net,ramiro25@example.org,2025-08-01
sofiadelgadillo@example.net,yolandaarenas@example.net,2021-07-26
sofiadelgadillo@example.net,espartacobriones@example.com,2026-02-17
sofiadelgadillo@example.net,alfredo45@example.net,2025-10-12
sofiadelgadillo@example.net,victorcardenas@example.org,2023-03-08
sofiadelgadillo@example.net,hsanchez@example.net,2024-10-18
araceli19@example.com,uherrera@example.net,2022-07-14
araceli19@example.com,indirasolorio@example.org,2026-01-27
urocha@example.net,caridadcampos@example.net,2024-12-22
urocha@example.net,qsisneros@example.net,2023-09-27
urocha@example.net,javier66@example.com,2021-07-20
urocha@example.net,laura68@example.com,2022-04-11
urocha@example.net,amador41@example.net,2024-08-20
urocha@example.net,wpichardo@example.net,2021-06-15
urocha@example.net,claudioescalante@example.org,2025-10-22
rolandoraya@example.net,orellanaandrea@example.com,2024-12-31
rolandoraya@example.net,helena55@example.org,2025-01-19
rolandoraya@example.net,miriamverduzco@example.net,2024-05-26
rolandoraya@example.net,vgallardo@example.org,2022-09-05
wmora@example.net,pradocesar@example.org,2024-07-02
wmora@example.net,ymerino@example.org,2025-05-14
iherrera@example.com,florenciacuellar@example.org,2025-11-06
iherrera@example.com,yverdugo@example.com,2024-07-31
ulibarrijose-carlos@example.com,yresendez@example.com,2022-12-13
ulibarrijose-carlos@example.com,gomezeugenio@example.net,2022-03-29
ulibarrijose-carlos@example.com,enrique70@example.net,2025-05-30
ulibarrijose-carlos@example.com,natalia78@example.net,2024-07-15
ulibarrijose-carlos@example.com,icisneros@example.net,2021-08-27
ulibarrijose-carlos@example.com,delia61@example.org,2021-12-01
ulibarrijose-carlos@example.com,caridad25@example.net,2024-05-13
ulibarrijose-carlos@example.com,velezmarisela@example.net,2022-07-15
de-andaandrea@example.net,evazquez@example.net,2024-09-25
de-andaandrea@example.net,anabel61@example.net,2025-01-26
de-andaandrea@example.net,xnegrete@example.net,2022-01-01
de-andaandrea@example.net,davidbanuelos@example.org,2023-01-05
de-andaandrea@example.net,juliaquintana@example.org,2025-01-19
elenade-anda@example.org,gdel-rio@example.org,2023-12-27
elenade-anda@example.org,laura55@example.net,2022-10-15
elenade-anda@example.org,mauriciopaez@example.com,2022-09-22
elenade-anda@example.org,jacintomontemayor@example.com,2022-01-28
elenade-anda@example.org,karinaraya@example.com,2021-07-21
araceliespinoza@example.com,gonzaloabrego@example.org,2024-03-22
araceliespinoza@example.com,wmora@example.net,2021-09-11
araceliespinoza@example.com,marcela08@example.net,2025-08-15
araceliespinoza@example.com,florezpaola@example.net,2023-07-04
araceliespinoza@example.com,caridad25@example.net,2024-11-25
araceliespinoza@example.com,britojaqueline@example.net,2026-02-20
araceliespinoza@example.com,pradocesar@example.org,2024-02-12
natalia00@example.net,jorge49@example.com,2025-09-12
natalia00@example.net,menchacacarlota@example.com,2024-11-11
natalia00@example.net,mauricio66@example.com,2025-06-22
sara45@example.net,julio71@example.org,2022-02-21
sara45@example.net,aolvera@example.net,2024-02-20
sara45@example.net,marisol57@example.com,2025-05-11
sara45@example.net,aestrada@example.net,2025-07-23
sara45@example.net,lsalas@example.com,2022-01-19
angela28@example.com,caraballoesperanza@example.org,2022-04-14
angela28@example.com,xnegrete@example.net,2024-07-10
angela28@example.com,gutierrezcamila@example.com,2022-09-15
angela28@example.com,barelatrinidad@example.net,2021-07-31
angela28@example.com,pizarrosoledad@example.org,2021-05-16
angela28@example.com,molinarolando@example.com,2023-05-23
uriasalfonso@example.org,yolandaarenas@example.net,2024-05-20
uriasalfonso@example.org,irizarryesther@example.com,2025-09-17
davidbanuelos@example.org,cecilia60@example.com,2021-05-05
davidbanuelos@example.org,alonsodaniela@example.com,2021-09-08
davidbanuelos@example.org,baezahilda@example.org,2024-02-29
davidbanuelos@example.org,zoe26@example.org,2023-10-23
davidbanuelos@example.org,diazisrael@example.com,2025-08-17
evazquez@example.net,andreaalfaro@example.org,2023-04-24
evazquez@example.net,saldananayeli@example.net,2024-09-20
evazquez@example.net,mtapia@example.com,2023-08-15
evazquez@example.net,marianovargas@example.org,2023-10-14
evazquez@example.net,mauricio66@example.com,2024-06-02
evazquez@example.net,quirozemilio@example.org,2026-03-05
zamudiocristian@example.net,kroldan@example.org,2022-12-26
zamudiocristian@example.net,tcervantez@example.com,2025-08-30
irizarryesther@example.com,elvirajiminez@example.net,2024-05-27
irizarryesther@example.com,gonzaloabrego@example.org,2025-03-30
irizarryesther@example.com,mateocaridad@example.org,2022-12-15
irizarryesther@example.com,marinelena@example.com,2024-04-09
irizarryesther@example.com,zde-la-rosa@example.org,2023-09-08
irizarryesther@example.com,martha89@example.org,2024-11-02
irizarryesther@example.com,ulloagonzalo@example.net,2025-06-10
palaciospatricia@example.net,baezahilda@example.org,2025-09-17
palaciospatricia@example.net,maria-elenavillanueva@example.com,2024-04-30
palaciospatricia@example.net,jacintomontemayor@example.com,2021-07-23
palaciospatricia@example.net,barriosberta@example.net,2021-10-20
palaciospatricia@example.net,caraballoesperanza@example.org,2024-05-31
palaciospatricia@example.net,angela97@example.com,2022-08-17
alonsoolivares@example.org,arevalovirginia@example.com,2023-01-10
alonsoolivares@example.org,nchavarria@example.net,2023-08-30
alonsoolivares@example.org,aolvera@example.net,2023-01-20
alonsoolivares@example.org,peresguillermina@example.net,2024-01-10
alonsoolivares@example.org,cresposoledad@example.org,2024-06-20
alonsoolivares@example.org,dolores19@example.net,2025-12-02
leonelzaragoza@example.net,zvalles@example.org,2025-08-17
leonelzaragoza@example.net,vgallardo@example.org,2022-08-26
leonelzaragoza@example.net,pradocesar@example.org,2021-09-06
leonelzaragoza@example.net,carrascodiana@example.org,2025-06-27
leonelzaragoza@example.net,silvia68@example.com,2024-02-22
leonelzaragoza@example.net,kcavazos@example.com,2022-01-09
leonelzaragoza@example.net,amadorreynoso@example.net,2023-05-25
leonelzaragoza@example.net,felipede-la-torre@example.net,2025-10-26
mateocaridad@example.org,esparzajaime@example.net,2022-09-10
mateocaridad@example.org,jeronimovelasquez@example.org,2025-04-09
mateocaridad@example.org,qbanuelos@example.net,2022-05-18
furena@example.com,trujillotomas@example.com,2023-03-29
furena@example.com,nmontemayor@example.org,2024-06-06
furena@example.com,arturo61@example.org,2026-01-02
furena@example.com,arevalovirginia@example.com,2025-01-31
furena@example.com,marianaquezada@example.net,2022-08-15
matiaszacarias@example.net,amador41@example.net,2023-08-06
matiaszacarias@example.net,talejandro@example.net,2024-04-28
montoyajulio@example.com,carrerozeferino@example.org,2021-10-30
montoyajulio@example.com,abril23@example.net,2025-01-18
rociobotello@example.org,badillopatricia@example.com,2021-11-22
rociobotello@example.org,citlalirobledo@example.net,2023-01-24
rociobotello@example.org,mauricio66@example.com,2025-07-26
rociobotello@example.org,zalvarez@example.net,2025-12-31
rociobotello@example.org,roldanadan@example.net,2025-07-18
rociobotello@example.org,vacaeric@example.org,2021-12-16
xgalindo@example.net,qbanuelos@example.net,2024-12-18
xgalindo@example.net,barrientosmariano@example.net,2022-12-10
xgalindo@example.net,yverdugo@example.com,2023-07-17
xgalindo@example.net,juarezoliver@example.net,2021-09-13
xgalindo@example.net,cecilia60@example.com,2023-05-23
xgalindo@example.net,kcavazos@example.com,2021-10-07
xgalindo@example.net,indirasolorio@example.org,2025-06-24
jose54@example.org,alejandrovaldez@example.org,2022-06-02
jose54@example.org,zvalles@example.org,2024-10-24
jose54@example.org,antoniachavarria@example.net,2025-05-16
jose54@example.org,qbanuelos@example.net,2022-09-08
jose54@example.org,josefinaroldan@example.com,2026-01-18
jose54@example.org,omaralfaro@example.com,2024-09-30
jose54@example.org,penadavid@example.com,2024-08-01
porellana@example.org,espartacobriones@example.com,2024-07-04
porellana@example.org,carbajaleva@example.org,2024-05-13
porellana@example.org,aprado@example.net,2023-07-25
porellana@example.org,rodriquezmartha@example.com,2021-11-20
porellana@example.org,gonzalezamalia@example.org,2023-11-28
porellana@example.org,andreaalfaro@example.org,2022-11-14
porellana@example.org,de-la-rosalorena@example.net,2023-03-11
porellana@example.org,moramiriam@example.com,2021-05-09
abelardoalcala@example.com,ialfaro@example.net,2025-09-12
abelardoalcala@example.com,federico55@example.org,2023-05-11
abelardoalcala@example.com,raquelsisneros@example.net,2024-08-28
abelardoalcala@example.com,elena87@example.org,2022-07-28
abelardoalcala@example.com,martha89@example.org,2026-03-09
abelardoalcala@example.com,zeferino89@example.org,2021-04-20
gavalos@example.org,elisahinojosa@example.org,2023-04-09
gavalos@example.org,zunigabenjamin@example.org,2024-01-07
gavalos@example.org,ualtamirano@example.com,2022-12-16
gavalos@example.org,lovatogeorgina@example.org,2023-10-20
tomasmarin@example.org,tapiaconcepcion@example.org,2021-11-05
tomasmarin@example.org,ybueno@example.com,2024-11-28
tomasmarin@example.org,aldoanaya@example.com,2023-07-21
inesportillo@example.org,maria-luisaalba@example.com,2026-03-29
inesportillo@example.org,xcollazo@example.com,2025-07-23
inesportillo@example.org,anabel61@example.net,2024-01-17
monicadel-valle@example.com,cortesclara@example.net,2023-12-05
monicadel-valle@example.com,jmalave@example.org,2023-12-10
monicadel-valle@example.com,moralesesperanza@example.net,2024-09-04
laura55@example.net,badillopatricia@example.com,2023-05-03
laura55@example.net,caraballoesperanza@example.org,2021-05-12
rodriquezmartha@example.com,parraomar@example.com,2023-11-17
rodriquezmartha@example.com,marcela08@example.net,2021-10-27
rodriquezmartha@example.com,jeronimomontoya@example.org,2021-05-01
zvalles@example.org,leonardo55@example.net,2023-07-03
zvalles@example.org,talejandro@example.net,2024-12-19
zvalles@example.org,menchacacarlota@example.com,2022-07-28
zvalles@example.org,velezjose-manuel@example.com,2023-06-26
zvalles@example.org,xnegrete@example.net,2022-05-06
cynthiahidalgo@example.net,guadalupe79@example.org,2024-04-08
cynthiahidalgo@example.net,sde-la-torre@example.org,2022-04-21
cynthiahidalgo@example.net,maria-luisaalba@example.com,2024-07-03
cynthiahidalgo@example.net,qbanuelos@example.net,2022-10-05
cynthiahidalgo@example.net,ramiro25@example.org,2024-06-27
cynthiahidalgo@example.net,renato65@example.org,2024-09-21
cynthiahidalgo@example.net,amador41@example.net,2022-11-18
marisela97@example.net,merinoabelardo@example.net,2026-02-03
marisela97@example.net,mcarvajal@example.net,2021-12-09
marisela97@example.net,juliaquintana@example.org,2023-05-31
marisela97@example.net,calfaro@example.net,2024-05-17
marisela97@example.net,sduran@example.com,2022-12-30
marisela97@example.net,silvia83@example.net,2021-09-30
marisela97@example.net,israelmerino@example.net,2023-01-10
carvajalarcelia@example.net,esmeraldamatos@example.org,2026-01-23
carvajalarcelia@example.net,tsauceda@example.com,2023-09-23
carvajalarcelia@example.net,dolorespolanco@example.net,2024-08-30
carvajalarcelia@example.net,lcamacho@example.net,2026-03-28
carvajalarcelia@example.net,aldoanaya@example.com,2025-09-06
carvajalarcelia@example.net,elisahinojosa@example.org,2025-09-23
oterozoe@example.com,lucia23@example.net,2022-07-08
oterozoe@example.com,marianaarteaga@example.net,2023-06-14
oterozoe@example.com,gavalos@example.org,2023-04-03
ana-luisa90@example.net,ctorres@example.org,2023-06-23
ana-luisa90@example.net,bernabe17@example.org,2026-01-19
ana-luisa90@example.net,beatrizmontano@example.com,2026-01-01
ana-luisa90@example.net,uriasalfonso@example.org,2024-12-18
ana-luisa90@example.net,amadorreynoso@example.net,2024-03-29
ana-luisa90@example.net,xcollazo@example.com,2025-09-27
ana-luisa90@example.net,ricardo13@example.net,2024-12-05
ana-luisa90@example.net,qmontanez@example.com,2021-09-26
emilianovillalpando@example.net,cgallardo@example.net,2022-06-17
emilianovillalpando@example.net,silvia83@example.net,2024-01-25
lorta@example.org,vacaeric@example.org,2023-10-09
lorta@example.org,amadorreynoso@example.net,2025-12-21
marisol57@example.com,marinelena@example.com,2024-10-08
marisol57@example.com,elenade-anda@example.org,2024-05-28
marisol57@example.com,harofabiola@example.com,2023-05-30
marisol57@example.com,mauricio66@example.com,2021-06-21
marisol57@example.com,barelatrinidad@example.net,2024-06-29
juliaquintana@example.org,montoyajulio@example.com,2022-11-23
juliaquintana@example.org,fcampos@example.org,2024-08-03
juliaquintana@example.org,aguileraines@example.org,2025-11-16
juliaquintana@example.org,avileselvira@example.net,2022-10-10
juliaquintana@example.org,lozadaserafin@example.org,2023-08-13
molinarolando@example.com,emilianovillalpando@example.net,2022-11-06
molinarolando@example.com,reinagarrido@example.net,2021-10-15
molinarolando@example.com,javier66@example.com,2022-10-28
molinarolando@example.com,zaragozasandra@example.com,2023-03-26
molinarolando@example.com,uherrera@example.net,2021-07-04
rosariomontalvo@example.net,barriosberta@example.net,2023-02-11
rosariomontalvo@example.net,maria-jose83@example.net,2025-10-26
rosariomontalvo@example.net,covarrubiasrafael@example.org,2021-06-26
rosariomontalvo@example.net,gerardode-la-garza@example.com,2021-06-06
rosariomontalvo@example.net,elvira75@example.com,2021-06-19
rosariomontalvo@example.net,ngarcia@example.org,2026-04-06
rosariomontalvo@example.net,elisahinojosa@example.org,2022-09-08
andreaalfaro@example.org,angela97@example.com,2021-05-05
andreaalfaro@example.org,hsanchez@example.net,2021-08-05
andreaalfaro@example.org,marisol29@example.com,2024-09-24
andreaalfaro@example.org,japodaca@example.net,2025-06-25
andreaalfaro@example.org,rodriquezmartha@example.com,2025-09-16
andreaalfaro@example.org,luciacarrera@example.net,2024-03-29
andreaalfaro@example.org,marcela08@example.net,2021-07-23
patricio56@example.com,kcavazos@example.com,2024-07-05
patricio56@example.com,carvajalarcelia@example.net,2022-02-20
patricio56@example.com,bmaldonado@example.org,2025-04-18
patricio56@example.com,adela06@example.com,2025-08-16
patricio56@example.com,marisol57@example.com,2025-02-16
patricio56@example.com,solorzanosonia@example.net,2021-10-31
patricio56@example.com,jeronimomontoya@example.org,2021-05-16
patricio56@example.com,reina34@example.org,2022-09-23
saucedajorge-luis@example.org,matiaszacarias@example.net,2024-02-22
saucedajorge-luis@example.org,berta19@example.net,2024-03-16
saucedajorge-luis@example.org,rpuente@example.org,2025-05-10
saucedajorge-luis@example.org,ramirosalcido@example.net,2023-12-23
saucedajorge-luis@example.org,xrivas@example.net,2023-12-14
saucedajorge-luis@example.org,furena@example.com,2023-09-09
saucedajorge-luis@example.org,moralesesperanza@example.net,2024-10-08
saucedajorge-luis@example.org,maria-del-carmenulloa@example.net,2022-01-31
maria-del-carmenulloa@example.net,mateocaridad@example.org,2024-05-08
maria-del-carmenulloa@example.net,judith79@example.net,2022-05-28
maria-del-carmenulloa@example.net,elenade-anda@example.org,2023-11-27
maria-del-carmenulloa@example.net,grendon@example.net,2022-07-19
maria-del-carmenulloa@example.net,gescamilla@example.org,2022-01-12
maria-del-carmenulloa@example.net,razocarlota@example.net,2021-12-30
sduran@example.com,israelvalles@example.net,2023-05-21
sduran@example.com,jacintozavala@example.net,2022-05-09
sduran@example.com,silvia83@example.net,2025-10-13
sduran@example.com,maria-eugeniasepulveda@example.net,2023-09-21
sduran@example.com,furena@example.com,2022-09-18
sduran@example.com,nfierro@example.org,2022-04-03
sduran@example.com,mayte25@example.org,2021-07-08
mvela@example.org,alejandrovaldez@example.org,2024-10-25
mvela@example.org,jaqueline93@example.org,2024-02-28
mvela@example.org,aolvera@example.net,2024-10-28
mvela@example.org,casasnayeli@example.org,2023-04-26
mvela@example.org,antonio55@example.net,2022-08-27
mvela@example.org,fidellopez@example.org,2023-07-28
mvela@example.org,eva73@example.org,2025-04-02
mvela@example.org,avaloscecilia@example.net,2024-02-23
ymerino@example.org,franciscocordero@example.org,2024-10-21
ymerino@example.org,velezjose-manuel@example.com,2022-09-26
ymerino@example.org,esmeraldamatos@example.org,2026-02-09
nadia94@example.net,horacioorozco@example.org,2021-05-18
nadia94@example.net,velezmarisela@example.net,2023-11-30
nadia94@example.net,omaralfaro@example.com,2022-02-21
nadia94@example.net,colladojos@example.com,2025-12-04
tcarvajal@example.org,tomasmarin@example.org,2022-06-19
tcarvajal@example.org,yuridiavillagomez@example.com,2021-11-10
tcarvajal@example.org,ioquendo@example.org,2023-11-23
tcarvajal@example.org,alonsodaniela@example.com,2025-05-23
tcarvajal@example.org,bmaldonado@example.org,2023-08-04
tcarvajal@example.org,espartacobriones@example.com,2022-11-12
tcarvajal@example.org,eugenio67@example.net,2021-12-10
tcarvajal@example.org,xrivas@example.net,2024-11-03
marianaquezada@example.net,acervantez@example.org,2024-09-06
marianaquezada@example.net,resendezarmando@example.net,2022-09-18
marianaquezada@example.net,arandacaridad@example.org,2021-09-20
marianaquezada@example.net,calderonrosa@example.net,2021-09-11
marianaquezada@example.net,leticiaespino@example.net,2026-02-11
marianaquezada@example.net,carrerozeferino@example.org,2022-07-21
oscar96@example.org,gonzalezamalia@example.org,2021-11-14
oscar96@example.org,zaragozasandra@example.com,2022-04-09
oscar96@example.org,harofabiola@example.com,2025-07-21
oscar96@example.org,maria-elenavillanueva@example.com,2022-03-18
oscar96@example.org,chavezteresa@example.net,2022-03-25
oscar96@example.org,claudio32@example.net,2025-04-22
oscar96@example.org,maria-eugenia18@example.net,2022-09-30
caridadcampos@example.net,judith79@example.net,2025-07-02
caridadcampos@example.net,yverdugo@example.com,2023-12-12
caridadcampos@example.net,eugenioleiva@example.org,2026-02-17
caridadcampos@example.net,mauriciomontalvo@example.net,2022-07-30
caridadcampos@example.net,maria-elenarodriguez@example.net,2022-11-08
caridadcampos@example.net,elvira75@example.com,2021-10-25
aolvera@example.net,renato65@example.org,2023-01-19
aolvera@example.net,palaciospatricia@example.net,2022-11-19
aolvera@example.net,franciscocordero@example.org,2025-07-21
aolvera@example.net,antonia44@example.com,2022-07-17
aolvera@example.net,jacintozavala@example.net,2023-10-26
aolvera@example.net,gonzaloabrego@example.org,2021-11-04
aolvera@example.net,marisol29@example.com,2022-07-07
aolvera@example.net,enava@example.net,2021-12-16
utrujillo@example.com,galvezjose-eduardo@example.net,2026-03-07
utrujillo@example.com,prubio@example.com,2024-08-01
tcervantez@example.com,jaqueline93@example.org,2025-10-29
tcervantez@example.com,minervagracia@example.net,2023-09-24
eloisa59@example.com,mauriciomontalvo@example.net,2022-05-31
eloisa59@example.com,eva73@example.org,2022-07-15
eloisa59@example.com,barriosberta@example.net,2022-08-11
eloisa59@example.com,aprado@example.net,2021-10-05
luis97@example.net,iherrera@example.com,2024-11-25
luis97@example.net,lucasabrego@example.com,2022-01-02
luis97@example.net,elisa75@example.com,2023-08-18
luis97@example.net,bernabe17@example.org,2024-05-28
luis97@example.net,yolandaarenas@example.net,2024-01-19
luis97@example.net,ana-luisa90@example.net,2025-05-09
luis97@example.net,montanorocio@example.net,2022-03-03
lebronlucia@example.org,aocampo@example.net,2021-10-20
lebronlucia@example.org,acervantez@example.org,2026-03-26
lebronlucia@example.org,augustoolivera@example.com,2023-12-12
lebronlucia@example.org,trinidad80@example.com,2021-12-03
lebronlucia@example.org,malavewilfrido@example.com,2023-02-21
lebronlucia@example.org,eloisa49@example.com,2022-06-20
lebronlucia@example.org,anavarro@example.com,2022-03-31
lebronlucia@example.org,razocarlota@example.net,2025-07-28
dolorespolanco@example.net,vresendez@example.com,2025-03-01
dolorespolanco@example.net,wendolin85@example.net,2025-09-05
serafin35@example.net,wbarrera@example.com,2021-06-28
serafin35@example.net,angelica70@example.org,2021-10-10
serafin35@example.net,uortega@example.org,2021-04-29
serafin35@example.net,urocha@example.net,2023-03-30
serafin35@example.net,bernardocuriel@example.org,2024-06-10
serafin35@example.net,mayte25@example.org,2024-12-27
serafin35@example.net,anaranjo@example.net,2025-10-21
serafin35@example.net,casanovamercedes@example.net,2024-04-14
gutierrezcamila@example.com,madridcarlota@example.org,2021-06-12
gutierrezcamila@example.com,yesparza@example.net,2021-07-22
gutierrezcamila@example.com,miriamverduzco@example.net,2024-02-14
gutierrezcamila@example.com,modesto72@example.org,2025-10-25
gutierrezcamila@example.com,marisol66@example.com,2024-03-03
gutierrezcamila@example.com,cresposoledad@example.org,2021-04-30
grendon@example.net,felipede-la-torre@example.net,2026-04-09
grendon@example.net,jaqueline93@example.org,2022-08-02
grendon@example.net,madridcarlota@example.org,2021-05-08
dzayas@example.org,porellana@example.org,2021-04-22
dzayas@example.org,valentinpamela@example.net,2021-10-31
rperez@example.com,fmadrigal@example.org,2022-05-04
rperez@example.com,antoniachavarria@example.net,2021-05-24
rperez@example.com,rubengarica@example.org,2024-10-07
rperez@example.com,iherrera@example.com,2026-04-01
rperez@example.com,conchitaledesma@example.com,2025-12-28
rperez@example.com,laraflavio@example.net,2023-11-26
elsa08@example.net,maria-elenavillanueva@example.com,2024-07-12
elsa08@example.net,romerogilberto@example.org,2024-08-02
adan34@example.com,lovatogeorgina@example.org,2024-07-24
adan34@example.com,judith79@example.net,2021-10-02
adan34@example.com,alejandra88@example.net,2023-02-15
britojaqueline@example.net,maria-luisaalba@example.com,2025-07-17
britojaqueline@example.net,marcela08@example.net,2021-06-25
britojaqueline@example.net,cecilia60@example.com,2025-02-15
britojaqueline@example.net,lorenavergara@example.com,2024-01-08
britojaqueline@example.net,robledoirma@example.net,2026-01-01
britojaqueline@example.net,de-andaandrea@example.net,2024-02-23
britojaqueline@example.net,hsanchez@example.net,2021-08-17
cresposoledad@example.org,angela97@example.com,2026-01-14
cresposoledad@example.org,clara28@example.net,2025-03-30
cresposoledad@example.org,yresendez@example.com,2026-01-10
cresposoledad@example.org,indirasolorio@example.org,2024-03-24
cresposoledad@example.org,barriosberta@example.net,2022-10-29
cresposoledad@example.org,alejandra88@example.net,2022-11-19
cresposoledad@example.org,ramirosalcido@example.net,2021-10-22
cresposoledad@example.org,raulperalta@example.org,2026-01-01
benavidezlucas@example.com,trujillomaria-jose@example.org,2023-11-29
benavidezlucas@example.com,wmora@example.net,2026-02-01
benavidezlucas@example.com,gonzaloabrego@example.org,2022-08-05
benavidezlucas@example.com,arevalovirginia@example.com,2023-04-05
benavidezlucas@example.com,felipede-la-torre@example.net,2023-10-20
ctorres@example.org,benavidespablo@example.org,2021-12-06
ctorres@example.org,fidel98@example.net,2023-07-13
ctorres@example.org,riverocecilia@example.org,2021-11-08
ctorres@example.org,penadavid@example.com,2023-03-12
felipede-la-torre@example.net,ialfaro@example.net,2025-03-09
felipede-la-torre@example.net,ceciliabetancourt@example.com,2021-06-06
felipede-la-torre@example.net,yarevalo@example.net,2022-05-14
fabiolasoliz@example.net,mnieves@example.net,2025-06-11
fabiolasoliz@example.net,marinelena@example.com,2021-09-11
fabiolasoliz@example.net,leticiaespino@example.net,2023-06-23
fabiolasoliz@example.net,mario54@example.com,2023-08-12
colladojos@example.com,nfierro@example.org,2025-06-08
colladojos@example.com,lozadaserafin@example.org,2025-05-22
colladojos@example.com,miriamverduzco@example.net,2023-11-10
colladojos@example.com,perlamarroquin@example.org,2025-08-11
colladojos@example.com,samador@example.net,2025-03-15
veronica87@example.com,zde-la-rosa@example.org,2026-01-18
veronica87@example.com,antoniachavarria@example.net,2023-03-30
veronica87@example.com,ulloagonzalo@example.net,2022-02-12
veronica87@example.com,gramon@example.net,2024-06-21
veronica87@example.com,leonardoharo@example.net,2023-11-25
veronica87@example.com,lucasabrego@example.com,2021-10-19
guillermo66@example.com,zeferino45@example.com,2022-12-08
guillermo66@example.com,maria-luisa51@example.org,2021-04-28
guillermo66@example.com,zunigabenjamin@example.org,2023-01-15
guillermo66@example.com,conchitaledesma@example.com,2026-02-02
guillermo66@example.com,maria-elenavillanueva@example.com,2022-12-12
ricardo93@example.net,wendolin85@example.net,2022-07-13
ricardo93@example.net,maria-del-carmenulloa@example.net,2023-10-29
ricardo93@example.net,jose54@example.org,2025-10-25
ricardo93@example.net,rolando79@example.net,2024-08-13
jorgeespinoza@example.org,qsisneros@example.net,2021-10-20
jorgeespinoza@example.org,de-la-cruzabigail@example.com,2021-05-07
jorgeespinoza@example.org,micaela25@example.net,2024-01-15
jorgeespinoza@example.org,hsanchez@example.net,2022-09-12
jorgeespinoza@example.org,galvanjaqueline@example.net,2023-05-04
jorgeespinoza@example.org,florencia61@example.org,2021-10-12
jorgeespinoza@example.org,lcamacho@example.net,2023-01-05
jorgeespinoza@example.org,reina57@example.net,2021-09-10
rosalialimon@example.net,solizporfirio@example.com,2024-01-31
rosalialimon@example.net,ceciliabetancourt@example.com,2022-12-29
rosalialimon@example.net,yarevalo@example.net,2024-06-18
rosalialimon@example.net,chaconcristal@example.org,2024-12-20
rosalialimon@example.net,marianaquezada@example.net,2023-05-17
rosalialimon@example.net,vanesaheredia@example.org,2026-04-08
rosalialimon@example.net,felixbueno@example.com,2024-04-04
yolandaarenas@example.net,jacintomontemayor@example.com,2023-11-04
yolandaarenas@example.net,aguileraines@example.org,2022-11-18
yolandaarenas@example.net,furena@example.com,2021-07-03
yolandaarenas@example.net,saenzelisa@example.org,2025-01-19
yolandaarenas@example.net,eduardo10@example.org,2025-04-21
yolandaarenas@example.net,rosarioraul@example.com,2022-09-09
alvarobeltran@example.com,reina57@example.net,2023-11-05
alvarobeltran@example.com,lcamacho@example.net,2023-12-24
alvarobeltran@example.com,kcavazos@example.com,2022-05-20
alvarobeltran@example.com,alonso04@example.org,2025-07-20
alvarobeltran@example.com,zoe26@example.org,2022-07-19
alvarobeltran@example.com,elvira75@example.com,2024-10-14
citlali92@example.com,dalia99@example.com,2023-06-28
citlali92@example.com,eduardo10@example.org,2026-01-18
citlali92@example.com,jeronimovelasquez@example.org,2024-07-15
citlali92@example.com,nmontemayor@example.org,2025-05-02
solizporfirio@example.com,colladojos@example.com,2024-10-25
solizporfirio@example.com,qbanuelos@example.net,2024-05-17
solizporfirio@example.com,jacintomontemayor@example.com,2021-11-19
solizporfirio@example.com,omaralfaro@example.com,2021-05-30
solizporfirio@example.com,kcavazos@example.com,2022-06-06
padillamaria-teresa@example.org,icisneros@example.net,2024-07-05
padillamaria-teresa@example.org,nfierro@example.org,2025-05-19
padillamaria-teresa@example.org,renato41@example.net,2022-08-04
kponce@example.org,miriamverduzco@example.net,2025-05-11
kponce@example.org,xnegrete@example.net,2022-12-09
kponce@example.org,yarevalo@example.net,2024-01-19
kponce@example.org,fidellopez@example.org,2022-09-09
robledoirma@example.org,zamorafrancisco-javier@example.net,2022-11-29
robledoirma@example.org,alonso04@example.org,2022-10-25
robledoirma@example.org,trinidad80@example.com,2023-06-20
robledoirma@example.org,ramiro25@example.org,2022-03-17
robledoirma@example.org,gdel-rio@example.org,2023-02-13
montoyacaridad@example.net,abelmurillo@example.org,2023-04-27
montoyacaridad@example.net,lilia42@example.net,2024-12-16
montoyacaridad@example.net,tromo@example.org,2026-02-03
tellezteresa@example.net,marianaarteaga@example.net,2021-08-10
tellezteresa@example.net,perlamarroquin@example.org,2024-07-11
rolando46@example.net,avileselvira@example.net,2024-02-21
rolando46@example.net,gabriel23@example.org,2024-08-20
ngarcia@example.org,angelica70@example.org,2026-04-18
ngarcia@example.org,padillaoswaldo@example.org,2023-08-06
nmontemayor@example.org,renato41@example.net,2021-12-24
nmontemayor@example.org,carbajaleva@example.org,2024-03-05
nmontemayor@example.org,aprado@example.net,2025-05-25
nmontemayor@example.org,eduardo10@example.org,2022-02-03
nmontemayor@example.org,natalia00@example.net,2024-07-10
nmontemayor@example.org,carrascodiana@example.org,2024-09-27
nmontemayor@example.org,marianovargas@example.org,2022-11-09
nmontemayor@example.org,pescobar@example.org,2021-05-27
trujillomaria-jose@example.org,enieves@example.com,2023-12-30
trujillomaria-jose@example.org,roldanadan@example.net,2022-12-05
trujillomaria-jose@example.org,xnegrete@example.net,2023-10-07
trujillomaria-jose@example.org,anaranjo@example.net,2024-05-09
reynaldo67@example.net,javier66@example.com,2024-01-10
reynaldo67@example.net,esparzajaime@example.net,2025-09-17
reynaldo67@example.net,hperea@example.org,2021-05-06
reynaldo67@example.net,zalvarez@example.net,2021-05-24
reynaldo67@example.net,vieralinda@example.org,2026-04-10
reynaldo67@example.net,olveraandres@example.com,2024-01-14
benavidezursula@example.org,felixbueno@example.com,2023-05-18
benavidezursula@example.org,smata@example.org,2024-04-17
benavidezursula@example.org,elsa08@example.net,2022-09-03
benavidezursula@example.org,cgallardo@example.net,2025-03-12
benavidezursula@example.org,mateocaridad@example.org,2024-12-08
zaragozasandra@example.com,minervagracia@example.net,2023-08-14
zaragozasandra@example.com,miramontescelia@example.org,2024-07-10
aldoanaya@example.com,maresmaria-luisa@example.net,2025-07-30
aldoanaya@example.com,miguel-angel25@example.com,2025-02-11
aldoanaya@example.com,vlugo@example.org,2021-08-25
aldoanaya@example.com,jassomarco-antonio@example.net,2023-02-23
mario54@example.com,juan-carlos01@example.net,2023-01-02
mario54@example.com,mariolimon@example.net,2023-04-21
mario54@example.com,elena87@example.org,2025-08-17
mario54@example.com,oscar96@example.org,2025-01-03
madridcarlota@example.org,barriosberta@example.net,2026-01-15
madridcarlota@example.org,velizemilia@example.com,2023-07-18
madridcarlota@example.org,mtapia@example.com,2026-02-28
madridcarlota@example.org,nadia94@example.net,2024-02-03
madridcarlota@example.org,tomasmarin@example.org,2023-04-29
madridcarlota@example.org,gonzaloabrego@example.org,2023-09-27
amadorreynoso@example.net,gabriel23@example.org,2025-11-25
amadorreynoso@example.net,bermudezeloisa@example.com,2023-05-11
amadorreynoso@example.net,patricio56@example.com,2025-12-29
amadorreynoso@example.net,mauriciopaez@example.com,2024-10-06
amadorreynoso@example.net,ernestogarica@example.net,2022-03-18
galvanjaqueline@example.net,sofiadelgadillo@example.net,2023-02-18
galvanjaqueline@example.net,mendezcarolina@example.com,2023-03-10
galvanjaqueline@example.net,luciacarrera@example.net,2023-06-17
galvanjaqueline@example.net,alvarobeltran@example.com,2024-06-19
ialfaro@example.net,marianaquezada@example.net,2023-08-11
ialfaro@example.net,jassomarco-antonio@example.net,2021-05-03
ialfaro@example.net,wporras@example.org,2022-08-20
ialfaro@example.net,jacintomontemayor@example.com,2025-04-21
ialfaro@example.net,bmaldonado@example.org,2025-03-11
robledoirma@example.net,lebronlucia@example.org,2022-07-16
robledoirma@example.net,omaralfaro@example.com,2021-07-13
eugenio67@example.net,caridadcampos@example.net,2025-06-14
eugenio67@example.net,rosario17@example.org,2022-07-02
eugenio67@example.net,isabel94@example.net,2022-02-23
eugenio67@example.net,claudio32@example.net,2022-07-24
eugenio67@example.net,inesportillo@example.org,2023-10-17
eugenio67@example.net,padillamaria-teresa@example.org,2024-02-18
eugenio67@example.net,benavidezursula@example.org,2022-11-21
alonso04@example.org,rperez@example.com,2025-05-20
alonso04@example.org,ualtamirano@example.com,2023-07-12
alonso04@example.org,fmadrigal@example.org,2024-04-27
alonso04@example.org,caridadcampos@example.net,2021-09-04
alonso04@example.org,dzayas@example.org,2024-04-25
alonso04@example.org,caraballoesperanza@example.org,2022-05-28
alonso04@example.org,benavidespablo@example.org,2025-03-18
xarguello@example.net,ricardo13@example.net,2022-03-14
xarguello@example.net,zeferino89@example.org,2024-06-02
xarguello@example.net,qbanuelos@example.net,2025-04-04
trinidad80@example.com,rubengarica@example.org,2022-06-09
trinidad80@example.com,jeronimomontoya@example.org,2023-11-07
trinidad80@example.com,marisolmunoz@example.com,2021-10-21
trinidad80@example.com,colladojos@example.com,2021-11-08
trinidad80@example.com,harofabiola@example.com,2024-04-18
trinidad80@example.com,patricio56@example.com,2022-09-23
guadalupe79@example.org,nfierro@example.org,2022-06-04
guadalupe79@example.org,alonso04@example.org,2021-12-24
guadalupe79@example.org,antonio55@example.net,2023-10-04
guadalupe79@example.org,xllamas@example.org,2021-11-17
guadalupe79@example.org,cortesclara@example.net,2023-07-04
rosarioraul@example.com,juan-carlos01@example.net,2022-08-08
rosarioraul@example.com,mario54@example.com,2025-09-21
rosarioraul@example.com,yresendez@example.com,2024-02-12
rosarioraul@example.com,serafin35@example.net,2025-07-18
rosarioraul@example.com,olveraandres@example.com,2025-06-07
rosarioraul@example.com,susana67@example.com,2023-02-04
rosarioraul@example.com,antonio55@example.net,2022-07-11
olivoserafin@example.com,celianavarro@example.org,2022-04-16
olivoserafin@example.com,jmalave@example.org,2021-12-13
olivoserafin@example.com,uherrera@example.net,2025-07-06
olivoserafin@example.com,amaliabenitez@example.com,2024-08-09
olivoserafin@example.com,veronica87@example.com,2024-08-18
olivoserafin@example.com,maciasarmando@example.net,2025-04-17
olivoserafin@example.com,iaguilera@example.org,2023-01-03
olivoserafin@example.com,catalinapedroza@example.net,2022-12-25
roberto52@example.net,gramon@example.net,2025-02-23
roberto52@example.net,cresposoledad@example.org,2023-09-06
roberto52@example.net,hectorjimenez@example.net,2021-08-08
roberto52@example.net,berta19@example.net,2023-07-22
fidel98@example.net,alejandrovaldez@example.org,2023-07-19
fidel98@example.net,armandovaldez@example.com,2022-08-05
fidel98@example.net,lorta@example.org,2025-06-30
fidel98@example.net,olgaverduzco@example.net,2023-04-10
fidel98@example.net,japodaca@example.net,2026-03-07
fidel98@example.net,vanesaheredia@example.org,2024-12-30
lorenavergara@example.com,bernardocuriel@example.org,2021-10-24
lorenavergara@example.com,espartacobriones@example.com,2021-07-03
lorenavergara@example.com,casasnayeli@example.org,2025-09-19
lorenavergara@example.com,anaranjo@example.net,2025-08-26
lorenavergara@example.com,araceliespinoza@example.com,2025-10-27
esmeraldamatos@example.org,isabela95@example.org,2025-01-25
esmeraldamatos@example.org,uortega@example.org,2026-03-02
esmeraldamatos@example.org,palomogabino@example.com,2026-04-16
esmeraldamatos@example.org,furena@example.com,2023-01-15
esmeraldamatos@example.org,elisahinojosa@example.org,2024-07-15
esmeraldamatos@example.org,armandodelgadillo@example.com,2025-01-26
esmeraldamatos@example.org,vacaeric@example.org,2025-10-25
esmeraldamatos@example.org,hperea@example.org,2025-07-31
claudioescalante@example.org,ricardo93@example.net,2021-08-16
claudioescalante@example.org,yarevalo@example.net,2021-10-20
claudioescalante@example.org,clara28@example.net,2021-09-09
claudioescalante@example.org,alicia83@example.com,2024-10-08
cesar71@example.com,qsisneros@example.net,2021-05-01
cesar71@example.com,luis-miguel31@example.org,2026-04-10
cesar71@example.com,utrujillo@example.com,2025-07-13
cesar71@example.com,roberto52@example.net,2026-01-13
cesar71@example.com,alvarobeltran@example.com,2026-02-01
cesar71@example.com,mario54@example.com,2024-07-09
cesar71@example.com,yresendez@example.com,2024-05-10
cesar71@example.com,quirozemilio@example.org,2025-03-23
bernardocuriel@example.org,gonzaloabrego@example.org,2025-01-13
bernardocuriel@example.org,alejandra88@example.net,2022-01-22
bernardocuriel@example.org,galvanjaqueline@example.net,2023-01-18
bernardocuriel@example.org,penadavid@example.com,2024-03-21
bernardocuriel@example.org,caridadcampos@example.net,2025-07-21
bernardocuriel@example.org,ramosespartaco@example.org,2026-04-11
bernardocuriel@example.org,zamorafrancisco-javier@example.net,2025-08-14
reinagarrido@example.net,mayte25@example.org,2025-03-18
reinagarrido@example.net,citlali92@example.com,2021-04-20
reinagarrido@example.net,jorgeespinoza@example.org,2024-02-05
calfaro@example.net,calderonrosa@example.net,2024-07-05
calfaro@example.net,cecilia60@example.com,2024-11-15
calfaro@example.net,alonso04@example.org,2021-10-05
karinaraya@example.com,ana-maria88@example.org,2021-08-25
karinaraya@example.com,dalia99@example.com,2021-12-05
karinaraya@example.com,ksantacruz@example.com,2021-12-27
lucasabrego@example.com,ceciliabetancourt@example.com,2024-03-09
lucasabrego@example.com,riverocecilia@example.org,2021-05-30
lucasabrego@example.com,rpuente@example.org,2025-08-17
lucasabrego@example.com,marianaquezada@example.net,2021-05-25
lucasabrego@example.com,gescamilla@example.org,2026-01-13
armandodelgadillo@example.com,antonio55@example.net,2022-09-29
armandodelgadillo@example.com,eugenio67@example.net,2022-08-17
armandodelgadillo@example.com,israelvalles@example.net,2023-03-03
armandodelgadillo@example.com,abelardoalcala@example.com,2024-09-19
armandodelgadillo@example.com,gonzaloabrego@example.org,2021-07-04
svalenzuela@example.org,nayeliroldan@example.com,2025-06-17
svalenzuela@example.org,catalinapedroza@example.net,2026-03-12
svalenzuela@example.org,ioquendo@example.org,2024-07-28
svalenzuela@example.org,moramiriam@example.com,2021-07-14
svalenzuela@example.org,lucasabrego@example.com,2022-08-22
svalenzuela@example.org,abrahamnajera@example.com,2025-02-27
lozadaserafin@example.org,dianaestrada@example.org,2024-02-01
lozadaserafin@example.org,ksantacruz@example.com,2026-01-01
lozadaserafin@example.org,luciacorona@example.net,2023-09-01
xnegrete@example.net,veronica87@example.com,2021-06-23
xnegrete@example.net,yverdugo@example.com,2023-06-04
xnegrete@example.net,delia49@example.net,2022-03-31
xnegrete@example.net,qbanuelos@example.net,2026-04-12
uherrera@example.net,iherrera@example.com,2022-02-08
uherrera@example.net,gutierrezcamila@example.com,2023-10-30
uherrera@example.net,angela28@example.com,2023-09-10
uherrera@example.net,zeferino89@example.org,2023-03-26
uherrera@example.net,pizarrosoledad@example.org,2023-11-18
uherrera@example.net,ana-luisa90@example.net,2022-10-28
uherrera@example.net,ymerino@example.org,2023-08-04
arandacaridad@example.org,guillermo66@example.com,2024-08-30
arandacaridad@example.org,arevalovirginia@example.com,2021-08-08
arandacaridad@example.org,lopezarcelia@example.net,2024-03-13
mariano28@example.com,ialfaro@example.net,2022-09-05
mariano28@example.com,maria-eugeniasepulveda@example.net,2021-12-10
mariano28@example.com,carreroeduardo@example.org,2025-10-28
mariano28@example.com,vguillen@example.net,2022-03-29
mariano28@example.com,saenzelisa@example.org,2021-05-12
mariano28@example.com,lozadaserafin@example.org,2024-01-03
gonzalezamalia@example.org,romerosergio@example.com,2025-09-01
gonzalezamalia@example.org,rociobotello@example.org,2025-07-30
gonzalezamalia@example.org,aldoanaya@example.com,2023-07-30
gonzalezamalia@example.org,aestrada@example.net,2022-03-03
gonzalezamalia@example.org,isabel94@example.net,2025-12-07
gonzalezamalia@example.org,dalia99@example.com,2022-10-29
isabela95@example.org,gomezeugenio@example.net,2025-08-19
isabela95@example.org,xrivas@example.net,2022-08-19
esparzajaime@example.net,zunigabenjamin@example.org,2021-12-01
esparzajaime@example.net,xrivas@example.net,2023-07-30
esparzajaime@example.net,velazquezjose-maria@example.com,2021-05-27
esparzajaime@example.net,padillaoswaldo@example.org,2026-02-02
pvaca@example.net,inesportillo@example.org,2024-09-29
pvaca@example.net,tromo@example.org,2023-10-04
pvaca@example.net,aocampo@example.net,2022-04-09
uortega@example.org,jacintozavala@example.net,2024-05-13
uortega@example.org,mendezcarolina@example.com,2023-07-08
uortega@example.org,elvirajiminez@example.net,2024-12-26
uortega@example.org,monicadel-valle@example.com,2024-04-01
badillopatricia@example.com,armandodelgadillo@example.com,2021-10-25
badillopatricia@example.com,diazisrael@example.com,2021-10-22
badillopatricia@example.com,montanorocio@example.net,2025-08-29
enieves@example.com,klozano@example.net,2025-01-14
enieves@example.com,cresposoledad@example.org,2023-05-01
enieves@example.com,caraballoesperanza@example.org,2024-11-18
jmalave@example.org,dalia99@example.com,2023-03-20
jmalave@example.org,mariolimon@example.net,2024-01-25
jmalave@example.org,florezpaola@example.net,2024-04-21
jmalave@example.org,laraflavio@example.net,2022-03-19
marisol66@example.com,ramiro25@example.org,2023-01-12
marisol66@example.com,roldanadan@example.net,2023-05-25
prubio@example.com,nchavarria@example.net,2021-08-17
prubio@example.com,reynaldo67@example.net,2026-04-16
prubio@example.com,angelica70@example.org,2022-07-03
prubio@example.com,monicadel-valle@example.com,2024-07-25
prubio@example.com,hectorjimenez@example.net,2025-06-27
prubio@example.com,elvirajiminez@example.net,2024-10-17
prubio@example.com,ortaesther@example.org,2023-05-23
prubio@example.com,saucedajorge-luis@example.org,2026-01-15
jose-eduardocovarrubias@example.org,peraltacamila@example.com,2021-12-18
jose-eduardocovarrubias@example.org,maria-elenavillanueva@example.com,2024-06-18
jose-eduardocovarrubias@example.org,urocha@example.net,2024-01-05
jose-eduardocovarrubias@example.org,leonelzaragoza@example.net,2024-08-11
felixbueno@example.com,alejandro27@example.com,2024-06-10
felixbueno@example.com,moramiriam@example.com,2021-09-22
harofabiola@example.com,lsalas@example.com,2023-06-20
harofabiola@example.com,ualtamirano@example.com,2026-03-25
palomogabino@example.com,victorcardenas@example.org,2025-01-19
palomogabino@example.com,carreroeduardo@example.org,2022-01-20
palomogabino@example.com,beatrizmontano@example.com,2025-12-11
zulloa@example.net,judith79@example.net,2022-05-10
zulloa@example.net,rolandoraya@example.net,2025-08-19
carreroeduardo@example.org,pizarrosoledad@example.org,2024-06-25
carreroeduardo@example.org,jorge49@example.com,2026-03-19
carreroeduardo@example.org,angela28@example.com,2024-04-10
carreroeduardo@example.org,eugenio67@example.net,2021-12-09
carreroeduardo@example.org,calderonrosa@example.net,2023-12-31
carreroeduardo@example.org,luciacorona@example.net,2024-02-02
carreroeduardo@example.org,nadia94@example.net,2023-07-11
roldanadan@example.net,hernanlemus@example.org,2023-02-25
roldanadan@example.net,victorcardenas@example.org,2025-12-18
velizemilia@example.com,julia65@example.org,2024-08-25
velizemilia@example.com,de-la-rosalorena@example.net,2026-02-07
velizemilia@example.com,chavarriajuan@example.net,2025-06-15
velizemilia@example.com,zoe06@example.com,2023-09-15
velizemilia@example.com,yverdugo@example.com,2024-07-08
lovatogeorgina@example.org,monicadel-valle@example.com,2022-12-01
lovatogeorgina@example.org,isaacrico@example.com,2024-04-03
lovatogeorgina@example.org,tellezteresa@example.net,2021-06-19
lovatogeorgina@example.org,irizarryesther@example.com,2023-06-21
olveraandres@example.com,madridcarlota@example.org,2025-06-14
olveraandres@example.com,maria-luisa51@example.org,2023-06-16
olveraandres@example.com,veronica87@example.com,2024-12-01
rivasesparta@example.org,rosario17@example.org,2025-07-17
rivasesparta@example.org,padillamaria-teresa@example.org,2026-02-08
menchacacarlota@example.com,ioquendo@example.org,2023-02-08
menchacacarlota@example.com,klozano@example.net,2025-08-05
menchacacarlota@example.com,caraballoesperanza@example.org,2023-05-31
menchacacarlota@example.com,franciscocordero@example.org,2024-02-08
menchacacarlota@example.com,utrujillo@example.com,2023-01-30
menchacacarlota@example.com,marcela08@example.net,2023-05-26
menchacacarlota@example.com,baezahilda@example.org,2025-12-12
menchacacarlota@example.com,jaimestimoteo@example.com,2022-04-09
saldananayeli@example.net,navarretemarco-antonio@example.com,2022-11-03
saldananayeli@example.net,casasnayeli@example.org,2025-05-22
talejandro@example.net,renato41@example.net,2024-09-01
talejandro@example.net,gabriel23@example.org,2022-04-13
talejandro@example.net,galvanjaqueline@example.net,2021-04-23
talejandro@example.net,dolorespolanco@example.net,2025-03-01
talejandro@example.net,avaloscecilia@example.net,2025-01-07
laura68@example.com,xllamas@example.org,2024-06-20
laura68@example.com,catalinapedroza@example.net,2022-06-22
laura68@example.com,lorta@example.org,2023-10-26
laura68@example.com,silvia83@example.net,2021-11-03
alicia83@example.com,jacintozavala@example.net,2021-07-07
alicia83@example.com,saucedajorge-luis@example.org,2021-12-15
alicia83@example.com,marinelena@example.com,2024-03-31
alicia83@example.com,romerosergio@example.com,2023-11-04
alicia83@example.com,israelvalles@example.net,2026-02-16
alicia83@example.com,carrerozeferino@example.org,2025-04-15
alicia83@example.com,trinidad80@example.com,2024-05-19
kcavazos@example.com,esparzajaime@example.net,2021-07-06
kcavazos@example.com,conchitaledesma@example.com,2024-11-17
kcavazos@example.com,david33@example.com,2021-04-24
kcavazos@example.com,minervagracia@example.net,2022-05-07
arevalovirginia@example.com,mateocaridad@example.org,2025-01-20
arevalovirginia@example.com,maria-eugeniasepulveda@example.net,2025-09-17
arevalovirginia@example.com,gdel-rio@example.org,2024-03-21
arevalovirginia@example.com,cynthiahidalgo@example.net,2023-12-06
maximiliano19@example.net,monicadel-valle@example.com,2021-09-16
maximiliano19@example.net,colladojos@example.com,2021-10-07
maximiliano19@example.net,catalinapedroza@example.net,2025-04-22
maximiliano19@example.net,ricardo13@example.net,2025-06-20
maximiliano19@example.net,serafin35@example.net,2025-02-25
maximiliano19@example.net,jose-eduardocovarrubias@example.org,2022-10-23
mauriciopaez@example.com,juan-carlos01@example.net,2024-03-20
mauriciopaez@example.com,lucasabrego@example.com,2024-05-07
mauriciopaez@example.com,velezjose-manuel@example.com,2026-03-17
mauriciopaez@example.com,franciscocordero@example.org,2022-03-07
mauriciopaez@example.com,mario54@example.com,2022-08-31
mauriciopaez@example.com,rolando46@example.net,2023-12-19
mauriciopaez@example.com,velazquezjose-maria@example.com,2025-12-14
mauriciopaez@example.com,ksantacruz@example.com,2025-03-11
alonsodaniela@example.com,ybueno@example.com,2021-08-23
alonsodaniela@example.com,maresmaria-luisa@example.net,2024-09-10
alonsodaniela@example.com,elisahinojosa@example.org,2022-07-13
alonsodaniela@example.com,laraflavio@example.net,2026-02-26
alonsodaniela@example.com,susana67@example.com,2026-03-08
alonsodaniela@example.com,fcampos@example.org,2022-06-24
alonsodaniela@example.com,hectorjimenez@example.net,2022-09-01
mguardado@example.com,israelvalles@example.net,2025-02-22
mguardado@example.com,maria-elenavillanueva@example.com,2024-10-18
mguardado@example.com,chavezteresa@example.net,2021-12-05
mguardado@example.com,angelica70@example.org,2023-08-31
mguardado@example.com,menchacacarlota@example.com,2022-09-13
amador41@example.net,mario54@example.com,2025-02-17
amador41@example.net,ioquendo@example.org,2025-02-01
amador41@example.net,esmeraldamatos@example.org,2025-02-12
amador41@example.net,adela06@example.com,2022-04-09
amador41@example.net,solizporfirio@example.com,2023-02-13
amador41@example.net,segoviaarcelia@example.net,2024-07-18
amador41@example.net,vigilmaria-cristina@example.org,2025-11-28
amador41@example.net,nmagana@example.net,2025-04-10
florenciacuellar@example.org,alonso04@example.org,2024-05-29
florenciacuellar@example.org,elvirajiminez@example.net,2024-09-27
florenciacuellar@example.org,resendezarmando@example.net,2022-06-23
florenciacuellar@example.org,oscar96@example.org,2023-01-23
florenciacuellar@example.org,grendon@example.net,2022-03-28
florenciacuellar@example.org,rosario17@example.org,2024-09-28
florenciacuellar@example.org,ana-maria88@example.org,2022-08-18
tromo@example.org,iherrera@example.com,2024-10-23
tromo@example.org,conchitaledesma@example.com,2022-08-17
tromo@example.org,benavidezfelix@example.net,2026-04-05
maciasarmando@example.net,elisa75@example.com,2021-06-06
maciasarmando@example.net,uortega@example.org,2022-05-09
maciasarmando@example.net,saenzelisa@example.org,2023-10-05
maciasarmando@example.net,marisolmunoz@example.com,2022-03-04
maciasarmando@example.net,hildaguillen@example.org,2023-10-16
maciasarmando@example.net,raulperalta@example.org,2025-04-17
maciasarmando@example.net,hsanchez@example.net,2022-04-01
maciasarmando@example.net,tomasmarin@example.org,2025-07-15
david33@example.com,benavidezlucas@example.com,2021-06-15
david33@example.com,serafinrodarte@example.com,2026-03-06
david33@example.com,ramirosalcido@example.net,2023-08-31
david33@example.com,carvajalarcelia@example.net,2021-11-15
jeronimovelasquez@example.org,bernabe17@example.org,2025-11-07
jeronimovelasquez@example.org,abrahamnajera@example.com,2024-12-12
jeronimovelasquez@example.org,mauriciomontalvo@example.net,2021-05-25
jeronimovelasquez@example.org,dianaestrada@example.org,2023-01-25
jeronimovelasquez@example.org,chavezteresa@example.net,2022-12-14
jeronimovelasquez@example.org,zamudiocristian@example.net,2023-08-17
cecilia60@example.com,laura68@example.com,2025-12-18
cecilia60@example.com,ilseanguiano@example.com,2025-05-29
cecilia60@example.com,karlaposada@example.org,2022-09-23
cecilia60@example.com,evazquez@example.net,2021-10-20
cecilia60@example.com,pradocesar@example.org,2024-12-18
cecilia60@example.com,ioquendo@example.org,2025-07-19
cecilia60@example.com,clara28@example.net,2023-03-14
zde-la-rosa@example.org,virginiatrejo@example.org,2021-07-01
zde-la-rosa@example.org,de-andaandrea@example.net,2021-07-05
zde-la-rosa@example.org,renato65@example.org,2024-03-02
zde-la-rosa@example.org,prubio@example.com,2024-05-28
zde-la-rosa@example.org,merinoabelardo@example.net,2024-05-11
zde-la-rosa@example.org,lozadaserafin@example.org,2023-05-15
solorzanosonia@example.net,adela06@example.com,2024-02-11
solorzanosonia@example.net,rolando46@example.net,2024-01-06
solorzanosonia@example.net,geronimosuarez@example.org,2025-06-19
peresguillermina@example.net,armandovaldez@example.com,2024-03-15
peresguillermina@example.net,emilianovillalpando@example.net,2026-03-18
peresguillermina@example.net,rodriquezmartha@example.com,2026-01-10
peresguillermina@example.net,alejandrovaldez@example.org,2021-09-15
maria-eugenia18@example.net,emilio29@example.org,2024-05-27
maria-eugenia18@example.net,alonsodaniela@example.com,2023-12-03
maria-eugenia18@example.net,augustoolivera@example.com,2024-06-23
maria-eugenia18@example.net,leonardo55@example.net,2023-03-30
luis-manuelvillanueva@example.net,lsalas@example.com,2025-10-27
luis-manuelvillanueva@example.net,nayeliroldan@example.com,2022-05-01
luis-manuelvillanueva@example.net,mauricio66@example.com,2025-06-20
luis-manuelvillanueva@example.net,tcarvajal@example.org,2021-06-20
luis-manuelvillanueva@example.net,malavewilfrido@example.com,2021-06-23
helena55@example.org,robledoirma@example.net,2025-05-31
helena55@example.org,carbajaleva@example.org,2023-04-23
helena55@example.org,augustoolivera@example.com,2023-04-12
tejadaestela@example.com,montanorocio@example.net,2025-02-19
tejadaestela@example.com,rosarioraul@example.com,2021-07-05
tejadaestela@example.com,romerogilberto@example.org,2025-03-03
montanorocio@example.net,elisa75@example.com,2026-04-04
montanorocio@example.net,gerardode-la-garza@example.com,2024-12-31
montanorocio@example.net,alejandro27@example.com,2022-01-08
montanorocio@example.net,luciacarrera@example.net,2025-02-25
montanorocio@example.net,jeronimojaquez@example.com,2024-10-01
covarrubiasrafael@example.org,veronica87@example.com,2023-10-27
covarrubiasrafael@example.org,padillaoswaldo@example.org,2026-02-11
covarrubiasrafael@example.org,beatrizmontano@example.com,2023-11-08
covarrubiasrafael@example.org,antonia44@example.com,2026-03-02
covarrubiasrafael@example.org,patricio56@example.com,2024-05-14
covarrubiasrafael@example.org,cesar71@example.com,2023-08-13
covarrubiasrafael@example.org,araceli85@example.com,2024-09-15
mauriciomontalvo@example.net,linda53@example.org,2024-08-01
mauriciomontalvo@example.net,juan-carlos01@example.net,2024-10-02
mauriciomontalvo@example.net,albadulce@example.com,2023-03-14
franciscocordero@example.org,orellanaandrea@example.com,2021-10-13
franciscocordero@example.org,enrique70@example.net,2022-10-23
franciscocordero@example.org,miriamverduzco@example.net,2025-04-01
franciscocordero@example.org,julia65@example.org,2023-08-03
wendolin85@example.net,alvarobeltran@example.com,2022-11-28
wendolin85@example.net,davidbanuelos@example.org,2025-01-04
wendolin85@example.net,utrujillo@example.com,2024-08-16
wendolin85@example.net,jorgeespinoza@example.org,2025-08-29
wendolin85@example.net,chavezteresa@example.net,2021-12-29
wendolin85@example.net,bernabe17@example.org,2022-04-05
wendolin85@example.net,felipede-la-torre@example.net,2024-12-15
wendolin85@example.net,camila94@example.net,2023-04-25
dalia99@example.com,florencia61@example.org,2023-01-31
dalia99@example.com,molinarolando@example.com,2021-10-14
dalia99@example.com,elvirajiminez@example.net,2026-03-10
dalia99@example.com,nmontemayor@example.org,2023-10-06
bermudezeloisa@example.com,yuridiavillagomez@example.com,2023-02-09
bermudezeloisa@example.com,lbernal@example.com,2024-02-11
bermudezeloisa@example.com,dolorespolanco@example.net,2025-12-23
bermudezeloisa@example.com,jeronimojaquez@example.com,2025-10-22
bermudezeloisa@example.com,luciacorona@example.net,2023-02-21
bermudezeloisa@example.com,rosario17@example.org,2024-06-07
bermudezeloisa@example.com,quirozemilio@example.org,2023-06-23
bermudezeloisa@example.com,juan-carlos01@example.net,2024-05-30
mnieves@example.net,merinoabelardo@example.net,2023-02-25
mnieves@example.net,cuellarana-luisa@example.net,2024-04-21
mnieves@example.net,enava@example.net,2021-05-25
mnieves@example.net,cecilia60@example.com,2024-02-12
rubengarica@example.org,elisa75@example.com,2024-12-09
rubengarica@example.org,laraflavio@example.net,2023-03-25
rubengarica@example.org,orellanaandrea@example.com,2022-02-08
rubengarica@example.org,alejandrovaldez@example.org,2021-08-05
rubengarica@example.org,martha89@example.org,2023-01-04
rubengarica@example.org,israelvalles@example.net,2025-09-07
rubengarica@example.org,rolandoraya@example.net,2024-12-18
isaac69@example.net,miramontescelia@example.org,2021-12-23
isaac69@example.net,tapiaconcepcion@example.org,2023-06-11
isaac69@example.net,enava@example.net,2025-12-04
isaac69@example.net,trinidad80@example.com,2021-12-07
isaac69@example.net,inesportillo@example.org,2023-09-21
isaac69@example.net,yesparza@example.net,2024-11-13
isaac69@example.net,eloisa49@example.com,2023-10-06
chavezteresa@example.net,slozano@example.org,2021-11-11
chavezteresa@example.net,clara28@example.net,2026-01-16
chavezteresa@example.net,monicadel-valle@example.com,2023-02-24
chavezteresa@example.net,jose-eduardoloera@example.net,2024-09-20
chavezteresa@example.net,sofiadelgadillo@example.net,2023-08-12
chavezteresa@example.net,augustoolivera@example.com,2022-07-12
chavezteresa@example.net,velezmarisela@example.net,2021-04-21
chavezteresa@example.net,smata@example.org,2024-04-22
sde-la-torre@example.org,trinidad80@example.com,2022-10-19
sde-la-torre@example.org,maria-jose83@example.net,2021-11-21
sde-la-torre@example.org,dalia99@example.com,2021-12-07
sde-la-torre@example.org,zeferino45@example.com,2021-07-27
sde-la-torre@example.org,moralesabel@example.com,2026-02-25
zoe26@example.org,montoyajulio@example.com,2025-12-31
zoe26@example.org,armentaalejandro@example.org,2025-07-22
zoe26@example.org,israelmerino@example.net,2021-05-25
zoe26@example.org,pizarrosoledad@example.org,2023-06-10
zoe26@example.org,icisneros@example.net,2026-04-08
zoe26@example.org,isabela95@example.org,2024-01-23
zoe26@example.org,xcollazo@example.com,2022-04-26
zoe26@example.org,tcervantez@example.com,2021-11-13
claudio32@example.net,saucedajorge-luis@example.org,2025-01-19
claudio32@example.net,rolandorobledo@example.net,2024-02-23
claudio32@example.net,zeferino89@example.org,2026-02-22
claudio32@example.net,alonso04@example.org,2022-11-26
claudio32@example.net,karlaposada@example.org,2022-07-30
claudio32@example.net,cresposoledad@example.org,2022-02-09
claudio32@example.net,rodriquezmartha@example.com,2022-06-20
zunigabenjamin@example.org,gonzalezamalia@example.org,2022-01-29
zunigabenjamin@example.org,armandodelgadillo@example.com,2023-03-10
zunigabenjamin@example.org,barelatrinidad@example.net,2026-03-19
zunigabenjamin@example.org,alonsoolivares@example.org,2021-09-17
zunigabenjamin@example.org,amadorreynoso@example.net,2025-08-17
eva73@example.org,micaela25@example.net,2024-02-25
eva73@example.org,tomasmarin@example.org,2025-04-21
eva73@example.org,ngarcia@example.org,2024-07-08
eva73@example.org,luiscamarillo@example.com,2025-03-05
eva73@example.org,citlalirobledo@example.net,2022-12-19
eva73@example.org,maria-del-carmenulloa@example.net,2023-09-30
eva73@example.org,augustoolivera@example.com,2021-06-27
soledadolvera@example.com,karlaposada@example.org,2023-07-20
soledadolvera@example.com,franciscocordero@example.org,2024-08-30
caraballoesperanza@example.org,rperez@example.com,2025-06-06
caraballoesperanza@example.org,araceli85@example.com,2022-12-21
caraballoesperanza@example.org,japodaca@example.net,2025-02-02
caraballoesperanza@example.org,malavewilfrido@example.com,2021-07-02
caraballoesperanza@example.org,vguillen@example.net,2024-11-13
caraballoesperanza@example.org,sduran@example.com,2024-10-17
bravoursula@example.org,veronica87@example.com,2021-07-06
bravoursula@example.org,lourdescastro@example.org,2026-01-15
bravoursula@example.org,rolando79@example.net,2024-05-20
bravoursula@example.org,colladojos@example.com,2023-10-07
carrascodiana@example.org,fidel98@example.net,2023-11-25
carrascodiana@example.org,hernanlemus@example.org,2024-04-18
carrascodiana@example.org,japodaca@example.net,2026-03-25
carrascodiana@example.org,qmontanez@example.com,2023-03-05
carrascodiana@example.org,federico55@example.org,2024-04-25
carrascodiana@example.org,vguillen@example.net,2025-12-10
ybueno@example.com,esquivelestela@example.org,2022-01-01
ybueno@example.com,dianaestrada@example.org,2022-07-17
ybueno@example.com,barriosberta@example.net,2023-12-02
ybueno@example.com,vlugo@example.org,2025-03-11
ybueno@example.com,chaconcristal@example.org,2025-07-08
ybueno@example.com,de-la-cruzabigail@example.com,2023-12-12
ybueno@example.com,talejandro@example.net,2023-11-08
ybueno@example.com,isabela95@example.org,2024-10-19
elvira75@example.com,chavarriajuan@example.net,2024-05-22
elvira75@example.com,xrivas@example.net,2022-12-10
elvira75@example.com,zulloa@example.net,2025-02-19
elvira75@example.com,badillopatricia@example.com,2025-04-16
elvira75@example.com,solorzanosonia@example.net,2023-09-11
rolando79@example.net,jeronimomontoya@example.org,2021-07-29
rolando79@example.net,razocarlota@example.net,2023-09-19
sandra88@example.com,montoyajulio@example.com,2023-05-22
sandra88@example.com,laura55@example.net,2022-01-04
sandra88@example.com,jorge49@example.com,2023-01-21
sandra88@example.com,jose-eduardoloera@example.net,2024-02-08
sandra88@example.com,renato65@example.org,2025-08-26
sandra88@example.com,sde-la-torre@example.org,2022-03-15
sandra88@example.com,carrascodiana@example.org,2023-03-08
raulperalta@example.org,aestrada@example.net,2026-03-20
raulperalta@example.org,serafinrodarte@example.com,2025-04-27
raulperalta@example.org,laura68@example.com,2025-02-14
raulperalta@example.org,sessasegura@example.org,2025-04-20
raulperalta@example.org,conchitaledesma@example.com,2022-03-31
raulperalta@example.org,tejadaestela@example.com,2024-11-16
velazquezjose-maria@example.com,robledoirma@example.net,2021-09-26
velazquezjose-maria@example.com,monicadel-valle@example.com,2025-11-04
velazquezjose-maria@example.com,gramon@example.net,2025-02-22
jacintomontemayor@example.com,gavalos@example.org,2022-09-30
jacintomontemayor@example.com,aprado@example.net,2025-08-19
jacintomontemayor@example.com,prubio@example.com,2022-01-04
jacintomontemayor@example.com,laura68@example.com,2022-01-19
jacintomontemayor@example.com,enrique70@example.net,2023-03-28
jacintomontemayor@example.com,nfierro@example.org,2025-04-24
jacintomontemayor@example.com,jorge49@example.com,2022-02-24
jacintomontemayor@example.com,modesto72@example.org,2024-10-26
modesto72@example.org,mateocaridad@example.org,2023-03-22
modesto72@example.org,casasnayeli@example.org,2025-12-11
modesto72@example.org,ricardo93@example.net,2021-10-09
modesto72@example.org,baezahilda@example.org,2023-10-09
sessasegura@example.org,caridadcampos@example.net,2025-08-19
sessasegura@example.org,tromo@example.org,2021-09-29
sessasegura@example.org,yolivares@example.com,2026-03-04
sessasegura@example.org,gabriel23@example.org,2025-09-22
penadavid@example.com,jorgeespinoza@example.org,2025-06-30
penadavid@example.com,guillermo66@example.com,2025-12-27
penadavid@example.com,vgallardo@example.org,2021-10-03
penadavid@example.com,reynaldo67@example.net,2021-05-20
penadavid@example.com,alonsodaniela@example.com,2024-12-21
ualtamirano@example.com,corralesrocio@example.org,2023-05-06
ualtamirano@example.com,ymerino@example.org,2025-05-09
ualtamirano@example.com,zunigabenjamin@example.org,2023-04-11
ualtamirano@example.com,montanorocio@example.net,2026-01-03
ualtamirano@example.com,alicia83@example.com,2025-01-11
ualtamirano@example.com,gomezeugenio@example.net,2024-12-21
ualtamirano@example.com,cesar71@example.com,2025-11-05
ualtamirano@example.com,rosalialimon@example.net,2022-05-29
casasnayeli@example.org,berta19@example.net,2025-01-15
casasnayeli@example.org,madridcarlota@example.org,2023-09-05
casasnayeli@example.org,qmontanez@example.com,2022-05-30
casasnayeli@example.org,mario54@example.com,2026-02-23
casasnayeli@example.org,dzayas@example.org,2022-08-05
casasnayeli@example.org,utrujillo@example.com,2023-02-18
casasnayeli@example.org,mauricio66@example.com,2021-08-01
casasnayeli@example.org,gomezeugenio@example.net,2024-05-16
anaranjo@example.net,trinidad80@example.com,2024-05-25
anaranjo@example.net,de-andaandrea@example.net,2025-11-30
anaranjo@example.net,geronimosuarez@example.org,2023-07-15
anaranjo@example.net,linda53@example.org,2023-05-01
anaranjo@example.net,felixbueno@example.com,2022-12-01
anaranjo@example.net,bahenaclaudia@example.com,2022-07-08
anaranjo@example.net,evazquez@example.net,2023-12-13
anaranjo@example.net,prubio@example.com,2025-09-09
geronimosuarez@example.org,vanesaheredia@example.org,2023-11-08
geronimosuarez@example.org,riverocecilia@example.org,2022-01-30
geronimosuarez@example.org,israelmerino@example.net,2022-02-18
geronimosuarez@example.org,albadulce@example.com,2022-10-15
saenzelisa@example.org,uperalta@example.com,2021-10-19
saenzelisa@example.org,xllamas@example.org,2025-08-27
victorcardenas@example.org,alonso04@example.org,2024-01-28
victorcardenas@example.org,trinidad80@example.com,2021-08-15
victorcardenas@example.org,amaliabenitez@example.com,2024-03-11
victorcardenas@example.org,eloisa49@example.com,2022-07-08
victorcardenas@example.org,palaciospatricia@example.net,2023-07-12
victorcardenas@example.org,antonia44@example.com,2023-05-29
victorcardenas@example.org,mtapia@example.com,2024-03-08
fmadrigal@example.org,xcollazo@example.com,2023-07-28
fmadrigal@example.org,ernestogarica@example.net,2024-04-17
fmadrigal@example.org,carrerozeferino@example.org,2021-09-17
fmadrigal@example.org,carrascodiana@example.org,2024-08-26
vresendez@example.com,marianaquezada@example.net,2024-06-24
vresendez@example.com,japodaca@example.net,2026-01-10
vresendez@example.com,eloisa49@example.com,2026-03-20
vresendez@example.com,javier66@example.com,2021-09-21
vresendez@example.com,catalinapedroza@example.net,2024-12-01
vresendez@example.com,tellezteresa@example.net,2025-05-13
vresendez@example.com,aguileraines@example.org,2023-10-25
vresendez@example.com,benavidespablo@example.org,2023-06-29
pornelas@example.com,zamorafrancisco-javier@example.net,2024-11-11
pornelas@example.com,claudioescalante@example.org,2021-08-30
pornelas@example.com,enava@example.net,2023-03-18
pornelas@example.com,natalia00@example.net,2023-11-16
rolandorobledo@example.net,carriongraciela@example.net,2024-07-13
rolandorobledo@example.net,ramonpadilla@example.com,2024-01-20
rolandorobledo@example.net,chavarriajuan@example.net,2025-05-03
rolandorobledo@example.net,dianamelgar@example.net,2021-12-01
rolandorobledo@example.net,elvirajiminez@example.net,2023-12-26
rolandorobledo@example.net,carrerozeferino@example.org,2026-02-08
rolandorobledo@example.net,jose-eduardocovarrubias@example.org,2023-04-08
gescamilla@example.org,de-la-rosalorena@example.net,2022-01-27
gescamilla@example.org,mateocaridad@example.org,2026-03-01
gescamilla@example.org,rubengarica@example.org,2022-04-21
gescamilla@example.org,menchacacarlota@example.com,2023-10-31
gescamilla@example.org,galvanjaqueline@example.net,2022-01-17
gescamilla@example.org,pornelas@example.com,2022-08-25
valentinpamela@example.net,aocampo@example.net,2024-09-03
valentinpamela@example.net,lucia23@example.net,2024-06-03
valentinpamela@example.net,zamudiocristian@example.net,2025-11-29
valentinpamela@example.net,lindacarrillo@example.org,2021-06-28
valentinpamela@example.net,carriongraciela@example.net,2021-05-21
valentinpamela@example.net,japodaca@example.net,2023-10-19
valentinpamela@example.net,elisa75@example.com,2024-12-02
avaloscecilia@example.net,xnegrete@example.net,2025-08-25
avaloscecilia@example.net,velezmarisela@example.net,2023-03-18
avaloscecilia@example.net,jose-eduardoloera@example.net,2024-03-30
avaloscecilia@example.net,zunigabenjamin@example.org,2022-08-05
zamorafrancisco-javier@example.net,rubengarica@example.org,2023-08-11
zamorafrancisco-javier@example.net,mcarvajal@example.net,2025-02-10
zamorafrancisco-javier@example.net,yolandaarenas@example.net,2024-04-15
zamorafrancisco-javier@example.net,urocha@example.net,2022-02-17
zamorafrancisco-javier@example.net,elisahinojosa@example.org,2024-12-06
yuridiavillagomez@example.com,felixbueno@example.com,2023-07-23
yuridiavillagomez@example.com,israelmerino@example.net,2024-01-13
yuridiavillagomez@example.com,olveraandres@example.com,2022-07-10
yuridiavillagomez@example.com,roberto52@example.net,2025-05-21
yuridiavillagomez@example.com,yolandaarenas@example.net,2022-02-27
juan-carlos01@example.net,penadavid@example.com,2023-09-18
juan-carlos01@example.net,angelica70@example.org,2021-04-26
juan-carlos01@example.net,eloisa59@example.com,2024-01-25
emilio29@example.org,virginiatrejo@example.org,2022-08-01
emilio29@example.org,mariolimon@example.net,2024-05-19
emilio29@example.org,luis-manuelvillanueva@example.net,2021-09-23
emilio29@example.org,cgamboa@example.com,2025-12-27
emilio29@example.org,lcamacho@example.net,2023-11-29
emilio29@example.org,xnegrete@example.net,2025-05-25
emilio29@example.org,isaacrico@example.com,2023-06-22
merinoabelardo@example.net,alonsodaniela@example.com,2024-09-22
merinoabelardo@example.net,marcelacoronado@example.net,2021-07-11
merinoabelardo@example.net,tromo@example.org,2025-12-23
peraltacamila@example.com,guillermo66@example.com,2023-08-29
peraltacamila@example.com,luciacorona@example.net,2024-06-22
peraltacamila@example.com,irizarryesther@example.com,2025-11-29
olgaverduzco@example.net,esquivelestela@example.org,2025-11-14
olgaverduzco@example.net,diazisrael@example.com,2026-01-24
olgaverduzco@example.net,ricardo93@example.net,2026-02-27
olgaverduzco@example.net,reynaldo67@example.net,2025-12-08
olgaverduzco@example.net,raquelsisneros@example.net,2021-12-19
olgaverduzco@example.net,enava@example.net,2023-11-28
olgaverduzco@example.net,jorgeespinoza@example.org,2021-05-27
gerardode-la-garza@example.com,alejandra88@example.net,2024-08-04
gerardode-la-garza@example.com,jaqueline93@example.org,2023-02-27
gerardode-la-garza@example.com,roldanadan@example.net,2025-08-02
silvia83@example.net,mario54@example.com,2023-12-23
silvia83@example.net,mauricio66@example.com,2023-05-08
acervantez@example.org,amaliabenitez@example.com,2022-01-15
acervantez@example.org,alonso04@example.org,2025-07-04
acervantez@example.org,badillopatricia@example.com,2024-06-25
acervantez@example.org,angela97@example.com,2023-09-19
acervantez@example.org,rubengarica@example.org,2024-09-22
acervantez@example.org,jorgeespinoza@example.org,2023-02-13
acervantez@example.org,elisahinojosa@example.org,2022-05-31
gomezeugenio@example.net,gerardode-la-garza@example.com,2021-05-23
gomezeugenio@example.net,maria-luisaalba@example.com,2023-06-06
gomezeugenio@example.net,rosalialimon@example.net,2025-05-21
gomezeugenio@example.net,leonardo55@example.net,2024-05-07
gomezeugenio@example.net,riverocecilia@example.org,2025-08-24
gomezeugenio@example.net,badillopatricia@example.com,2023-09-22
mariolimon@example.net,uriasalfonso@example.org,2024-12-01
mariolimon@example.net,jorge49@example.com,2022-10-10
mariolimon@example.net,conchitaledesma@example.com,2022-07-02
mariolimon@example.net,yuridiavillagomez@example.com,2023-11-22
mariolimon@example.net,arturo61@example.org,2022-01-16
mariolimon@example.net,benavidespablo@example.org,2023-07-20
mariolimon@example.net,natalia00@example.net,2022-09-20
mariolimon@example.net,alicia83@example.com,2025-10-05
ksantacruz@example.com,arevalovirginia@example.com,2025-03-31
ksantacruz@example.com,aocampo@example.net,2024-03-21
ksantacruz@example.com,luciacorona@example.net,2021-09-14
ksantacruz@example.com,daliacervantez@example.org,2021-07-18
isaacrico@example.com,jacintozavala@example.net,2021-05-06
isaacrico@example.com,mauricio66@example.com,2023-10-22
isaacrico@example.com,montoyacaridad@example.net,2023-09-27
isaacrico@example.com,esparzajaime@example.net,2025-06-18
isaacrico@example.com,karlaposada@example.org,2024-12-02
isaacrico@example.com,mariano28@example.com,2022-03-23
maresmaria-luisa@example.net,ksantacruz@example.com,2022-04-23
maresmaria-luisa@example.net,caraballoesperanza@example.org,2025-01-31
maresmaria-luisa@example.net,monicadel-valle@example.com,2022-02-19
maresmaria-luisa@example.net,jassomarco-antonio@example.net,2022-10-08
maresmaria-luisa@example.net,juan-carlos01@example.net,2021-07-09
maresmaria-luisa@example.net,maria-luisa51@example.org,2024-02-26
maresmaria-luisa@example.net,maciasarmando@example.net,2026-04-12
romerogilberto@example.org,araceli85@example.com,2022-04-11
romerogilberto@example.org,emilianovillalpando@example.net,2022-10-20
romerogilberto@example.org,uriasalfonso@example.org,2025-11-07
romerogilberto@example.org,wendolin85@example.net,2025-01-31
romerogilberto@example.org,beatrizmontano@example.com,2023-11-21
romerogilberto@example.org,utrujillo@example.com,2024-11-02
romerogilberto@example.org,vigilmaria-cristina@example.org,2024-12-30
romerogilberto@example.org,natalia00@example.net,2024-03-28
benavidespablo@example.org,luis97@example.net,2022-12-18
benavidespablo@example.org,hsanchez@example.net,2023-02-23
benavidespablo@example.org,susana67@example.com,2023-06-06
benavidespablo@example.org,smata@example.org,2022-06-23
benavidespablo@example.org,mnieves@example.net,2022-10-11
benavidespablo@example.org,utrujillo@example.com,2025-05-15
ramirosalcido@example.net,beatrizmontano@example.com,2024-12-10
ramirosalcido@example.net,lbernal@example.com,2024-05-25
ramirosalcido@example.net,vguillen@example.net,2024-04-17
ramirosalcido@example.net,urocha@example.net,2021-12-01
ramirosalcido@example.net,pescobar@example.org,2021-07-08
ramirosalcido@example.net,zamorafrancisco-javier@example.net,2022-02-04
ramirosalcido@example.net,japodaca@example.net,2021-06-21
maria-elenavillanueva@example.com,jacintomontemayor@example.com,2021-11-24
maria-elenavillanueva@example.com,adela06@example.com,2022-12-16
maria-elenavillanueva@example.com,jeronimovelasquez@example.org,2023-05-25
baezahilda@example.org,talejandro@example.net,2025-01-09
baezahilda@example.org,corralesrocio@example.org,2022-05-04
baezahilda@example.org,elvira75@example.com,2021-08-03
baezahilda@example.org,adela06@example.com,2024-11-20
baezahilda@example.org,maria-luisaalba@example.com,2024-03-29
baezahilda@example.org,cynthiahidalgo@example.net,2023-10-12
baezahilda@example.org,david33@example.com,2024-04-17
jaqueline93@example.org,mariolimon@example.net,2025-12-12
jaqueline93@example.org,robledoirma@example.org,2022-10-30
galvezjose-eduardo@example.net,carbajaleva@example.org,2023-01-31
galvezjose-eduardo@example.net,jorge49@example.com,2026-01-26
galvezjose-eduardo@example.net,gavalos@example.org,2026-02-15
galvezjose-eduardo@example.net,elsa08@example.net,2022-06-17
galvezjose-eduardo@example.net,gonzalezamalia@example.org,2021-12-27
galvezjose-eduardo@example.net,abrahamnajera@example.com,2025-05-19
galvezjose-eduardo@example.net,alonsoolivares@example.org,2022-11-22
galvezjose-eduardo@example.net,ricardo93@example.net,2026-03-19
