email,titulo,puntuacion,fecha,comentario
nayeliroldan@example.com,El cazador,4,2023-12-18,Error dolor doloribus officia ad asperiores voluptas.
nayeliroldan@example.com,La batalla final,5,2024-09-21,Suscipit quis nam veritatis tempore veritatis vel soluta.
nayeliroldan@example.com,El horizonte perdido,4,2024-04-30,Aut tempore itaque iusto reiciendis soluta.
nayeliroldan@example.com,Implosion,4,2025-04-18,Dolore quaerat totam dolores.
nayeliroldan@example.com,Tormenta interior,2,2023-08-16,Aliquid fuga placeat enim quisquam cum non.
nayeliroldan@example.com,Territorio enemigo,2,2024-03-22,Earum minus dolor vel doloremque aspernatur odio.
zgurule@example.org,Sin limite,3,2023-07-13,Provident facere quo neque.
zgurule@example.org,Oscuridad total,2,2024-03-15,Voluptates numquam perspiciatis in modi necessitatibus.
zgurule@example.org,La tela de araña,4,2025-02-18,Atque ex est ipsa esse.
moralesesperanza@example.net,La sombra del pasado,4,2025-05-21,Aliquam harum ullam consectetur libero nam eveniet.
moralesesperanza@example.net,El precio de la gloria,5,2025-10-07,Voluptate excepturi maxime beatae eius soluta.
moralesesperanza@example.net,Sin identidad,1,2025-07-16,Dolores impedit perspiciatis alias.
moralesesperanza@example.net,Sin piedad,3,2024-07-14,Iusto nemo vero odio.
moralesesperanza@example.net,El proyecto secreto,2,2023-07-23,Exercitationem eos dicta velit ut natus cum distinctio.
segoviaarcelia@example.net,La herida abierta,5,2023-07-19,Animi molestiae quo aspernatur.
segoviaarcelia@example.net,Oscuridad total,4,2024-08-17,Voluptatibus inventore molestias accusamus totam hic.
segoviaarcelia@example.net,La rueda del destino,5,2023-05-31,Debitis numquam ullam assumenda ex dicta.
segoviaarcelia@example.net,La noche de los lobos,4,2024-09-13,Eligendi dolorem quod dicta odio odit.
segoviaarcelia@example.net,Explosion,4,2025-07-15,Eligendi quam praesentium excepturi illum maxime quis temporibus.
florencia61@example.org,El guardian eterno,3,2026-03-02,Perferendis itaque facere esse sed necessitatibus maiores.
florencia61@example.org,La maldicion,5,2024-10-31,Quod cumque aspernatur ad eveniet quam.
florencia61@example.org,Sin fronteras,2,2025-11-06,Eveniet iure error soluta voluptatibus dolor reiciendis.
florencia61@example.org,El oraculo,3,2025-09-28,Magnam velit vel beatae dolore.
florencia61@example.org,Punto ciego,3,2023-04-22,Dignissimos veritatis dolorem voluptatibus reiciendis exercitationem odio.
florencia61@example.org,La red de mentiras,4,2025-01-11,Minus explicabo sit nisi ratione omnis labore voluptas.
florencia61@example.org,El ultimo grito,1,2025-07-12,Quas consequatur cupiditate nemo dolorum explicabo.
florencia61@example.org,En el limite,1,2024-06-30,Accusantium quibusdam architecto beatae doloribus inventore repellendus ullam.
florencia61@example.org,La fuga,5,2023-07-17,Commodi necessitatibus aliquid pariatur.
florencia61@example.org,El ultimo recurso,1,2025-04-29,Id quae pariatur tenetur sint soluta asperiores inventore.
florencia61@example.org,Cero absoluto,5,2025-07-10,Maiores blanditiis perferendis asperiores delectus earum officiis eligendi.
florencia61@example.org,El ultimo acto,1,2024-08-05,Accusamus velit omnis dolorem ex.
florencia61@example.org,La segunda oportunidad,2,2023-06-02,Libero dicta corrupti odit itaque dolor ducimus nam.
luiscamarillo@example.com,El enviado,2,2025-11-19,Doloremque adipisci voluptatum.
luiscamarillo@example.com,El punto final,2,2024-04-17,Id sint odio occaecati.
luiscamarillo@example.com,El ultimo heroe,4,2024-03-12,Hic laudantium omnis debitis.
luiscamarillo@example.com,Conexion fatal,3,2025-12-26,Exercitationem eius a deserunt eos.
maria-luisa51@example.org,Sin nombre,4,2023-11-12,Consectetur iure eligendi a illo.
maria-luisa51@example.org,El vacio,3,2025-03-14,Magnam iste veritatis laudantium dolores ab.
maria-luisa51@example.org,La red de mentiras,4,2024-02-20,Sapiente aspernatur impedit omnis magni fuga animi.
maria-luisa51@example.org,El despertar,5,2026-03-10,Esse saepe earum magnam itaque rerum.
maria-luisa51@example.org,Sin retorno,3,2025-02-06,Totam laborum aperiam tempore voluptatibus.
maria-luisa51@example.org,La fuerza del destino,2,2023-12-22,Alias natus veritatis.
maria-luisa51@example.org,Mas alla del horizonte,3,2023-10-07,Doloribus aliquid porro in.
maria-luisa51@example.org,El doble juego,1,2024-01-15,Temporibus earum explicabo.
maria-luisa51@example.org,La zona roja,5,2025-11-24,Molestiae occaecati iure placeat.
jeronimojaquez@example.com,La batalla final,2,2025-05-18,Perferendis veniam ut unde.
jeronimojaquez@example.com,Sombras del pasado,1,2025-09-18,Ab temporibus sed quaerat ad.
jeronimojaquez@example.com,Sin retorno,4,2023-07-31,Ex unde accusantium exercitationem.
jeronimojaquez@example.com,La bestia,3,2023-05-03,Quaerat nihil repellat veritatis.
jeronimojaquez@example.com,El infiltrado,4,2026-03-07,Quod dolorum laboriosam dolor.
jeronimojaquez@example.com,El observador,3,2023-08-02,Tempore molestiae eaque animi labore facilis.
jeronimojaquez@example.com,El peso del silencio,1,2024-10-05,Ut quisquam dignissimos quo velit rem cum.
jeronimojaquez@example.com,El mundo al reves,3,2024-08-16,Vitae cum non esse nemo.
jeronimojaquez@example.com,El oraculo,2,2026-01-08,Aliquam soluta nobis perspiciatis labore natus tempora.
jeronimojaquez@example.com,La trampa,1,2023-08-06,Nam sunt quod aperiam unde illo ratione.
gramon@example.net,El juego mortal,3,2025-08-10,Nulla accusantium inventore consequuntur.
gramon@example.net,La rueda del destino,3,2024-01-08,Porro porro adipisci suscipit ea repellendus soluta commodi.
gramon@example.net,Fractura,4,2024-04-12,Quia facilis eum praesentium.
gramon@example.net,El mundo al reves,3,2024-08-22,Sapiente voluptatem esse iste.
gramon@example.net,El precio del poder,5,2024-11-10,Culpa dignissimos eos fugiat doloremque consequatur.
gramon@example.net,Tormenta interior,1,2023-08-21,Repellat dolor sequi libero suscipit perferendis.
ernestogarica@example.net,El elegido,5,2025-09-17,Voluptas amet debitis veritatis quia.
ernestogarica@example.net,El precio del poder,2,2025-04-09,Eos accusantium facilis laudantium inventore quae nobis perspiciatis.
ernestogarica@example.net,El cazador de almas,1,2024-06-10,Architecto quis quia quos optio et officiis perspiciatis.
ernestogarica@example.net,El ultimo susurro,3,2025-10-31,Nihil sint cum.
ernestogarica@example.net,El prisionero,3,2024-05-02,Veniam consectetur est error nisi.
ernestogarica@example.net,La red de mentiras,1,2025-12-14,Facilis a optio laborum quae fugiat fuga.
ernestogarica@example.net,Descenso,5,2025-06-07,Quam dolor ex architecto.
ernestogarica@example.net,La fuga,1,2025-10-04,Nam aliquid voluptatum quod illum.
ortaesther@example.org,El regreso,5,2025-08-07,Aut quas totam excepturi deserunt.
ortaesther@example.org,El ultimo susurro,3,2026-01-13,Quis nemo impedit aperiam aut.
ortaesther@example.org,Detonacion,4,2024-10-30,Quis pariatur sequi ullam dignissimos rem cupiditate.
ortaesther@example.org,Fuga imposible,2,2026-03-09,Doloremque veritatis impedit illo eius.
ortaesther@example.org,La fuerza del destino,4,2023-12-11,Accusamus quidem assumenda et officia ipsa consequuntur.
ortaesther@example.org,Furia imparable,5,2026-03-28,Incidunt dolorem maxime maxime perspiciatis quidem sunt.
ortaesther@example.org,El silencio roto,4,2023-07-28,Officia incidunt ipsam inventore odit.
ortaesther@example.org,La rueda del destino,3,2024-05-28,Similique molestias sint amet exercitationem nulla.
ortaesther@example.org,La caida,3,2026-01-06,Exercitationem quis corporis temporibus eaque libero.
ortaesther@example.org,Implosion,3,2024-03-28,Nulla consequuntur rem.
ortaesther@example.org,El guardian,5,2023-04-23,Mollitia provident doloremque nemo ipsa consectetur.
de-la-cruzabigail@example.com,El umbral,1,2025-12-11,Sit odit provident voluptates ducimus corrupti magni eos.
de-la-cruzabigail@example.com,El guardian,3,2024-09-16,Quas ratione harum consequatur modi beatae deserunt.
de-la-cruzabigail@example.com,El cruce,1,2025-10-12,Alias provident sint in libero.
de-la-cruzabigail@example.com,El espejo roto,2,2025-02-15,Culpa laborum error enim vitae voluptatem.
de-la-cruzabigail@example.com,El cazador,2,2023-07-27,Doloremque at error quos repudiandae excepturi illum.
de-la-cruzabigail@example.com,El enviado,5,2024-07-28,Architecto culpa laudantium voluptatibus culpa rem porro sit.
de-la-cruzabigail@example.com,Colisión de mundos,4,2023-10-26,Eos animi blanditiis harum.
de-la-cruzabigail@example.com,El oraculo,4,2024-05-31,Voluptates illum officia in doloremque.
de-la-cruzabigail@example.com,La espiral,2,2023-05-17,Deleniti dignissimos dolorem explicabo saepe quibusdam.
de-la-cruzabigail@example.com,La marca del diablo,4,2025-12-28,Provident debitis eos dolore sunt.
de-la-cruzabigail@example.com,El elegido,4,2024-07-14,Eaque ex inventore cupiditate nam.
de-la-cruzabigail@example.com,Sin salida,5,2023-08-22,Repellendus aliquam necessitatibus corporis quasi nostrum.
micaela25@example.net,La señal,5,2025-07-22,Placeat deleniti dolorem impedit iusto earum numquam facilis.
micaela25@example.net,Abismo,3,2026-03-03,Mollitia qui nihil amet doloribus error minus.
micaela25@example.net,La trampa mortal,4,2024-04-14,Aliquam ab consequuntur enim nemo aperiam.
micaela25@example.net,Sin identidad,4,2025-12-10,Fugiat ipsum esse.
micaela25@example.net,La isla perdida,2,2025-02-04,Vitae quia laborum.
micaela25@example.net,Instinto,5,2026-03-23,Facilis ex aut occaecati officia corrupti.
micaela25@example.net,La trampa,2,2024-05-07,Quisquam aut quidem.
micaela25@example.net,El regreso del mal,3,2025-09-09,Modi voluptatibus maxime fuga consectetur nobis accusantium.
micaela25@example.net,El oraculo,1,2024-02-23,Repellendus distinctio quos mollitia dignissimos.
micaela25@example.net,La cadena rota,5,2025-07-05,Temporibus veritatis modi placeat occaecati odit saepe similique.
micaela25@example.net,La maquina del tiempo,4,2025-03-24,Dolore maiores temporibus nam reiciendis.
micaela25@example.net,Cero absoluto,5,2023-04-30,Optio ut incidunt.
micaela25@example.net,Voces en la oscuridad,3,2024-02-17,Harum aliquid sequi vero provident.
abril23@example.net,El mundo al reves,4,2024-04-01,Deleniti voluptatum praesentium quaerat.
abril23@example.net,Punto ciego,4,2025-09-22,Hic officia dicta consequuntur ab.
abril23@example.net,El ultimo heroe,2,2025-12-23,Porro eos mollitia totam maiores distinctio excepturi placeat.
abril23@example.net,Mas alla del horizonte,5,2024-12-30,Quaerat impedit temporibus dicta quasi veritatis sint.
abril23@example.net,La noche sin fin,4,2023-07-17,Quas maiores sed impedit vero eos eum impedit.
abril23@example.net,Renacimiento,1,2023-05-11,Explicabo maxime voluptate expedita vel.
abril23@example.net,La espiral,2,2025-01-26,Delectus perferendis debitis.
abril23@example.net,El cazador solitario,3,2023-05-16,Numquam libero illum deserunt consequuntur provident explicabo.
abril23@example.net,La amenaza,1,2023-05-01,Iusto eveniet eligendi soluta molestias sapiente.
abril23@example.net,La ultima batalla,2,2023-12-09,Ad placeat quidem.
abril23@example.net,El ultimo susurro,2,2025-04-02,Dicta ad at est libero non veniam.
abril23@example.net,El cruce,4,2024-01-13,Deleniti repudiandae sed hic qui repellendus praesentium.
gabriel23@example.org,Oscuridad total,4,2025-08-18,Vero saepe atque.
gabriel23@example.org,Sin identidad,3,2025-02-19,Nobis perferendis quod saepe aliquam quod illum.
gabriel23@example.org,El guardian eterno,4,2026-03-11,Voluptatibus suscipit sit modi.
gabriel23@example.org,El cazador de almas,5,2026-01-16,Quos perspiciatis natus distinctio cum nobis.
gabriel23@example.org,El legado,2,2023-08-25,Incidunt et ipsa ex ipsa nulla.
gabriel23@example.org,El prisionero,3,2023-12-10,Sequi excepturi quis laboriosam fugit ea ullam.
gabriel23@example.org,Mas alla del bien,2,2025-07-05,Iusto modi excepturi tempore enim atque.
gabriel23@example.org,La fuerza del mal,5,2026-03-23,Provident dolorem commodi ea pariatur molestiae.
gabriel23@example.org,Abismo,1,2023-08-20,Veritatis culpa fugit.
gabriel23@example.org,Sin tregua,2,2023-07-14,Error laudantium voluptatem cupiditate numquam similique doloremque.
gabriel23@example.org,Sin nombre,1,2025-11-24,Rerum autem magnam repellat deleniti sit.
gabriel23@example.org,La señal perdida,3,2023-10-04,Praesentium quas corporis minima exercitationem ea debitis ea.
ramiro25@example.org,El prisionero,4,2024-05-12,Quam sunt voluptates aliquam fugiat.
ramiro25@example.org,Insurreccion,5,2025-12-30,Dolore sint itaque esse eaque hic ab.
ramiro25@example.org,Mas alla del bien,2,2025-02-02,Ea quo dolore.
ramiro25@example.org,El ultimo grito,4,2025-07-18,At voluptas dignissimos nostrum.
ramiro25@example.org,El legado,5,2026-01-28,Nihil sed illum nulla voluptatem similique animi.
ramiro25@example.org,Torbellino,2,2024-08-28,Reiciendis et iusto autem perspiciatis deserunt illo nihil.
ramiro25@example.org,El precio del poder,1,2024-02-22,Sint consequatur dolorem quia.
ramiro25@example.org,Detonacion,3,2024-10-22,Dolorum aliquam error soluta perferendis reiciendis quaerat.
wporras@example.org,El eco del pasado,4,2024-08-26,Doloremque omnis enim nemo consectetur aspernatur tempore.
wporras@example.org,Sin retorno,3,2025-08-21,Cupiditate esse odit pariatur vero corrupti.
wporras@example.org,Impacto final,1,2023-07-23,Adipisci doloribus quam voluptates amet nihil.
wporras@example.org,El horizonte perdido,3,2023-12-13,Id soluta repellendus delectus sapiente eligendi.
wporras@example.org,Fuga imposible,4,2025-08-31,Ut dolor alias porro laudantium.
wporras@example.org,La maldicion,4,2023-10-07,Ipsum at pariatur laboriosam delectus vero quae.
wporras@example.org,El poder oculto,1,2026-01-13,In ad maiores impedit.
wporras@example.org,La venganza perfecta,4,2026-02-13,Vero quasi accusantium maiores quibusdam doloribus aperiam rem.
wporras@example.org,El ultimo grito,5,2023-09-18,Natus in molestiae rem adipisci.
jassomarco-antonio@example.net,Furia imparable,5,2023-11-13,Quis delectus nihil accusantium aliquid.
jassomarco-antonio@example.net,Sin tregua,1,2023-11-13,Quos adipisci reiciendis incidunt ipsum perferendis doloribus quis.
jassomarco-antonio@example.net,Sin limite,1,2023-12-24,Quia temporibus distinctio officiis aliquid illo modi.
jassomarco-antonio@example.net,El ultimo testigo,5,2023-07-21,Reiciendis doloremque itaque ex possimus dolorem porro dolor.
jassomarco-antonio@example.net,En el limite,1,2025-10-22,Fugit laudantium a tempora inventore blanditiis.
jassomarco-antonio@example.net,Torbellino,4,2023-04-20,Distinctio temporibus repudiandae recusandae ipsa vitae.
jassomarco-antonio@example.net,El despertar,3,2025-10-03,Provident nulla quia aliquid natus facilis fugit.
cgamboa@example.com,El mensajero,1,2023-09-29,Tempora saepe voluptatem nisi.
cgamboa@example.com,Sin piedad,1,2023-08-23,Consectetur aperiam consequuntur officia amet at.
cgamboa@example.com,La redencion,2,2023-05-14,Ut exercitationem facere repellat consectetur recusandae voluptatum assumenda.
cgamboa@example.com,La herida abierta,1,2026-03-26,Tempora est minima quis unde similique doloremque at.
nmagana@example.net,El poder oculto,2,2024-11-16,Sed incidunt libero suscipit voluptatum totam.
nmagana@example.net,Origen,3,2025-06-28,Voluptas quidem magnam error asperiores consectetur quam.
nmagana@example.net,Cero absoluto,4,2025-12-03,Cum nisi modi pariatur.
nmagana@example.net,La frontera,2,2025-04-17,Sit magnam necessitatibus odit voluptatum itaque.
nmagana@example.net,El guardian,2,2024-08-30,Corporis quibusdam consectetur ipsa beatae quis.
nmagana@example.net,Torbellino,5,2025-01-18,Officiis laboriosam autem cumque consequuntur non natus dolorum.
nmagana@example.net,Derrumbe,5,2024-12-20,Nemo eaque expedita labore veritatis ad.
nmagana@example.net,Colision,5,2024-06-12,Mollitia sint veniam ad impedit.
nmagana@example.net,Zona de peligro,3,2024-03-12,Explicabo harum maxime pariatur et.
nmagana@example.net,La fuerza del destino,2,2024-10-25,Distinctio iste corrupti sed doloribus iusto optio.
nmagana@example.net,El doble juego,3,2025-01-01,Facere sunt labore aliquid.
nmagana@example.net,La batalla final,5,2026-03-06,Facere accusantium accusantium nam.
nmagana@example.net,Tierra de nadie,3,2025-05-16,Voluptatibus beatae non deleniti repellat ipsum.
nmagana@example.net,Golpe mortal,4,2023-07-27,Nisi quos commodi magni aliquid.
alfredo45@example.net,Caos total,3,2024-03-06,Hic suscipit commodi magnam adipisci iure soluta soluta.
alfredo45@example.net,El cazador solitario,5,2024-05-07,Laudantium consequuntur consequatur similique laboriosam veniam ipsa excepturi.
alfredo45@example.net,Punto critico,3,2024-06-07,Inventore repellat vel quae optio ipsam.
alfredo45@example.net,La red de mentiras,3,2024-03-01,Consequuntur ipsum nam tenetur ea quod.
msauceda@example.net,La voz del silencio,5,2024-07-13,Nobis quisquam natus repellendus totam iure dolore.
msauceda@example.net,Tiempo prestado,2,2024-01-16,Exercitationem deserunt voluptatibus suscipit sit sapiente optio.
msauceda@example.net,La amenaza silenciosa,5,2025-05-28,Iste perspiciatis repellat tempore fugiat magnam possimus.
msauceda@example.net,Desolacion,2,2025-07-06,Atque enim pariatur laborum ut harum voluptatum.
msauceda@example.net,Renacimiento,3,2025-11-20,Sed ipsum corporis dignissimos.
msauceda@example.net,Sin fronteras,2,2023-08-22,Molestiae ducimus rerum doloremque perferendis reprehenderit.
msauceda@example.net,La alianza,1,2023-11-10,Doloribus optio repellendus ratione excepturi rerum.
luciacarrera@example.net,El regreso del mal,5,2024-09-06,Suscipit ipsum quo dolor sunt.
luciacarrera@example.net,La señal,5,2023-10-09,Laudantium voluptates officiis sed.
luciacarrera@example.net,La caja de pandora,1,2026-01-29,Consequuntur accusamus eligendi recusandae eos mollitia ea perspiciatis.
luciacarrera@example.net,Luz y oscuridad,2,2025-03-05,Impedit neque unde aut sunt iusto itaque.
luciacarrera@example.net,El mundo al reves,3,2025-02-23,Cumque esse ut et maxime soluta necessitatibus.
luciacarrera@example.net,La conspiración,3,2026-03-29,Aliquid voluptate totam adipisci.
barrientosmariano@example.net,La oscuridad interior,3,2025-03-02,Numquam fuga natus ea optio.
barrientosmariano@example.net,El ultimo grito,1,2024-05-19,Quis impedit laboriosam enim perferendis.
barrientosmariano@example.net,La noche sin fin,5,2024-02-09,Eveniet sapiente sapiente incidunt dignissimos aliquam.
armandovaldez@example.com,El eco del pasado,2,2025-11-14,Magni quia illum reprehenderit pariatur.
armandovaldez@example.com,La herencia maldita,2,2025-02-16,Veritatis eveniet quod eligendi sint esse.
armandovaldez@example.com,Zona prohibida,4,2025-04-09,Quam reprehenderit neque quidem sit iste necessitatibus iure.
armandovaldez@example.com,El abismo oscuro,2,2025-09-02,Nulla molestiae possimus animi ex non.
armandovaldez@example.com,El peso del silencio,3,2023-12-30,Inventore temporibus tempora neque suscipit.
armandovaldez@example.com,Sueños rotos,1,2024-03-07,Mollitia in quidem nemo.
armandovaldez@example.com,Explosion,1,2025-08-04,Rem neque esse inventore ipsam amet perferendis.
armandovaldez@example.com,Tormenta de fuego,4,2024-01-18,Perferendis ratione corrupti repellendus labore adipisci sunt.
casanovamercedes@example.net,La noche sin fin,3,2025-08-05,Veritatis quos similique ab libero.
casanovamercedes@example.net,La caida libre,3,2023-09-04,Ipsa veniam modi iusto perspiciatis odit voluptas deleniti.
casanovamercedes@example.net,Fragmentos,5,2024-12-14,Expedita totam consequuntur voluptatem illum labore tempore.
casanovamercedes@example.net,El cazador solitario,3,2024-04-01,Cumque libero velit et.
casanovamercedes@example.net,Voces en la oscuridad,2,2024-04-13,Laudantium quidem placeat.
casanovamercedes@example.net,La zona gris,5,2024-01-16,Dolores quisquam similique magni.
casanovamercedes@example.net,El prisionero,2,2025-02-10,Nam temporibus repellendus eos repudiandae quibusdam.
casanovamercedes@example.net,El ultimo acto,5,2024-02-02,Velit ducimus cum dolore sit fugiat asperiores.
linda53@example.org,Sin cuartel,2,2023-05-29,Odio consectetur deserunt occaecati ipsum beatae.
linda53@example.org,El ultimo paso,2,2024-06-02,Et quam tenetur dolorem est asperiores similique quas.
linda53@example.org,El peso del silencio,3,2025-10-12,Ad officiis fuga quas labore.
linda53@example.org,La bestia,2,2023-09-03,Quos corrupti ipsam distinctio non voluptas.
linda53@example.org,El precio de la gloria,1,2026-04-18,Consequuntur ab consequuntur odio.
linda53@example.org,La marca del diablo,3,2025-10-21,Accusamus temporibus illum iusto.
linda53@example.org,El cazador de almas,1,2024-01-17,Commodi tempore magni quam fugit magnam deserunt.
linda53@example.org,La sombra del mal,5,2025-08-08,Exercitationem accusantium voluptates impedit quibusdam.
linda53@example.org,La maquina del tiempo,1,2025-07-25,Magni consequuntur magnam rem harum omnis laborum deleniti.
marisolmunoz@example.com,El peso del silencio,2,2023-09-10,Autem ipsum molestiae quod.
marisolmunoz@example.com,La venganza,2,2025-05-10,Optio blanditiis reiciendis corporis ipsam possimus laborum.
marisolmunoz@example.com,El punto final,3,2023-04-24,Facilis esse distinctio.
marisolmunoz@example.com,La herida abierta,2,2024-05-19,Sint vel aliquam consectetur odit blanditiis officia.
marisolmunoz@example.com,La ultima batalla,3,2025-02-12,Soluta recusandae alias fugit itaque earum et impedit.
marisolmunoz@example.com,La alianza,3,2024-11-01,Culpa laboriosam explicabo assumenda aut quis architecto.
marisolmunoz@example.com,La isla perdida,2,2025-08-02,Laborum alias nemo rem occaecati voluptas.
marisolmunoz@example.com,El ultimo viaje,5,2023-10-09,Provident blanditiis nostrum quis modi.
padillaoswaldo@example.org,Derrumbe,5,2024-11-06,Odio voluptatum impedit cumque.
padillaoswaldo@example.org,La ultima esperanza,2,2026-02-09,Debitis id hic omnis veniam.
padillaoswaldo@example.org,El regreso del mal,2,2025-11-01,Veritatis totam unde voluptatum debitis quisquam.
padillaoswaldo@example.org,El ultimo grito,2,2025-05-04,Tenetur eaque animi.
padillaoswaldo@example.org,El despertador,5,2023-12-08,Animi nobis temporibus.
tapiaconcepcion@example.org,Sangre fria,3,2024-04-03,Ad deserunt consequuntur debitis ducimus sequi.
tapiaconcepcion@example.org,Explosion,5,2026-02-23,Expedita minus veritatis repellat hic aspernatur.
tapiaconcepcion@example.org,Sin cuartel,3,2024-05-27,Aut officiis possimus similique.
tapiaconcepcion@example.org,Furia imparable,1,2024-06-09,Placeat dolorum corrupti.
tapiaconcepcion@example.org,La sombra del pasado,3,2026-04-02,Quas inventore nisi impedit.
tapiaconcepcion@example.org,La caida libre,2,2024-05-09,Repellendus quam dignissimos facilis aspernatur rerum dolores soluta.
citlalirobledo@example.net,La segunda oportunidad,2,2026-01-29,Quidem at molestias tempora consectetur.
citlalirobledo@example.net,La venganza,1,2023-05-19,Nesciunt eveniet quia rem.
citlalirobledo@example.net,El umbral,2,2026-03-16,Repudiandae id dolorum in fugiat dolor.
citlalirobledo@example.net,La voz del silencio,1,2024-04-07,Commodi illum eos sunt ut esse perspiciatis.
citlalirobledo@example.net,El guerrero,3,2025-02-09,Necessitatibus ullam consequatur inventore omnis ad.
citlalirobledo@example.net,El ultimo susurro,2,2025-10-26,Rem aperiam voluptatem fugiat quae.
citlalirobledo@example.net,La oscuridad interior,1,2023-12-31,Sit blanditiis facere blanditiis nesciunt.
citlalirobledo@example.net,Sombras del pasado,2,2025-02-14,Eveniet velit modi.
indirasolorio@example.org,El poder oculto,4,2024-12-05,Nulla voluptatum quod voluptatibus.
indirasolorio@example.org,La ultima frontera,4,2023-09-05,Neque ut provident aperiam dolores soluta.
indirasolorio@example.org,El guardian eterno,5,2024-07-25,Omnis earum nihil veritatis itaque.
indirasolorio@example.org,La caida libre,5,2023-07-14,Similique ex in maiores.
indirasolorio@example.org,Oscuridad total,2,2025-02-20,Labore quas blanditiis nam corporis.
indirasolorio@example.org,En el limite,5,2025-06-03,Quasi est necessitatibus cum.
marisol29@example.com,Mas alla del horizonte,3,2023-11-12,Rem fugiat corporis cum distinctio dolores.
marisol29@example.com,Fuga imposible,3,2025-05-05,Ipsam reprehenderit quis expedita cum distinctio.
marisol29@example.com,El mundo al reves,4,2026-03-21,At non earum repellendus.
marisol29@example.com,Sueños rotos,5,2024-01-29,Blanditiis et quidem dolor et.
marisol29@example.com,Sin salida aparente,3,2025-10-21,Aut soluta fugit mollitia sunt itaque tempora ab.
marisol29@example.com,Renacimiento,5,2024-01-29,Quis quod ab nulla.
marisol29@example.com,Sin limite,2,2026-03-03,Quod maxime ipsum hic omnis alias vel natus.
marisol29@example.com,La señal perdida,5,2025-09-15,Dolorum asperiores accusantium ducimus sapiente tempore placeat.
marisol29@example.com,La isla perdida,1,2023-07-31,Quae ratione ut tenetur nesciunt aspernatur.
marisol29@example.com,Descenso,4,2023-11-25,Rerum soluta fugit nobis.
marisol29@example.com,El despertador,4,2024-04-17,Dolor a excepturi debitis nulla quasi.
marisol29@example.com,Fuera de control,3,2024-06-03,Magnam rem a a.
marisol29@example.com,La noche sin fin,2,2024-09-28,Expedita earum tempore eligendi soluta.
marisol29@example.com,El ultimo recurso,1,2023-10-01,Veniam molestiae adipisci impedit laboriosam itaque.
santiagoluevano@example.org,La redencion,5,2025-10-19,Voluptatibus provident nostrum.
santiagoluevano@example.org,La fuerza del mal,3,2025-09-15,Laboriosam occaecati dolorum iure odio.
santiagoluevano@example.org,Sin nombre,3,2025-01-07,Earum asperiores at omnis perferendis.
santiagoluevano@example.org,La maldicion,5,2023-05-14,Soluta iure nobis iste mollitia debitis temporibus.
santiagoluevano@example.org,La oscuridad interior,4,2025-04-07,Pariatur amet animi sit.
santiagoluevano@example.org,El doble juego,2,2024-03-30,Eligendi nobis quidem dolor.
santiagoluevano@example.org,Derrumbe,4,2025-12-26,Totam assumenda possimus totam voluptatibus autem.
santiagoluevano@example.org,La voz del silencio,5,2025-04-05,Nemo tempore cupiditate laboriosam.
santiagoluevano@example.org,La promesa rota,4,2026-04-04,Accusantium nemo voluptatibus odio nostrum voluptatem.
santiagoluevano@example.org,La ultima oportunidad,2,2025-08-04,Earum tenetur eos magnam recusandae exercitationem fuga.
santiagoluevano@example.org,La herida abierta,1,2025-09-19,Aliquam accusamus eum unde repellat.
pradocesar@example.org,La sombra del pasado,4,2024-07-26,Neque sapiente cumque.
pradocesar@example.org,Caos total,3,2025-11-22,Magnam vero officia dolor tenetur.
pradocesar@example.org,Sin identidad conocida,4,2025-02-08,Dolorum tempora ullam ipsum.
pradocesar@example.org,La mente oscura,5,2024-01-12,Ipsum quae iusto.
pradocesar@example.org,La isla perdida,4,2024-07-10,Eveniet cum velit fugiat officia ipsum laboriosam praesentium.
alejandra88@example.net,El ultimo acto,3,2024-08-17,Possimus ea vero aliquam tempore.
alejandra88@example.net,Sin identidad,3,2024-07-06,Explicabo odio facere laudantium vitae vel.
alejandra88@example.net,La trampa final,5,2025-04-05,Repudiandae magnam voluptatibus eum.
alejandra88@example.net,El vacio,5,2025-02-08,Officiis commodi laborum neque.
alejandra88@example.net,La herencia maldita,2,2025-10-31,Ipsa aperiam ad consequatur possimus.
alejandra88@example.net,La venganza,2,2024-08-04,Doloremque vel minus nobis.
alejandra88@example.net,Doble identidad,1,2025-01-18,Labore excepturi dolorem perferendis minima nihil.
alejandra88@example.net,El guerrero,1,2025-08-30,Beatae blanditiis temporibus temporibus placeat.
vgallardo@example.org,Furia imparable,3,2025-06-07,Temporibus excepturi aut at.
vgallardo@example.org,Sin memoria,4,2023-06-14,Perferendis ab porro ea.
vgallardo@example.org,Combustion,5,2025-06-30,Odit ab saepe optio doloremque asperiores exercitationem officiis.
vgallardo@example.org,La trampa final,3,2024-07-07,Inventore fuga accusantium esse.
vgallardo@example.org,La tela de araña,4,2024-06-19,Voluptates quisquam expedita repellendus.
vgallardo@example.org,Fuga imposible,5,2024-12-14,Voluptate assumenda accusamus velit.
vgallardo@example.org,La ultima frontera,2,2025-07-27,Porro et architecto asperiores.
vgallardo@example.org,La sombra del mal,2,2026-01-17,Libero beatae adipisci delectus dolorem voluptatum.
vgallardo@example.org,La noche infinita,3,2025-02-23,Temporibus ipsam labore expedita cumque dolore.
vgallardo@example.org,Punto sin retorno,1,2024-06-13,Animi eveniet culpa totam cum laudantium.
vgallardo@example.org,La caida,3,2024-08-02,Commodi eligendi ex quo ipsum.
vgallardo@example.org,Colisión de mundos,4,2023-09-10,Tempora esse natus laudantium.
vgallardo@example.org,El cazador de almas,1,2025-11-23,Occaecati ex nobis aliquam delectus.
vgallardo@example.org,Tiempo prestado,4,2025-01-23,Unde quaerat nobis aut dolorum dolores at.
vgallardo@example.org,Mas alla del horizonte,3,2025-08-06,Ullam consectetur nihil saepe tempore sequi.
bahenaclaudia@example.com,El guardian,1,2024-11-23,Magnam fuga quisquam magni consequuntur eveniet ratione.
bahenaclaudia@example.com,La amenaza silenciosa,3,2025-04-13,Amet omnis ipsum assumenda.
bahenaclaudia@example.com,Entre dos mundos,4,2023-04-30,Consequatur officia totam.
bahenaclaudia@example.com,La ultima esperanza,2,2023-11-22,Iure qui rerum tenetur labore modi.
bahenaclaudia@example.com,La bestia,3,2024-09-01,Tenetur corporis tenetur.
bahenaclaudia@example.com,La tormenta perfecta,3,2024-04-22,Dicta deserunt vero aperiam veniam reiciendis.
bahenaclaudia@example.com,El peso del silencio,2,2025-12-26,Est iusto nesciunt blanditiis perspiciatis vero.
bahenaclaudia@example.com,El destino marcado,3,2024-02-13,Esse fugiat nobis praesentium ullam tempora.
bahenaclaudia@example.com,Explosion,2,2025-03-17,Minima maxime cum aliquid.
bahenaclaudia@example.com,La mente oscura,5,2025-12-29,Maxime vel eos vel distinctio.
camila94@example.net,El legado,4,2025-06-11,Deleniti placeat rerum maxime.
camila94@example.net,La rueda del destino,4,2023-04-21,Ipsa ipsa similique qui ullam culpa.
camila94@example.net,El precio de la gloria,1,2024-07-11,Itaque inventore quod quibusdam alias.
camila94@example.net,La profecia,3,2025-03-28,Repudiandae asperiores voluptatibus placeat omnis dicta corporis ab.
camila94@example.net,La decision,3,2025-12-01,Nisi consectetur tempora fugiat facilis recusandae recusandae accusamus.
camila94@example.net,La noche de los lobos,5,2023-09-13,Quam earum dolorem numquam expedita corporis.
camila94@example.net,Zona prohibida,5,2026-01-24,Occaecati modi ipsam in.
camila94@example.net,El juego mortal,2,2026-02-05,Inventore molestias magnam sapiente neque officiis.
camila94@example.net,Descenso,2,2024-04-07,Maxime sapiente ipsam.
camila94@example.net,La fuga,4,2023-04-25,Itaque alias numquam vel a rerum.
camila94@example.net,El cazador solitario,5,2025-03-30,Porro nisi corporis reprehenderit cupiditate.
camila94@example.net,La cadena rota,5,2023-10-12,Maiores cupiditate quaerat voluptatem.
camila94@example.net,El precio del poder,4,2025-10-09,Accusamus eaque deserunt temporibus corporis deleniti repellendus voluptatibus.
mendezcarolina@example.com,El elegido,3,2023-05-17,Iure nam dignissimos iure natus iusto quasi aperiam.
mendezcarolina@example.com,Instinto,1,2023-09-28,Fugiat quasi dolorum dolores.
mendezcarolina@example.com,La fuerza del destino,5,2024-03-05,Asperiores eaque doloribus ullam quaerat illo.
mendezcarolina@example.com,Mas fuerte que el destino,5,2025-11-23,Sunt et sunt sapiente expedita dolores eligendi.
lcruz@example.net,Mas fuerte que el destino,3,2025-08-15,Nobis autem quibusdam enim porro a eius.
lcruz@example.net,Sin cuartel,2,2023-10-21,Occaecati dicta culpa nisi.
lcruz@example.net,El vigilante,4,2023-11-01,Amet saepe labore aut voluptatem.
lcruz@example.net,El guerrero,5,2023-04-26,Deleniti temporibus eius natus.
lcruz@example.net,Sin rastro,5,2025-04-22,Voluptatem excepturi numquam esse laborum eaque.
lcruz@example.net,Sin salida aparente,2,2026-01-13,Repellat nam error beatae libero dignissimos perferendis ex.
lcruz@example.net,El ultimo testigo,5,2025-04-07,Repudiandae vero harum aliquid reprehenderit quo.
lcruz@example.net,La alianza,5,2025-10-23,Earum nobis culpa nostrum aspernatur ex.
lcruz@example.net,La trampa,5,2026-04-07,Perspiciatis corrupti dicta repellat magni.
lcruz@example.net,La ultima frontera,3,2025-08-15,Repellat ex eaque quidem.
xrivas@example.net,Colisión de mundos,1,2025-04-15,Soluta ad fugiat harum repellendus ea quo reprehenderit.
xrivas@example.net,La trampa,3,2023-11-17,Impedit in doloremque impedit sint.
xrivas@example.net,La marca del diablo,4,2023-07-02,Earum officiis accusantium libero qui earum.
xrivas@example.net,El espejo roto,1,2024-07-02,Reprehenderit distinctio ab repellendus.
xrivas@example.net,El precio de la gloria,4,2025-09-18,Officia laudantium accusamus iusto et laborum.
xrivas@example.net,El maestro del engano,1,2025-11-01,Aliquid cupiditate iste quaerat quam hic.
xrivas@example.net,Conexion fatal,2,2025-09-07,Ex perferendis asperiores non.
mauricio66@example.com,La ultima batalla,4,2025-10-13,Tempore illo mollitia hic.
mauricio66@example.com,Impacto,1,2025-07-19,Harum molestiae dolorum voluptatibus deleniti non aliquam.
mauricio66@example.com,El monstruo interior,3,2025-01-25,Sit quis molestiae quo reiciendis debitis corrupti ullam.
mauricio66@example.com,La batalla final,3,2025-08-02,Repudiandae tenetur officia neque.
mauricio66@example.com,El umbral,5,2023-10-13,Facilis pariatur eligendi soluta.
mauricio66@example.com,Tormenta interior,2,2025-05-01,Vitae ipsa consectetur architecto maiores.
mauricio66@example.com,La marca del diablo,5,2024-10-19,Officia voluptates tempora dolor animi.
mauricio66@example.com,Entre dos mundos,2,2025-06-17,Laudantium magni quas ipsum doloremque maxime quia quasi.
mauricio66@example.com,Conexion fatal,1,2024-08-08,Accusantium at autem laudantium.
mauricio66@example.com,La amenaza silenciosa,3,2024-02-22,Molestiae similique maxime a praesentium.
espartacobriones@example.com,La cadena rota,3,2025-02-21,Magni voluptatum commodi impedit eveniet magnam.
espartacobriones@example.com,El punto final,4,2025-11-05,Perferendis ad ipsum esse distinctio quae reiciendis praesentium.
espartacobriones@example.com,Fragmentos,4,2024-12-09,Nesciunt doloribus odio optio possimus praesentium.
espartacobriones@example.com,La sombra del mal,5,2023-10-25,Explicabo soluta iusto officia pariatur recusandae fugiat.
espartacobriones@example.com,Zona de peligro,2,2024-12-27,Impedit libero placeat architecto expedita vitae.
espartacobriones@example.com,El regreso,4,2025-10-12,Occaecati hic odio unde.
espartacobriones@example.com,El ultimo paso,4,2024-06-03,Suscipit possimus iste quod eius minima.
espartacobriones@example.com,El tercer ojo,4,2023-08-25,Veniam corrupti temporibus.
miriamverduzco@example.net,Implosion,4,2025-02-26,Nulla dignissimos necessitatibus sequi quos numquam cumque aliquam.
miriamverduzco@example.net,La persecucion,1,2023-10-22,Ea doloremque suscipit incidunt omnis facere mollitia.
miriamverduzco@example.net,El doble juego,3,2025-08-26,Veritatis magnam animi saepe culpa.
miriamverduzco@example.net,El guerrero,4,2025-06-20,Recusandae neque inventore cum dolor distinctio.
miriamverduzco@example.net,El prisionero,5,2025-02-09,Porro quam quasi qui.
miriamverduzco@example.net,El cazador,2,2024-01-19,Voluptates voluptatibus nesciunt eos omnis sint.
miriamverduzco@example.net,Sin fronteras,4,2025-12-18,Fugit ducimus soluta eos.
miriamverduzco@example.net,La maldicion,5,2025-12-18,Corporis asperiores magnam explicabo quam est.
miriamverduzco@example.net,La segunda oportunidad,1,2026-03-20,Aliquid accusantium repellat tenetur.
miriamverduzco@example.net,Sombra y luz,4,2024-03-28,Amet earum quasi deleniti impedit saepe.
miriamverduzco@example.net,Tormenta de fuego,3,2023-06-17,Vero accusantium eos dolorem quae.
miriamverduzco@example.net,El poder oculto,2,2025-11-04,Officiis minima in dolore dolorem.
miriamverduzco@example.net,El error fatal,4,2023-09-14,Modi minus modi.
luciacorona@example.net,Combustion,2,2025-03-03,Porro ducimus doloribus voluptas ipsum.
luciacorona@example.net,La mente oscura,2,2025-01-14,Quos expedita magni cupiditate pariatur vitae.
luciacorona@example.net,La amenaza silenciosa,1,2024-04-24,Non dicta animi nemo ipsum.
luciacorona@example.net,El ultimo acto,3,2023-07-20,Minus eum veritatis tempora.
luciacorona@example.net,El abismo oscuro,1,2023-12-29,Soluta nemo repellat fuga modi modi.
luciacorona@example.net,El regreso,3,2024-03-08,Labore occaecati impedit et ipsum.
luciacorona@example.net,La trampa final,2,2023-11-27,Veniam ex id.
luciacorona@example.net,Explosion,3,2023-07-11,Omnis cupiditate illo necessitatibus repellendus.
luciacorona@example.net,La sombra del mal,2,2024-11-11,Delectus inventore laborum vitae.
luciacorona@example.net,La fuerza del destino,4,2023-11-26,Officia odio doloribus maxime dignissimos.
luciacorona@example.net,Codigo rojo,3,2026-01-06,Corrupti nesciunt explicabo accusamus consequatur.
luciacorona@example.net,El ultimo viaje,1,2025-01-21,Quisquam delectus sapiente ex tempore ipsum quidem.
luciacorona@example.net,La fuga,5,2026-03-24,Architecto cumque officiis veritatis sunt reiciendis voluptas.
luciacorona@example.net,Zona de peligro,2,2025-09-13,Perspiciatis earum ullam assumenda eius.
ysierra@example.org,El guardian eterno,3,2024-02-19,Blanditiis facere ad.
ysierra@example.org,El destino marcado,5,2024-01-02,Cupiditate facere reiciendis.
ysierra@example.org,La maquina del tiempo,2,2025-01-02,Officiis nostrum eveniet eligendi nam laborum iure.
israelvalles@example.net,El vigilante,2,2023-12-14,Quibusdam impedit sed.
israelvalles@example.net,Punto sin retorno,3,2026-01-23,Amet amet repudiandae.
israelvalles@example.net,Sin tregua,1,2025-03-06,Quisquam praesentium eligendi.
israelvalles@example.net,El horizonte perdido,2,2024-11-08,Quae iusto corporis quaerat harum facere.
aestrada@example.net,La verdad oculta,3,2025-07-18,Voluptatibus perspiciatis reprehenderit sit.
aestrada@example.net,Sin cuartel,3,2023-07-22,Neque libero eius dolore omnis perferendis nobis.
aestrada@example.net,El juego mortal,3,2024-12-10,Corporis aut asperiores iure eum voluptatum itaque voluptatum.
aestrada@example.net,Renacimiento,3,2026-04-14,At dolorum explicabo.
aestrada@example.net,La caida,5,2025-07-22,Vitae libero hic nisi cumque non.
ramonpadilla@example.com,La marca del diablo,2,2025-11-29,Numquam optio harum aliquid fuga.
ramonpadilla@example.com,El ultimo acto,1,2024-05-08,Repellendus nulla culpa voluptate totam perferendis voluptates.
ramonpadilla@example.com,La guerra fria,1,2024-11-30,Autem nam ex doloremque fuga.
ramonpadilla@example.com,La cadena rota,1,2025-05-21,Tempore labore eligendi eaque accusantium ea.
ramonpadilla@example.com,Colision,3,2024-04-24,Labore culpa perspiciatis ullam tempore.
ramonpadilla@example.com,El cazador solitario,2,2023-11-20,Optio aliquam impedit occaecati provident.
malavewilfrido@example.com,La sombra del mal,5,2026-04-09,Quidem distinctio esse modi excepturi expedita veniam tenetur.
malavewilfrido@example.com,La zona roja,3,2025-12-08,Similique assumenda cum id ipsum minima voluptate repellat.
malavewilfrido@example.com,Voces en la oscuridad,3,2025-02-06,Repudiandae quaerat beatae.
malavewilfrido@example.com,La trampa final,3,2025-10-15,Sunt tempora possimus excepturi eos provident odit.
malavewilfrido@example.com,El cazador de almas,1,2025-11-15,Sequi incidunt rem provident.
malavewilfrido@example.com,La ultima oportunidad,4,2025-05-14,Saepe nisi in illo.
malavewilfrido@example.com,Sombras del pasado,1,2024-06-06,Reiciendis dolorem sed dignissimos consectetur optio voluptates.
malavewilfrido@example.com,Tormenta interior,2,2023-08-29,Magni molestiae accusantium nobis.
malavewilfrido@example.com,Cero absoluto,4,2025-03-28,Ab tempore quaerat eius.
malavewilfrido@example.com,El ultimo susurro,4,2025-11-18,Rem cum perferendis maiores.
malavewilfrido@example.com,La guerra fria,1,2023-06-27,Similique similique deleniti autem aliquam.
bmaldonado@example.org,El enviado,3,2026-04-19,Rem ullam eos at temporibus quos voluptates.
bmaldonado@example.org,La oscuridad eterna,1,2023-08-09,Esse quod beatae porro numquam quidem.
bmaldonado@example.org,El despertador,4,2025-06-20,Sunt facere dolores saepe omnis enim.
bmaldonado@example.org,El cazador de almas,3,2024-08-22,Occaecati dicta optio blanditiis.
bmaldonado@example.org,Mas fuerte que el destino,1,2024-07-14,Enim dolores blanditiis eaque eligendi rem suscipit.
bmaldonado@example.org,Zona de guerra,2,2024-08-28,Veniam voluptas vel a dolor iure voluptatem.
bmaldonado@example.org,El ultimo viaje,3,2023-04-20,Eum velit iste.
bmaldonado@example.org,La noche sin fin,1,2026-01-19,Adipisci veniam provident asperiores provident officia.
bmaldonado@example.org,Impacto final,4,2025-08-08,Saepe rerum dolorem soluta dolorum dolores.
xcollazo@example.com,El cruce,3,2023-11-16,Modi deleniti incidunt ut.
xcollazo@example.com,Sin nombre,5,2025-04-17,Blanditiis fugit dolor deleniti excepturi in.
xcollazo@example.com,La frontera,2,2023-09-21,Hic odit exercitationem dolor saepe eius officia.
xcollazo@example.com,La profecia,3,2024-05-03,Cupiditate ipsum nobis autem.
xcollazo@example.com,Renacimiento,3,2025-01-25,Consectetur aut quibusdam alias.
xcollazo@example.com,Bajo cero,2,2023-11-26,Facilis doloremque ullam fugit.
xcollazo@example.com,Colapso,2,2024-01-29,Rem harum libero excepturi voluptate omnis.
xcollazo@example.com,En el limite,4,2026-01-24,Autem a dolorum dolorem sapiente.
xcollazo@example.com,El doble juego,2,2026-02-20,Veniam recusandae inventore dignissimos sequi consectetur aliquam.
xcollazo@example.com,Tormenta de fuego,2,2025-01-14,Explicabo nisi sint impedit quasi.
xcollazo@example.com,El ultimo dia,3,2023-09-02,Omnis iusto ad modi.
xcollazo@example.com,El eco del pasado,3,2024-12-30,Consequuntur veritatis maxime.
xcollazo@example.com,La caja de pandora,3,2024-01-11,Fugiat molestiae quisquam quam amet.
xcollazo@example.com,El riesgo calculado,4,2025-06-13,Illum provident eligendi praesentium vero neque voluptatem.
calderonrosa@example.net,El testigo silencioso,2,2024-12-03,Placeat tempore ea facere.
calderonrosa@example.net,Sin rastro,2,2023-05-22,Alias quos fugiat et.
calderonrosa@example.net,El guerrero,4,2026-04-13,Consequatur temporibus reprehenderit aspernatur reiciendis inventore.
calderonrosa@example.net,Sueños rotos,2,2024-03-10,Beatae animi rerum fugiat porro officiis accusantium.
gonzaloabrego@example.org,La trampa,1,2024-10-12,Iure doloribus iure perferendis fuga nostrum.
gonzaloabrego@example.org,La conexion,3,2025-06-06,Expedita esse qui a sapiente.
gonzaloabrego@example.org,La voz del silencio,1,2024-02-11,Ab amet vel magni dolor sunt autem.
gonzaloabrego@example.org,La ultima oportunidad,4,2025-08-12,Occaecati pariatur asperiores qui.
gonzaloabrego@example.org,El tiempo se acaba,2,2025-08-19,Numquam doloribus esse porro eveniet.
gonzaloabrego@example.org,El espejo oscuro,2,2024-09-27,Eos doloribus delectus corrupti.
gonzaloabrego@example.org,Oscuridad total,3,2025-08-25,Maxime dicta dicta tempora recusandae animi.
gonzaloabrego@example.org,El ultimo heroe,4,2026-02-08,Itaque perspiciatis dolor sit deleniti neque.
gonzaloabrego@example.org,Impacto final,4,2023-12-13,Vitae magnam vel libero.
gonzaloabrego@example.org,Colisión de mundos,1,2024-03-28,Veritatis expedita fugiat eum autem voluptas facere.
gonzaloabrego@example.org,La maldicion,3,2024-10-23,Dolores voluptate ducimus eligendi molestiae quam libero fugiat.
gonzaloabrego@example.org,La trampa final,4,2025-02-22,Vel sapiente tenetur quasi.
enrique70@example.net,Insurreccion,1,2024-06-21,Tenetur rerum magni atque quam cupiditate commodi.
enrique70@example.net,La caida,1,2024-10-10,Distinctio repellat temporibus cum.
enrique70@example.net,El laberinto,2,2024-12-30,Odio similique asperiores temporibus labore quia.
enrique70@example.net,El secreto del lago,5,2023-09-18,Qui debitis explicabo deleniti similique rem omnis.
miguel-angel25@example.com,La decision,1,2024-01-25,Veniam omnis voluptatem nesciunt occaecati.
miguel-angel25@example.com,El ultimo viaje,3,2023-08-05,Mollitia delectus expedita eos voluptatibus nemo.
miguel-angel25@example.com,El vacio,4,2024-11-10,Praesentium omnis neque ab sed excepturi enim nemo.
de-la-rosalorena@example.net,Punto ciego,1,2025-08-01,Voluptates nisi excepturi delectus velit.
de-la-rosalorena@example.net,El testamento,5,2024-02-22,Ab reiciendis suscipit a.
de-la-rosalorena@example.net,El maestro del engano,2,2025-11-25,Porro quibusdam harum.
de-la-rosalorena@example.net,La isla perdida,2,2024-06-28,Explicabo ipsum facere totam in eveniet consequuntur nobis.
de-la-rosalorena@example.net,La profecia,4,2024-12-03,Iure voluptas ea reiciendis vitae.
de-la-rosalorena@example.net,El monstruo interior,5,2025-05-07,Rem numquam aliquid.
de-la-rosalorena@example.net,La voz del silencio,4,2025-02-21,Esse quibusdam neque.
de-la-rosalorena@example.net,El secreto del lago,5,2023-05-03,Eaque aperiam porro amet facere.
de-la-rosalorena@example.net,La caja de pandora,2,2023-10-07,Non aliquam a voluptatum veniam maxime enim natus.
de-la-rosalorena@example.net,El guerrero,5,2024-12-20,Voluptatem est veniam temporibus.
de-la-rosalorena@example.net,La sombra del mal,5,2025-06-13,Velit magni ab voluptate sapiente.
ulloagonzalo@example.net,Tormenta interior,2,2024-12-09,Quod cumque distinctio sunt nisi distinctio incidunt.
ulloagonzalo@example.net,Punto critico,3,2024-02-28,Ex laudantium dolores vero.
ulloagonzalo@example.net,La caida,4,2023-04-23,Quaerat hic voluptatem saepe corrupti rerum temporibus suscipit.
gdel-rio@example.org,La conexion,5,2026-01-24,Natus totam labore temporibus.
gdel-rio@example.org,El observador,5,2024-12-16,Eos beatae harum voluptate harum alias mollitia.
gdel-rio@example.org,Fuga imposible,3,2023-10-26,Maiores aliquid assumenda ad.
gdel-rio@example.org,El ultimo recurso,4,2025-12-23,Harum laborum autem quibusdam.
gdel-rio@example.org,El doble juego,4,2025-04-11,Totam esse tempore quis quam sequi adipisci.
gdel-rio@example.org,La noche sin fin,4,2023-08-20,Illum voluptatem eaque sint hic laudantium dolorem praesentium.
gdel-rio@example.org,La fuga,4,2023-12-14,Numquam repudiandae illum repellendus voluptatum.
gdel-rio@example.org,Punto sin retorno,5,2024-03-25,Eos quaerat quasi fugit dolorum deleniti laborum.
gdel-rio@example.org,La ultima batalla,4,2024-07-12,Ut cumque ab assumenda.
gdel-rio@example.org,Mas alla del horizonte,4,2025-08-30,Similique repellat velit quidem officiis reiciendis.
gdel-rio@example.org,El precio de la verdad,1,2025-04-15,Labore consequatur id iusto labore voluptatibus pariatur.
gdel-rio@example.org,La red,3,2026-03-06,Totam architecto eaque magnam odio earum.
gdel-rio@example.org,La marca del diablo,3,2023-08-17,In earum id molestiae consectetur sint enim.
gdel-rio@example.org,La caida,4,2024-08-04,Ea occaecati magnam alias accusantium cupiditate explicabo alias.
zeferino45@example.com,La gran aventura,1,2025-10-23,Est in ipsa exercitationem iusto.
zeferino45@example.com,El codigo negro,3,2026-03-15,Modi magni occaecati sunt.
zeferino45@example.com,La ultima oportunidad,5,2025-07-02,Blanditiis mollitia asperiores occaecati fuga quibusdam quos.
zeferino45@example.com,Colisión de mundos,3,2023-12-21,Praesentium voluptas sapiente a maiores facere illum.
zeferino45@example.com,La segunda oportunidad,4,2023-09-21,Dolor voluptates earum alias veritatis nulla neque.
zeferino45@example.com,El peso del silencio,1,2026-02-08,Amet voluptatibus unde quisquam.
ricardo13@example.net,Fuera de control,4,2025-10-21,Eos minima occaecati similique ducimus.
ricardo13@example.net,La tela de araña,2,2023-11-12,Qui doloribus laboriosam tempora a aliquid enim.
ricardo13@example.net,Luz y oscuridad,5,2026-02-03,Molestias excepturi facilis consequatur debitis.
ricardo13@example.net,La redencion,4,2024-03-19,Earum similique consequatur ad dolores praesentium.
ricardo13@example.net,La noche sin fin,4,2025-08-30,Quo pariatur iusto quae quasi dolore incidunt unde.
noemicanales@example.org,Derrumbe,3,2023-11-06,Explicabo ratione alias voluptatem.
noemicanales@example.org,La red,5,2025-10-21,Esse nesciunt ducimus qui beatae officiis.
noemicanales@example.org,El secreto del lago,5,2024-05-17,Laudantium iure explicabo sed odio necessitatibus ea quas.
noemicanales@example.org,La noche sin fin,5,2026-03-17,Asperiores ipsa dolorem fugiat dolore ea eum.
noemicanales@example.org,Punto de no retorno,4,2025-04-27,Assumenda asperiores aliquam.
noemicanales@example.org,Bajo cero,2,2026-02-17,Quibusdam alias laudantium minima.
noemicanales@example.org,El camino perdido,5,2024-06-22,Consequuntur quaerat exercitationem eos velit.
nsolis@example.net,Mas alla del horizonte,5,2023-11-27,Mollitia cumque dolorum magnam.
nsolis@example.net,Explosion,5,2024-10-08,Id animi error tenetur nam repellat.
nsolis@example.net,El espejo oscuro,5,2023-06-01,Distinctio voluptatem corporis tempora excepturi.
nsolis@example.net,Furia imparable,3,2024-08-17,Alias recusandae hic consequatur repudiandae vitae.
nsolis@example.net,El enviado,3,2025-02-02,Laboriosam ab quae cum excepturi.
nsolis@example.net,Origen,1,2024-11-27,Minus ipsa adipisci illum cumque esse veritatis labore.
nsolis@example.net,El destino marcado,2,2026-04-15,Error ex labore optio quas esse.
nsolis@example.net,La herida abierta,3,2023-05-07,Atque dolorem eius.
nsolis@example.net,La caida,3,2025-03-14,Officiis voluptas necessitatibus est earum earum officia porro.
nsolis@example.net,La red,5,2025-06-16,Possimus repudiandae rem fuga.
anavarro@example.com,El silencio roto,4,2024-05-31,Neque sunt omnis explicabo ducimus voluptas.
anavarro@example.com,Furia imparable,5,2023-12-12,Iste impedit omnis quasi consectetur voluptates nobis.
anavarro@example.com,La trampa final,3,2023-10-22,Laborum dolorem nisi blanditiis neque aliquam distinctio.
anavarro@example.com,Desolacion,5,2026-02-11,Reprehenderit nulla quod placeat numquam qui eum.
anavarro@example.com,Sin tregua,4,2024-01-19,Nulla a tenetur nobis quasi quidem aliquam.
anavarro@example.com,La fuga,2,2024-06-16,Beatae molestias quo molestiae esse amet incidunt.
anavarro@example.com,La maldicion,2,2024-06-06,Quidem doloremque pariatur.
anavarro@example.com,Origen,1,2026-01-07,Hic reprehenderit praesentium.
victoriavillalobos@example.org,El ultimo dia,2,2025-08-23,Occaecati voluptatem animi illum consectetur nam quibusdam.
victoriavillalobos@example.org,Zona prohibida,4,2025-12-03,Nobis voluptate facilis tempora.
victoriavillalobos@example.org,La caida,2,2024-05-21,Nesciunt id vitae.
victoriavillalobos@example.org,El ultimo grito,1,2025-11-14,Voluptates quidem alias eaque.
victoriavillalobos@example.org,La maquina del tiempo,3,2025-11-06,Quae odio voluptas eligendi harum reprehenderit quam.
alejandrovaldez@example.org,La herencia maldita,4,2024-07-05,Esse esse temporibus aliquid non harum rerum.
alejandrovaldez@example.org,El codigo negro,3,2024-08-26,Commodi doloribus autem dolore alias.
alejandrovaldez@example.org,La redencion,1,2024-10-12,Esse repellat sapiente facilis.
alejandrovaldez@example.org,La oscuridad interior,3,2025-08-30,Ea explicabo eos incidunt.
alejandrovaldez@example.org,El ultimo paso,2,2024-11-12,Harum id sint consequatur distinctio autem.
alejandrovaldez@example.org,La zona roja,4,2024-02-05,Voluptatibus maiores adipisci accusamus quis dolor est fugit.
alejandrovaldez@example.org,La noche infinita,2,2024-08-10,Laborum blanditiis ea magnam.
alejandrovaldez@example.org,El cazador solitario,1,2025-03-28,Placeat odio nisi labore excepturi animi rerum rem.
alejandrovaldez@example.org,Oscuridad total,4,2025-07-14,Aperiam sit accusamus eius eligendi provident velit.
alejandrovaldez@example.org,La ultima batalla,1,2025-05-14,Magni possimus repellendus minus molestias aliquid dolores atque.
regaladoenrique@example.net,La segunda oportunidad,1,2026-03-18,Eos id ullam assumenda.
regaladoenrique@example.net,La ultima batalla,5,2023-06-26,Accusantium recusandae quisquam impedit repudiandae ea.
regaladoenrique@example.net,En el limite,2,2026-01-29,Est nihil porro illum dolorum amet.
regaladoenrique@example.net,El error fatal,4,2023-05-20,Quidem quis voluptas voluptatum minima.
regaladoenrique@example.net,La oscuridad eterna,5,2024-11-16,Voluptate maiores ratione ut maxime voluptatem.
alejandro27@example.com,La ultima esperanza,2,2025-11-13,Ipsam quibusdam explicabo dolor unde necessitatibus sunt.
alejandro27@example.com,La red,2,2023-10-30,Officia dolores adipisci alias officiis necessitatibus.
alejandro27@example.com,La verdad oculta,3,2023-07-14,A inventore ut reiciendis quidem iure.
alejandro27@example.com,Sin identidad,2,2024-02-01,Eius commodi commodi fugit sapiente nemo.
alejandro27@example.com,Explosion,3,2024-11-01,Officiis necessitatibus aut ab non perferendis accusamus.
alejandro27@example.com,La guerra fria,5,2026-03-12,Quaerat qui ex reiciendis atque id veniam enim.
alejandro27@example.com,El ultimo acto,4,2025-10-28,Harum saepe aperiam inventore ipsam.
alejandro27@example.com,La fuga,4,2023-09-09,Qui officia officia veniam voluptate dolore nulla.
alejandro27@example.com,Fragmentos,3,2023-08-18,Excepturi veritatis sequi tempore ad asperiores sit officia.
alejandro27@example.com,La tela de araña,1,2024-03-03,Veniam aperiam excepturi dolorum soluta maxime possimus.
minervagracia@example.net,El enviado,3,2024-06-16,Ipsa ratione rerum atque sint in alias.
minervagracia@example.net,La oscuridad interior,3,2024-02-02,Soluta ducimus doloremque deleniti consequatur voluptas.
minervagracia@example.net,Tormenta interior,3,2025-06-11,Repudiandae nostrum sit beatae adipisci repudiandae.
minervagracia@example.net,Golpe mortal,5,2025-08-14,Quisquam repellat nostrum necessitatibus aspernatur magni quia.
minervagracia@example.net,El monstruo interior,2,2024-11-26,Sint doloribus ducimus beatae doloremque.
minervagracia@example.net,Descenso,2,2023-10-04,Fugit laborum officia laboriosam voluptas.
minervagracia@example.net,Punto ciego,1,2023-11-18,Porro fugit possimus facilis magnam expedita.
susana67@example.com,Oscuridad total,5,2024-10-26,Hic accusantium autem.
susana67@example.com,El umbral,1,2024-04-20,Numquam praesentium tenetur perferendis aliquam.
susana67@example.com,El ultimo recurso,3,2023-11-18,Earum laborum asperiores.
susana67@example.com,El ultimo grito,3,2023-08-25,Repellat iste facere eligendi iusto cupiditate tempore.
susana67@example.com,La espiral,3,2025-01-03,Minima vel voluptatem ex distinctio nemo cumque.
susana67@example.com,Voces en la oscuridad,1,2024-07-07,Nihil sapiente quia sunt aut dolorum.
susana67@example.com,Colision,4,2024-02-19,Quidem sed dolor illum neque libero.
susana67@example.com,El ultimo viaje,4,2024-05-10,Eaque quae dolores eaque itaque dolore ex itaque.
susana67@example.com,El cazador solitario,1,2023-06-04,At deserunt quod voluptatibus perferendis.
susana67@example.com,La trampa,2,2023-12-13,Iusto cupiditate iste alias aperiam officiis distinctio.
susana67@example.com,El proyecto secreto,2,2023-04-24,Maiores reprehenderit odio ipsam ipsam facilis ducimus.
susana67@example.com,La profecia,5,2024-12-02,Saepe nesciunt blanditiis debitis nihil iste.
carrerozeferino@example.org,Evasion total,1,2025-05-07,Facilis illo ab quia dolorum.
carrerozeferino@example.org,La redencion,4,2026-04-19,Neque ab quam.
carrerozeferino@example.org,Colisión de mundos,5,2025-11-08,Ipsam autem vel eum doloribus.
carrerozeferino@example.org,La herida abierta,1,2024-03-18,Animi iure nam omnis id.
carrerozeferino@example.org,La ultima esperanza,3,2026-01-05,Voluptatibus cupiditate consequatur earum quod deleniti.
carrerozeferino@example.org,Caos total,5,2026-03-20,Debitis eveniet magni dolor harum.
carrerozeferino@example.org,El cazador de almas,5,2023-10-25,Illum beatae molestiae nesciunt ad ullam perspiciatis.
carrerozeferino@example.org,Sin tregua,5,2025-08-24,Amet adipisci quaerat ullam numquam alias iusto commodi.
karlaposada@example.org,El cazador,1,2023-08-07,Doloribus cum debitis.
karlaposada@example.org,El ultimo viaje,2,2023-08-19,Delectus id distinctio inventore.
karlaposada@example.org,El regreso del mal,3,2024-07-06,Quidem voluptatum est porro.
karlaposada@example.org,Origen,3,2025-04-08,Quaerat veritatis aliquam iure sapiente esse.
karlaposada@example.org,La caida,2,2023-08-27,Consectetur beatae distinctio sint pariatur voluptate.
karlaposada@example.org,Impacto final,1,2025-07-01,Necessitatibus harum occaecati cumque placeat delectus.
karlaposada@example.org,El abismo oscuro,1,2024-01-27,Debitis aspernatur vel similique reprehenderit.
karlaposada@example.org,Oscuridad total,4,2026-02-03,Debitis fugiat officia.
karlaposada@example.org,Colisión de mundos,3,2026-02-17,Est earum harum nobis.
karlaposada@example.org,El tiempo se acaba,3,2026-02-14,Quo quas est atque officiis architecto repudiandae in.
karlaposada@example.org,Fragmentos,5,2025-09-27,Aperiam perferendis exercitationem consequatur perferendis.
karlaposada@example.org,El cruce,3,2025-08-11,A temporibus distinctio accusamus.
karlaposada@example.org,Furia imparable,2,2024-02-21,Qui sequi nesciunt aut expedita repudiandae.
renato41@example.net,Tormenta de fuego,5,2025-03-19,Nulla impedit repellendus occaecati veniam consectetur fuga doloribus.
renato41@example.net,La sombra del futuro,2,2024-01-24,Blanditiis officiis ad similique.
renato41@example.net,Sin salida aparente,5,2024-03-29,Ad maxime at ratione et.
renato41@example.net,El ultimo susurro,5,2025-10-07,Voluptate beatae unde eum veniam est voluptatibus.
corralesrocio@example.org,La promesa rota,2,2026-04-19,Vero debitis quo iusto totam nesciunt et.
corralesrocio@example.org,La frontera,3,2024-11-18,Nihil ea animi cupiditate id ab.
corralesrocio@example.org,Desolacion,1,2023-12-18,Quas dicta reprehenderit.
corralesrocio@example.org,El despertador,5,2023-10-21,Incidunt aliquam magni maiores quam.
corralesrocio@example.org,Tormenta de fuego,3,2024-03-21,Voluptatum praesentium suscipit minus.
corralesrocio@example.org,Fuga imposible,3,2024-01-09,Ab earum voluptatem culpa tempora.
corralesrocio@example.org,La noche de los lobos,3,2025-02-09,Sunt quibusdam atque quam.
corralesrocio@example.org,El enviado,4,2023-11-02,Maiores facere aliquam enim nobis ipsa eveniet.
corralesrocio@example.org,La rueda del destino,5,2025-07-22,Accusamus vitae quo nemo.
corralesrocio@example.org,La voz del silencio,4,2024-03-23,Doloremque libero doloremque.
corralesrocio@example.org,La sombra del futuro,3,2024-07-07,Commodi sit voluptatem placeat ex ratione assumenda.
corralesrocio@example.org,Mas alla del bien,2,2023-05-25,Ratione exercitationem magni esse ut accusamus optio.
corralesrocio@example.org,El destino marcado,4,2023-05-04,Autem totam placeat facere illo aspernatur.
qmontanez@example.com,Sin memoria,3,2023-11-14,Iste soluta impedit deleniti sint rem necessitatibus.
qmontanez@example.com,Desolacion,1,2025-08-10,Assumenda voluptatum natus distinctio esse distinctio fuga.
qmontanez@example.com,Bajo cero,3,2024-02-26,Reiciendis officiis quisquam totam tempora repellendus.
qmontanez@example.com,El poder oculto,4,2024-01-23,Nostrum tempore adipisci.
qmontanez@example.com,Sin limite,3,2024-12-03,Veniam aliquid nemo quidem eveniet omnis.
qmontanez@example.com,La clave perdida,3,2023-05-12,Exercitationem non suscipit nam.
qmontanez@example.com,Sombras del pasado,3,2026-03-27,Temporibus et quam sunt.
qmontanez@example.com,Sin cuartel,2,2025-09-13,Labore saepe veniam ut.
qmontanez@example.com,La oscuridad eterna,5,2025-03-15,Sequi recusandae explicabo fugiat quisquam vitae dolores.
qmontanez@example.com,Golpe mortal,1,2025-04-20,Ea animi quas.
qmontanez@example.com,La venganza perfecta,4,2025-06-19,Doloribus similique ipsum quod.
qmontanez@example.com,El mundo al reves,1,2026-01-11,Voluptatum eveniet cupiditate vel aut hic.
mayte25@example.org,Sin piedad,4,2025-09-26,Eos quos consequatur optio.
mayte25@example.org,Doble identidad,2,2024-05-03,Ullam neque minima omnis ducimus repellat explicabo.
mayte25@example.org,La mente oscura,2,2023-09-08,Dolor nemo velit nisi.
mayte25@example.org,La conspiración,3,2023-09-19,Possimus magni exercitationem nemo incidunt.
mayte25@example.org,El ultimo paso,4,2023-05-17,Non recusandae quo.
mayte25@example.org,El prisionero,3,2025-06-14,Nesciunt illum cupiditate hic optio numquam iste.
mayte25@example.org,Sangre fria,3,2026-04-04,Placeat alias rerum impedit fugiat iure.
celianavarro@example.org,Zona de guerra,4,2025-09-27,Dolorum rem eius est veniam.
celianavarro@example.org,Sin salida aparente,4,2024-04-10,Id voluptates velit expedita.
celianavarro@example.org,La promesa rota,1,2024-08-12,Accusamus cumque soluta unde.
silvia68@example.com,Sueños rotos,1,2025-12-07,Repellendus recusandae natus temporibus impedit.
silvia68@example.com,El regreso del mal,2,2023-10-31,Repudiandae praesentium ratione repudiandae quibusdam.
silvia68@example.com,Sombra y luz,3,2023-08-09,Reiciendis error sapiente adipisci numquam quam iusto.
silvia68@example.com,El ultimo dia,5,2024-08-19,Voluptatibus quisquam distinctio harum iure quia nisi nulla.
silvia68@example.com,Abismo,5,2023-08-09,Iusto deserunt voluptatem enim officia at fuga.
silvia68@example.com,La sombra del futuro,3,2025-03-15,Dolorum architecto pariatur voluptate commodi nisi repudiandae.
albadulce@example.com,El ultimo acto,3,2024-07-15,Delectus debitis hic eligendi tenetur maxime.
albadulce@example.com,Colapso,2,2024-08-07,Dolorem id asperiores error.
albadulce@example.com,Sombra y luz,4,2025-02-12,Officiis qui sit molestias asperiores dignissimos.
albadulce@example.com,Tiempo prestado,5,2023-09-26,Ut voluptas error sint excepturi.
albadulce@example.com,Punto critico,4,2024-06-27,Maiores dolores quos labore provident porro.
albadulce@example.com,Desolacion,5,2025-02-25,Earum ab nulla qui.
albadulce@example.com,El maestro del engano,3,2023-10-15,Doloremque aperiam ipsa incidunt perspiciatis.
albadulce@example.com,Oscuridad total,4,2023-12-30,Quasi doloribus adipisci perspiciatis aliquam eius qui soluta.
albadulce@example.com,La fuerza interior,3,2023-10-02,Amet illo ad ea.
albadulce@example.com,El ultimo grito,3,2024-03-03,A quas corrupti perferendis.
albadulce@example.com,El observador,4,2025-08-27,Assumenda fugit minima voluptatem reprehenderit vitae.
albadulce@example.com,La conspiración,1,2025-05-05,Vel quas maiores tempore voluptas sint quibusdam perspiciatis.
javier66@example.com,La maldicion,1,2025-04-18,Accusamus ex aliquam et autem.
javier66@example.com,El tercer ojo,2,2024-09-26,Non maiores possimus.
javier66@example.com,Zona de guerra,4,2025-07-18,Nostrum nostrum possimus laboriosam.
javier66@example.com,El precio del poder,5,2025-11-05,Explicabo sed ipsam repellat enim atque.
javier66@example.com,La fuerza del mal,1,2023-12-13,Dicta est atque amet expedita excepturi ut.
javier66@example.com,La sombra del pasado,3,2025-02-07,Aspernatur vel quo animi cupiditate iste.
javier66@example.com,El ultimo paso,3,2025-07-01,Quis maxime quos deserunt eaque iste quaerat.
javier66@example.com,La oscuridad interior,5,2024-05-19,Porro iure architecto accusamus quidem numquam.
javier66@example.com,El infierno verde,4,2026-03-03,Numquam dolorum velit quo atque ea.
javier66@example.com,La oscuridad eterna,3,2023-06-16,Dolor incidunt repellendus minima quo in quia.
jorge49@example.com,La guerra fria,1,2023-05-23,Saepe magnam sint.
jorge49@example.com,Sin tregua,5,2025-05-18,Inventore recusandae id distinctio tenetur.
jorge49@example.com,La conexion,1,2024-06-13,Numquam dignissimos fugit illum dolor porro.
jorge49@example.com,La ultima batalla,5,2025-03-19,Esse et deleniti nobis dicta quos voluptate.
jorge49@example.com,Cero absoluto,1,2023-06-28,Fugit perferendis numquam deleniti cum inventore voluptates.
jorge49@example.com,Codigo rojo,2,2025-07-24,Saepe minima fuga modi in architecto quod.
jorge49@example.com,La caida libre,3,2025-09-03,Nesciunt eaque qui aliquam iste doloremque debitis.
jorge49@example.com,Zona de peligro,4,2023-07-11,Dicta voluptatibus dicta culpa.
jorge49@example.com,Sueños rotos,1,2025-12-07,Molestiae tenetur velit praesentium provident.
jorge49@example.com,Zona prohibida,5,2023-12-26,In deleniti saepe.
jorge49@example.com,La herencia maldita,3,2024-09-14,Assumenda voluptatum voluptas atque veritatis unde nobis.
jorge49@example.com,Fuera de control,1,2026-01-19,Deserunt aliquam beatae delectus rerum.
jorge49@example.com,El ultimo acto,1,2023-05-01,Dignissimos recusandae quasi minus atque consequatur ea.
jorge49@example.com,Colisión de mundos,4,2024-10-12,Possimus sed repellendus.
jose-eduardoloera@example.net,El infiltrado,1,2025-12-01,Ex quo alias esse.
jose-eduardoloera@example.net,Desolacion,1,2025-08-11,Laboriosam voluptates molestias delectus nesciunt.
jose-eduardoloera@example.net,Sin identidad conocida,4,2024-12-04,Facilis delectus impedit quia vitae dicta aut.
jose-eduardoloera@example.net,El abismo oscuro,5,2024-09-18,Quo velit exercitationem cum.
jose-eduardoloera@example.net,La frontera,1,2024-08-09,Quam non modi dolor nostrum.
jose-eduardoloera@example.net,Sueños rotos,3,2023-05-18,Voluptas rem cumque.
jose-eduardoloera@example.net,La red,4,2025-02-08,Harum odit ab iste sit voluptatem.
jose-eduardoloera@example.net,Sin retorno,2,2025-05-12,Labore eveniet accusantium.
jose-eduardoloera@example.net,Detonacion,3,2025-05-17,Eligendi explicabo maiores est ipsa.
jose-eduardoloera@example.net,La sombra del futuro,2,2023-10-20,Eveniet autem voluptas repellat maiores aut.
jose-eduardoloera@example.net,Voces en la oscuridad,5,2026-03-10,A molestiae fugit voluptatibus quia molestiae nostrum illo.
jose-eduardoloera@example.net,El codigo negro,5,2025-06-10,Corporis occaecati labore natus.
jose-eduardoloera@example.net,El precio de la verdad,2,2024-09-04,Tempore magni quis nemo officia necessitatibus optio.
jose-eduardoloera@example.net,El espejo roto,3,2025-03-10,Inventore animi temporibus tempora culpa iusto quidem.
moralesabel@example.com,La noche sin fin,5,2026-02-14,Voluptatibus vitae voluptates omnis alias.
moralesabel@example.com,El ultimo susurro,3,2024-11-23,Magnam autem incidunt rem ipsum amet ullam.
moralesabel@example.com,Sin salida aparente,5,2023-10-25,Nisi est quod.
moralesabel@example.com,El proyecto secreto,3,2023-07-29,Minima aperiam facilis totam.
judith79@example.net,Bajo cero,2,2024-03-13,Eveniet pariatur sapiente distinctio cum ut totam.
judith79@example.net,La cadena rota,4,2023-04-25,Ad consequuntur sapiente nam et iste ex optio.
judith79@example.net,Sombras del pasado,3,2024-09-01,Aliquid velit alias deleniti pariatur tempore quo.
judith79@example.net,Evasion total,4,2025-09-15,Ut sequi sed atque error ullam cumque.
judith79@example.net,El espiritu guerrero,5,2026-02-04,Impedit sint quod officia reiciendis placeat.
judith79@example.net,El camino perdido,4,2024-04-20,Ea vero sit vero optio adipisci.
pizarrosoledad@example.org,Detonacion,5,2025-01-17,Voluptas beatae eveniet nesciunt.
pizarrosoledad@example.org,El mundo al reves,5,2023-11-16,Atque aut eos enim laborum.
pizarrosoledad@example.org,Voces en la oscuridad,2,2024-11-19,Consectetur quas at.
pizarrosoledad@example.org,El ultimo susurro,4,2025-09-14,Ipsum quasi perspiciatis.
pizarrosoledad@example.org,La redencion,2,2024-07-03,Iste pariatur laborum nam quisquam vero veritatis.
pizarrosoledad@example.org,Sangre fria,1,2024-12-09,Temporibus laboriosam vitae tenetur harum impedit cum nesciunt.
pizarrosoledad@example.org,Sin retorno,3,2024-11-05,Error vel inventore fugit earum eaque facere nostrum.
pizarrosoledad@example.org,La ultima oportunidad,2,2024-06-18,Quidem dolore voluptatibus dolores dignissimos est sint culpa.
pizarrosoledad@example.org,La mente oscura,5,2023-05-22,Eligendi suscipit numquam praesentium.
pizarrosoledad@example.org,El peso del silencio,4,2025-11-18,Voluptatum non accusantium aut.
yesparza@example.net,Colision,2,2026-04-11,Facilis porro dolor nemo necessitatibus.
yesparza@example.net,Origen,1,2023-07-18,Mollitia earum dolores unde commodi.
yesparza@example.net,Sueños rotos,1,2026-01-12,Perspiciatis fugiat animi omnis.
yesparza@example.net,Explosion,4,2024-07-24,Aliquam totam veritatis laboriosam sapiente ducimus autem nulla.
yesparza@example.net,El vigilante,3,2024-04-27,Vel pariatur quo porro repellendus commodi cupiditate.
yesparza@example.net,La maldicion,1,2024-08-04,Porro perspiciatis architecto doloribus optio quasi unde magni.
yesparza@example.net,La profecia,4,2024-09-22,Provident incidunt autem natus nobis illo natus et.
yesparza@example.net,El eco del pasado,5,2025-12-02,Distinctio ipsam itaque eaque.
yesparza@example.net,El ultimo testigo,5,2024-09-12,Dolores quam doloribus quibusdam.
yesparza@example.net,El cazador,2,2024-06-24,Hic doloribus optio praesentium doloremque.
lilia42@example.net,Conexion fatal,1,2025-03-05,Tenetur tempore modi dicta sit.
lilia42@example.net,La conexion,2,2023-12-12,Dolorum minus commodi perspiciatis deleniti odit.
lilia42@example.net,La noche sin fin,3,2023-06-20,Itaque sunt dolor facilis illo officia assumenda.
lilia42@example.net,Fuga imposible,3,2024-01-17,Nisi temporibus officia.
lilia42@example.net,El destino marcado,3,2024-02-06,Repellat quidem voluptas quasi ullam accusantium culpa illo.
lilia42@example.net,El poder oculto,4,2024-06-11,Voluptatem veritatis dolores cupiditate.
lilia42@example.net,El ultimo testigo,4,2024-09-19,Voluptatibus ipsam nostrum amet optio.
lilia42@example.net,Abismo,5,2025-03-31,Ullam iste ipsa iusto modi sint.
lilia42@example.net,La tela de araña,1,2024-11-20,Dignissimos facere aspernatur deserunt illum.
lilia42@example.net,El ladrón de sueños,5,2026-03-10,Ducimus dolore id harum pariatur omnis.
lilia42@example.net,Colision,1,2023-08-27,Aliquam cumque aperiam sint aliquid.
lilia42@example.net,La persecucion,5,2024-03-06,Nulla praesentium ipsam similique unde.
lilia42@example.net,El juego mortal,5,2024-01-05,Dignissimos officiis molestias eveniet eligendi.
lilia42@example.net,La frontera,4,2024-12-16,Expedita harum fugit corporis.
lilia42@example.net,El ultimo heroe,4,2025-02-02,Dolores non sit voluptas laudantium minus eius.
marianovargas@example.org,Colapso,2,2026-03-18,Unde recusandae harum.
marianovargas@example.org,Doble identidad,2,2025-12-11,Consequatur veritatis quisquam eos quasi velit ea cumque.
marianovargas@example.org,El maestro del engano,1,2025-06-03,Nesciunt labore ab a illum at iure.
marianovargas@example.org,El eco del pasado,3,2023-04-24,Sunt impedit voluptatem excepturi.
marianovargas@example.org,El ladrón de sueños,1,2025-03-06,Maiores provident consectetur earum nulla.
marianovargas@example.org,La herencia maldita,1,2024-09-22,Iure id recusandae esse omnis fuga illum culpa.
marianovargas@example.org,El despertar,3,2025-07-09,Beatae amet ab deleniti assumenda.
marianovargas@example.org,La venganza perfecta,3,2024-08-19,Debitis saepe debitis possimus veritatis maxime.
marianovargas@example.org,Sin salida aparente,4,2024-10-16,Officia error qui facilis mollitia veniam omnis.
marianovargas@example.org,Sin limite,3,2024-06-13,Accusamus sed nihil omnis cupiditate.
marianovargas@example.org,El tiempo se acaba,5,2024-11-04,Ex unde voluptatibus tenetur magnam error.
marianovargas@example.org,Impacto,3,2024-12-31,Numquam deleniti tenetur harum et.
marianovargas@example.org,Descenso,3,2024-04-03,Quas ipsa ipsum sit expedita.
marianovargas@example.org,El guardian,5,2026-02-13,Totam saepe magnam.
marcela98@example.org,El infierno verde,4,2023-07-11,Ipsa at iste est ex.
marcela98@example.org,El codigo negro,3,2025-01-18,Ab reiciendis consequuntur enim vel eum enim ipsa.
marcela98@example.org,La pesadilla,2,2025-12-28,Cumque ut labore ducimus pariatur illum dolorum a.
marcela98@example.org,La oscuridad eterna,4,2025-08-23,Velit libero mollitia ab blanditiis consequuntur totam.
marcela98@example.org,La zona roja,3,2026-04-04,Tempore atque modi nulla.
marcela98@example.org,Territorio enemigo,5,2026-03-08,Repellat perspiciatis ipsum culpa.
marcela98@example.org,La herencia maldita,2,2025-12-31,Voluptas a libero porro.
eloisa49@example.com,El prisionero,4,2023-08-27,Nobis quaerat ab amet dolor at voluptas.
eloisa49@example.com,La ultima oportunidad,2,2023-12-21,Illum ut quis qui.
eloisa49@example.com,Sin nombre,3,2025-08-27,Recusandae eius repellat.
eloisa49@example.com,Luz y oscuridad,1,2024-06-03,Nisi eum ullam voluptates commodi.
eloisa49@example.com,El cazador,3,2026-03-20,Modi esse id blanditiis aliquid blanditiis.
eloisa49@example.com,Cero absoluto,1,2023-07-18,Beatae accusantium consequatur minus laborum aperiam nisi.
eloisa49@example.com,La bestia,4,2025-12-18,Porro iusto eos deleniti neque eaque neque asperiores.
eloisa49@example.com,El regreso del mal,1,2025-02-16,Fugit laudantium tenetur.
eloisa49@example.com,Sin limite,2,2023-08-06,Aperiam exercitationem facilis sapiente blanditiis sint.
eloisa49@example.com,La ultima esperanza,4,2024-01-17,Iste minus pariatur unde officiis.
eloisa49@example.com,El precio de la verdad,5,2023-12-31,Adipisci iusto explicabo quod libero fugiat voluptatem.
eloisa49@example.com,El legado,2,2025-09-13,Recusandae laborum eum fugit quod vel dignissimos.
eloisa49@example.com,La pesadilla,1,2023-08-17,Voluptatem unde temporibus.
navarretemarco-antonio@example.com,El regreso,5,2024-05-02,Quasi dolorem quod provident labore dolore ut.
navarretemarco-antonio@example.com,Sombra y luz,4,2024-02-07,Quasi perspiciatis quas quisquam nobis fugiat explicabo.
navarretemarco-antonio@example.com,El tiempo se acaba,4,2024-05-05,Omnis autem tenetur doloribus porro.
navarretemarco-antonio@example.com,La rueda del destino,2,2023-12-21,Illum aperiam reprehenderit amet aliquid occaecati iusto.
navarretemarco-antonio@example.com,Impacto final,3,2025-02-26,Hic repellendus autem soluta aliquid doloremque saepe placeat.
navarretemarco-antonio@example.com,El espiritu guerrero,3,2024-02-14,Voluptate provident laborum quas nisi harum repudiandae.
navarretemarco-antonio@example.com,Territorio enemigo,2,2025-04-24,Tempore asperiores mollitia laudantium adipisci.
navarretemarco-antonio@example.com,En el limite,2,2024-10-23,Eligendi expedita sunt doloremque excepturi.
navarretemarco-antonio@example.com,El cazador de almas,1,2024-08-17,Saepe eaque eveniet.
navarretemarco-antonio@example.com,Sin salida,1,2025-10-20,Soluta iste aperiam facilis eum dolorum sunt.
navarretemarco-antonio@example.com,Sueños rotos,5,2025-03-25,Suscipit sit fugiat quasi aperiam et.
navarretemarco-antonio@example.com,La noche de los lobos,2,2024-04-09,Eligendi doloribus ad alias voluptate commodi nam.
navarretemarco-antonio@example.com,La noche infinita,2,2024-05-25,Provident qui est consequuntur doloribus.
leonardoharo@example.net,La red de mentiras,3,2026-03-04,Vero illo nam adipisci inventore pariatur.
leonardoharo@example.net,La zona roja,3,2023-07-04,Soluta dolorum repellendus odio ex.
leonardoharo@example.net,La ultima oportunidad,1,2025-01-29,Consequatur recusandae quod recusandae voluptate maxime.
leonardoharo@example.net,La marca del diablo,5,2026-03-01,Est veritatis aliquid voluptatibus porro quibusdam.
leonardoharo@example.net,El cazador solitario,4,2023-05-21,Delectus quo laborum velit perspiciatis.
leonardoharo@example.net,La amenaza silenciosa,3,2023-12-09,Eaque laboriosam delectus aperiam amet optio.
leonardoharo@example.net,Tormenta de fuego,2,2025-08-27,Nisi modi placeat ut accusantium.
leonardoharo@example.net,El poder oculto,3,2025-02-07,Excepturi ducimus culpa repellendus blanditiis dolore asperiores.
leonardoharo@example.net,La clave perdida,5,2025-01-01,Ratione inventore iure quia ducimus.
leonardoharo@example.net,La sombra del pasado,1,2024-09-03,Vero illo labore fugit libero numquam nesciunt.
augustoolivera@example.com,La maquina del tiempo,3,2024-02-07,Laboriosam exercitationem in similique asperiores doloribus.
augustoolivera@example.com,El mundo al reves,4,2025-04-11,Ab quae cumque itaque voluptatem.
augustoolivera@example.com,Colision,4,2023-08-13,Accusamus ipsum quasi voluptates.
augustoolivera@example.com,La amenaza silenciosa,1,2023-07-11,Eius tenetur nostrum fugiat error quam nam.
augustoolivera@example.com,La persecucion,5,2025-06-01,Dicta aperiam autem iusto veritatis cupiditate consequatur voluptates.
augustoolivera@example.com,El error fatal,2,2024-03-04,Aperiam ad adipisci tenetur voluptate at.
augustoolivera@example.com,Colapso,1,2025-11-09,Et corrupti impedit velit dolore totam doloremque.
augustoolivera@example.com,Instinto,1,2026-03-12,Veniam consectetur odio consequatur sint voluptates.
augustoolivera@example.com,La oscuridad interior,4,2026-04-07,In ipsum voluptatibus accusamus sapiente nihil mollitia.
augustoolivera@example.com,El cazador solitario,3,2024-05-19,Mollitia at quo.
jaimestimoteo@example.com,Bajo cero,2,2023-10-11,Aliquam vitae ducimus ipsum eos est aperiam in.
jaimestimoteo@example.com,La trampa mortal,1,2024-11-17,Sunt laboriosam ipsum vitae soluta fuga a doloremque.
jaimestimoteo@example.com,La venganza,5,2025-02-27,Veniam quia dicta praesentium cum quo.
jaimestimoteo@example.com,Oscuridad total,5,2023-10-29,Maxime perspiciatis at quaerat officia.
daliacervantez@example.org,La venganza perfecta,1,2024-02-05,Atque dolor qui rem architecto perferendis eveniet iusto.
daliacervantez@example.org,Sin memoria,5,2024-06-18,Asperiores tempora fugit hic delectus nihil.
daliacervantez@example.org,Mas fuerte que el destino,4,2026-01-29,Nesciunt cupiditate molestias dolore sunt id nostrum ea.
daliacervantez@example.org,El precio del poder,2,2023-11-03,Dolorum accusamus distinctio quas et.
daliacervantez@example.org,La señal,3,2024-09-01,Nobis saepe eveniet debitis atque.
daliacervantez@example.org,El secreto del lago,4,2025-07-08,Eos quis non unde dolore veniam.
daliacervantez@example.org,Tormenta de fuego,5,2023-07-03,Aut ab molestiae eos fugiat accusantium.
daliacervantez@example.org,La sombra del futuro,3,2023-10-22,Vitae occaecati aspernatur impedit.
daliacervantez@example.org,El destino marcado,2,2025-09-04,Recusandae quae perspiciatis accusantium natus.
daliacervantez@example.org,El abismo oscuro,3,2025-04-16,Aliquam tempora dolor fugiat delectus numquam dolore.
daliacervantez@example.org,Zona de guerra,4,2026-01-14,Sint consequuntur molestias minima dolores.
daliacervantez@example.org,Fuga imposible,3,2025-09-04,Odio tempora reiciendis quisquam.
daliacervantez@example.org,El punto final,5,2024-09-13,Laudantium dolores hic rerum dignissimos.
daliacervantez@example.org,La isla perdida,1,2024-03-08,Esse esse pariatur dolorem minima.
vigilmaria-cristina@example.org,La ultima frontera,5,2026-01-10,Officiis quidem beatae illum aperiam repudiandae.
vigilmaria-cristina@example.org,La tormenta perfecta,4,2025-05-17,Esse nobis incidunt blanditiis a.
vigilmaria-cristina@example.org,El espiritu guerrero,4,2024-07-10,Odio nihil dicta provident at quos voluptatibus.
vigilmaria-cristina@example.org,El elegido,2,2025-07-09,Sint nobis veniam totam.
vigilmaria-cristina@example.org,Punto sin retorno,5,2024-01-20,Ad sapiente illum.
vigilmaria-cristina@example.org,La persecucion,2,2025-05-25,Minima porro maiores nam odit asperiores.
vigilmaria-cristina@example.org,La pesadilla,1,2024-10-26,Earum rerum esse esse quidem sed.
vigilmaria-cristina@example.org,El infierno verde,3,2023-07-26,Facere unde minus aspernatur repudiandae ea.
vigilmaria-cristina@example.org,Luz y oscuridad,3,2025-05-12,Tempora consequuntur deserunt quasi aliquam.
vigilmaria-cristina@example.org,El punto de quiebre,2,2024-05-18,Modi quos cum similique iure mollitia.
vigilmaria-cristina@example.org,El cazador solitario,1,2025-11-14,Voluptatem odit temporibus consectetur atque.
vigilmaria-cristina@example.org,Fractura,4,2023-07-27,Ea distinctio doloribus molestiae molestias.
federico55@example.org,La promesa rota,5,2024-01-26,Quas id hic labore.
federico55@example.org,Fragmentos,3,2024-02-09,Repudiandae voluptates eligendi minus.
federico55@example.org,La noche sin fin,4,2026-03-18,Suscipit soluta at eveniet.
federico55@example.org,Sin limite,5,2024-09-16,Quisquam magnam perferendis ratione consectetur perspiciatis porro.
federico55@example.org,El infiltrado,5,2025-05-08,Dolorem magnam hic perferendis excepturi at numquam.
federico55@example.org,La amenaza,3,2025-09-02,Sequi quo quia fuga.
federico55@example.org,Sin tregua,1,2023-09-09,Dolorum recusandae reiciendis.
tsauceda@example.com,El despertador,2,2026-02-27,Rem rem hic sunt deserunt saepe.
tsauceda@example.com,Conexion fatal,3,2024-07-24,Voluptatum itaque earum quam accusantium soluta facilis.
tsauceda@example.com,El maestro del engano,5,2025-09-23,Ipsam sit laborum recusandae dolores.
tsauceda@example.com,La fuerza del mal,3,2024-01-21,Quia totam quasi molestias quod maxime quos quod.
tsauceda@example.com,Punto sin retorno,1,2024-03-04,Vero at nihil repudiandae numquam labore.
tsauceda@example.com,El precio del poder,3,2025-02-01,Mollitia impedit temporibus consectetur suscipit consequatur.
tsauceda@example.com,Colisión de mundos,5,2025-07-25,Incidunt voluptate dicta earum expedita omnis.
tsauceda@example.com,El precio de la gloria,2,2023-11-19,Hic fugiat magnam cumque ea doloremque.
tsauceda@example.com,La venganza perfecta,2,2026-01-29,Tempora recusandae numquam commodi facilis.
tsauceda@example.com,El infierno verde,1,2025-12-30,Fugiat quas iusto culpa fugiat.
tsauceda@example.com,Sin limite,3,2025-11-13,Ipsa nihil labore ipsa aliquam.
tsauceda@example.com,La conspiración,5,2026-02-06,Sint saepe tempore alias beatae.
tsauceda@example.com,Luz y oscuridad,4,2025-01-27,Officia voluptatem iusto.
catalinapedroza@example.net,La fuerza del destino,4,2023-09-05,Error at provident unde.
catalinapedroza@example.net,El cruce,1,2025-08-23,Architecto veritatis libero expedita.
catalinapedroza@example.net,Fragmentos,3,2026-02-13,Aspernatur nam quo ducimus quam deleniti consequatur.
benavidezfelix@example.net,El eco del pasado,5,2025-11-27,Ad tempore saepe ab.
benavidezfelix@example.net,El infierno verde,4,2025-12-28,Ipsum quaerat minus est illo asperiores.
benavidezfelix@example.net,La caida,5,2024-01-15,Soluta dignissimos nulla dolores id.
benavidezfelix@example.net,La ultima oportunidad,3,2025-06-13,Repellendus magni quae numquam dignissimos ducimus.
benavidezfelix@example.net,El camino perdido,5,2023-08-09,Occaecati ut quos asperiores.
benavidezfelix@example.net,La segunda oportunidad,3,2023-10-22,Ratione amet vitae ducimus esse praesentium rem.
benavidezfelix@example.net,La oscuridad eterna,1,2025-08-01,Totam consectetur sit eum.
benavidezfelix@example.net,La amenaza,4,2024-09-11,Sequi debitis dolor iusto.
benavidezfelix@example.net,Tormenta de fuego,4,2025-02-05,Magnam deleniti omnis eos dolores.
benavidezfelix@example.net,El cazador solitario,3,2023-08-21,Recusandae ex autem ex dolore adipisci explicabo.
benavidezfelix@example.net,El testigo silencioso,3,2023-07-12,Doloremque inventore voluptate nostrum.
benavidezfelix@example.net,La noche de los lobos,4,2026-02-16,Odio corporis nisi porro necessitatibus vitae nisi.
benavidezfelix@example.net,Caos total,2,2025-03-24,Ullam quae voluptatibus veritatis ex.
benavidezfelix@example.net,La profecia,3,2025-09-13,Fugiat provident ab.
chavarriajuan@example.net,La cadena rota,1,2023-12-14,Magni iste reprehenderit corporis suscipit officia ipsum minima.
chavarriajuan@example.net,Descenso,4,2025-01-19,Temporibus reiciendis laborum repellat.
chavarriajuan@example.net,Punto sin retorno,2,2023-06-18,Provident incidunt explicabo et.
chavarriajuan@example.net,La maquina del tiempo,4,2024-05-14,Numquam consequatur doloremque.
klozano@example.net,La conexion,4,2023-12-05,Odio pariatur vel quas enim cumque.
klozano@example.net,El ultimo recurso,4,2024-02-11,Fuga cum inventore deserunt reiciendis.
klozano@example.net,La fuerza del mal,3,2023-09-15,Error expedita dignissimos amet esse eligendi cumque.
klozano@example.net,Sin piedad ni gloria,3,2025-12-07,Quos neque tempore commodi.
klozano@example.net,El ultimo acto,3,2025-10-24,Unde suscipit expedita ullam.
klozano@example.net,Golpe mortal,2,2023-11-08,Natus recusandae ducimus qui.
klozano@example.net,El silencio roto,2,2024-04-18,Enim sequi iusto voluptate veniam repellat quia sed.
klozano@example.net,El tiempo se acaba,5,2024-11-04,Facere porro aliquid distinctio at.
klozano@example.net,Torbellino,1,2026-01-05,Illum voluptatem laudantium mollitia magni.
klozano@example.net,La maldicion,2,2025-04-04,Neque porro similique magnam veniam laborum.
klozano@example.net,Zona de peligro,3,2025-10-25,Aliquid enim saepe maiores dolorum eligendi.
klozano@example.net,Sombra y luz,4,2025-08-06,Porro aliquid cumque ratione iure.
klozano@example.net,Cero absoluto,4,2024-04-07,Tempore architecto aspernatur perferendis facere cum provident.
zoe06@example.com,Implosion,1,2023-12-18,Inventore fugit voluptate repellendus.
zoe06@example.com,Zona de guerra,5,2025-11-14,Tempora placeat libero ducimus vitae.
zoe06@example.com,La batalla final,1,2024-02-29,Libero unde eius doloribus quo.
zoe06@example.com,Sin piedad ni gloria,1,2024-03-31,Facilis eligendi recusandae voluptatibus ex nemo ut.
zoe06@example.com,El monstruo interior,3,2024-10-12,Architecto similique voluptate dolorem.
zoe06@example.com,La venganza perfecta,5,2025-02-12,Nulla minus nihil aliquid.
zoe06@example.com,La fuerza del destino,4,2025-01-10,Beatae dolores doloremque quasi incidunt impedit.
zoe06@example.com,La caida,1,2024-04-01,Qui dolore possimus sit.
zoe06@example.com,El proyecto secreto,2,2024-05-18,Fugit cupiditate tenetur perspiciatis itaque rem omnis.
zoe06@example.com,El ultimo grito,4,2023-09-01,Aperiam quidem placeat architecto.
zoe06@example.com,Sin rastro,2,2026-03-06,Minima iste quia excepturi neque dolore quaerat reiciendis.
zoe06@example.com,Sin cuartel,5,2025-02-26,Consectetur quas molestias impedit ad.
magdalena94@example.com,El elegido,1,2025-08-25,Rem placeat quidem sequi.
magdalena94@example.com,La ultima oportunidad,3,2024-08-18,Enim illo optio in.
magdalena94@example.com,El espiritu guerrero,1,2024-07-30,Harum corrupti perferendis laboriosam iure rerum officia.
magdalena94@example.com,La herida abierta,1,2026-03-15,Hic delectus possimus dolore.
magdalena94@example.com,La gran aventura,1,2024-10-29,Error fugiat quibusdam expedita ipsam.
magdalena94@example.com,La frontera,3,2024-07-18,Fugiat natus suscipit sed iusto soluta eligendi.
magdalena94@example.com,La fuerza del mal,4,2025-11-25,Placeat quidem deleniti tenetur a eveniet.
magdalena94@example.com,El ultimo heroe,3,2025-09-05,Incidunt amet error eum facere optio suscipit.
magdalena94@example.com,La oscuridad eterna,5,2026-02-14,Suscipit explicabo vero.
magdalena94@example.com,El testamento,1,2024-06-10,Eligendi labore facilis aperiam cumque esse harum.
magdalena94@example.com,Sin rastro,5,2026-03-16,Nesciunt dignissimos impedit laborum.
magdalena94@example.com,Fuga imposible,2,2024-03-05,Tempora quidem eum nihil corrupti.
magdalena94@example.com,Sin memoria,2,2023-12-15,Distinctio quae quibusdam vel illo tempore reprehenderit necessitatibus.
magdalena94@example.com,El cruce,4,2024-09-26,Unde ducimus et debitis neque id nemo libero.
magdalena94@example.com,La guerra de sombras,3,2024-04-15,Similique sit quibusdam et blanditiis ut laborum.
omarroybal@example.com,El laberinto,5,2024-11-23,Iure asperiores magni debitis odio.
omarroybal@example.com,Punto ciego,1,2026-02-16,Sunt perspiciatis ullam corporis sed tempora assumenda.
omarroybal@example.com,Caos total,1,2025-12-20,Doloremque quia laborum earum rem atque occaecati.
omarroybal@example.com,La caida libre,2,2025-10-05,Commodi fuga impedit nihil alias.
omarroybal@example.com,En el limite,1,2024-12-11,Commodi tempore corrupti deserunt.
omarroybal@example.com,Punto critico,3,2023-12-04,Neque laboriosam ab quis itaque mollitia rerum.
omarroybal@example.com,La trampa mortal,2,2025-11-30,Esse beatae quia tempore aperiam.
omarroybal@example.com,El monstruo interior,3,2024-07-02,Reiciendis fuga aperiam asperiores iure.
omarroybal@example.com,Zona de peligro,5,2024-02-01,Hic eum porro maxime similique totam labore.
omarroybal@example.com,La trampa,3,2025-01-12,Corrupti ratione inventore voluptate mollitia.
reina57@example.net,Punto ciego,1,2024-03-20,Corrupti laudantium fugit odit id.
reina57@example.net,Sueños rotos,3,2024-02-11,Expedita numquam cum nam non non.
reina57@example.net,La ultima frontera,5,2025-06-23,Ut enim voluptate veniam beatae.
reina57@example.net,Bajo cero,4,2024-03-04,Vel quas sed quos ab nulla libero.
reina57@example.net,Conexion fatal,1,2025-05-15,Enim fuga natus illum sequi libero accusantium non.
reina57@example.net,Sin cuartel,1,2023-10-19,Maiores fugiat aut modi magnam earum minus.
reina57@example.net,El espiritu guerrero,4,2024-06-04,Tenetur aut cum ipsa quibusdam.
reina57@example.net,La batalla final,4,2025-03-22,Explicabo harum dolor aperiam aliquid.
vacaeric@example.org,Mas alla del bien,1,2024-08-31,Quia corporis cupiditate nemo iure doloribus.
vacaeric@example.org,El proyecto secreto,3,2024-02-03,Exercitationem et beatae.
vacaeric@example.org,La trampa final,5,2024-08-05,Eius molestiae beatae.
vacaeric@example.org,El testamento,3,2023-11-06,Maiores ut culpa minus.
vacaeric@example.org,La caida libre,5,2024-07-04,Iusto assumenda nesciunt quam corrupti magni minima.
vacaeric@example.org,La mente oscura,1,2023-10-16,Quos quos hic accusamus cum ab.
vacaeric@example.org,Impacto,3,2024-01-06,Consectetur excepturi a veniam aut.
vacaeric@example.org,Sin fronteras,5,2026-03-06,Aut nihil cum sit animi necessitatibus.
vacaeric@example.org,El ultimo dia,2,2024-12-15,Accusamus ad odio.
vacaeric@example.org,La espiral,2,2025-06-22,Necessitatibus molestiae beatae unde provident aspernatur dolor.
vacaeric@example.org,Explosion,1,2024-01-31,Adipisci sequi suscipit quae consectetur nostrum a.
vacaeric@example.org,El precio de la gloria,1,2023-07-22,Excepturi atque eos earum pariatur ipsum repellat.
vacaeric@example.org,Derrumbe,5,2026-03-24,Animi expedita tempora repudiandae possimus.
yolivares@example.com,Desolacion,5,2023-05-20,Ut ipsa sunt aliquam quas libero sit.
yolivares@example.com,La herencia maldita,1,2025-12-01,Veniam ab quam hic mollitia error.
yolivares@example.com,Bajo cero,1,2026-04-14,Deserunt est odit fuga corrupti fugit pariatur sapiente.
yolivares@example.com,Sangre fria,5,2023-05-26,Repellat mollitia consectetur ipsa eos aspernatur sed dolores.
yolivares@example.com,La ultima frontera,1,2024-10-22,Molestias alias suscipit in tempora sit odit.
yolivares@example.com,La fuga,2,2026-03-28,Soluta quidem aspernatur eos tempore aliquid.
yolivares@example.com,Sin fronteras,5,2025-06-20,Temporibus perferendis ducimus quo cumque.
conchitaledesma@example.com,La ultima frontera,5,2025-12-08,Esse architecto cum nulla.
conchitaledesma@example.com,El precio de la gloria,4,2024-08-24,Vitae quas provident accusamus inventore a.
conchitaledesma@example.com,Abismo,4,2025-07-20,In in voluptas itaque.
conchitaledesma@example.com,El regreso del mal,3,2025-03-20,Sint perferendis eum dolorum.
conchitaledesma@example.com,Zona de guerra,4,2025-07-29,Nihil molestiae tenetur fugit officia architecto.
conchitaledesma@example.com,Tiempo prestado,4,2024-11-24,Quos ipsum unde iusto tempore mollitia repellat.
conchitaledesma@example.com,Golpe mortal,3,2025-06-26,Magni earum ab ipsam.
conchitaledesma@example.com,El camino perdido,4,2025-02-13,Voluptas adipisci reprehenderit dignissimos perferendis dolor dicta.
conchitaledesma@example.com,El cazador,1,2024-10-26,In dolores soluta debitis nisi.
conchitaledesma@example.com,Punto sin retorno,2,2025-11-08,Modi reiciendis quae exercitationem quis earum labore.
conchitaledesma@example.com,Sin memoria,4,2023-08-28,Error recusandae eaque accusantium.
conchitaledesma@example.com,La sombra del mal,5,2025-01-25,Et hic rem modi laborum.
conchitaledesma@example.com,La profecia,1,2025-02-07,Quisquam assumenda sit maiores at magnam.
moramiriam@example.com,Doble identidad,3,2024-07-20,Sequi eos placeat ipsam explicabo perspiciatis.
moramiriam@example.com,Abismo,5,2024-06-07,Sunt ullam facilis veniam cum suscipit fuga.
moramiriam@example.com,La tormenta perfecta,2,2023-12-09,Voluptatibus unde earum voluptas quam iure nisi.
armentaalejandro@example.org,Cero absoluto,1,2024-05-30,Numquam consequatur facilis assumenda aspernatur.
armentaalejandro@example.org,Tiempo prestado,2,2024-09-27,Molestias rem autem ipsam quia.
armentaalejandro@example.org,Sin fronteras,2,2024-02-08,Tenetur repudiandae provident a.
armentaalejandro@example.org,Sin cuartel,4,2024-03-19,Reiciendis modi odit.
armentaalejandro@example.org,Derrumbe,2,2024-12-01,Alias qui aperiam amet ratione.
armentaalejandro@example.org,La tela de araña,4,2024-11-27,Quibusdam asperiores quae quam voluptatem pariatur dignissimos.
xllamas@example.org,Sin memoria,5,2024-09-28,Ipsa nulla optio ab iusto.
xllamas@example.org,La clave perdida,2,2025-08-22,Dolorem quasi mollitia.
xllamas@example.org,El eco del pasado,3,2023-07-19,Atque eaque libero molestiae.
xllamas@example.org,Doble identidad,5,2025-08-08,Accusamus culpa explicabo dolores distinctio adipisci.
xllamas@example.org,El vigilante,2,2025-04-23,Autem assumenda libero sed animi doloribus veritatis.
xllamas@example.org,Conexion fatal,2,2026-03-23,Iste consequatur illum ipsa repellat veritatis porro libero.
xllamas@example.org,Fragmentos,1,2024-04-25,Est molestiae ipsam sit dignissimos voluptatum cumque.
xllamas@example.org,Origen,4,2024-05-05,Nulla similique tempora numquam minus inventore perferendis.
xllamas@example.org,El precio de la gloria,2,2023-11-23,Aliquam tenetur dolorum.
xllamas@example.org,Voces en la oscuridad,1,2023-11-23,Ducimus quia pariatur.
hectorjimenez@example.net,Punto critico,2,2026-02-20,Magni libero harum.
hectorjimenez@example.net,Cero absoluto,2,2024-02-03,Voluptates natus iusto.
hectorjimenez@example.net,Desolacion,4,2025-11-06,Fugiat molestiae at.
hectorjimenez@example.net,El horizonte perdido,1,2024-12-14,Repellat natus quod voluptate atque illo.
hectorjimenez@example.net,La guerra de sombras,2,2023-11-10,Non consectetur aliquid magnam deserunt consequatur provident.
hectorjimenez@example.net,El infierno verde,5,2024-12-13,Quo ab minus laudantium maiores optio.
hectorjimenez@example.net,La gran aventura,1,2024-10-21,Magnam sit dolores.
hectorjimenez@example.net,El ultimo paso,3,2023-08-12,Et praesentium et autem.
hectorjimenez@example.net,La zona roja,2,2025-06-24,Magni dicta magni.
hectorjimenez@example.net,El cazador de almas,3,2025-09-16,Nostrum quaerat quia aspernatur.
hectorjimenez@example.net,Fuga imposible,4,2025-07-07,Harum itaque quidem nostrum expedita.
hectorjimenez@example.net,Territorio enemigo,4,2026-02-14,Occaecati hic eos distinctio vitae.
hectorjimenez@example.net,Conexion fatal,4,2025-09-11,Libero sed sunt ea.
hectorjimenez@example.net,La ultima frontera,5,2023-09-12,Est maiores voluptates quia saepe dolorum.
hectorjimenez@example.net,El infiltrado,5,2024-07-01,Est necessitatibus eos eveniet.
slozano@example.org,El ultimo susurro,1,2025-12-31,Consectetur aperiam mollitia natus error perferendis ullam.
slozano@example.org,En el limite,4,2023-12-20,Impedit vitae placeat incidunt consequatur reiciendis.
slozano@example.org,Sin salida,4,2024-03-21,Esse maiores ipsa facere molestias perspiciatis.
slozano@example.org,El silencio roto,1,2025-08-01,Ex qui mollitia suscipit repellat harum eius.
slozano@example.org,Instinto,3,2025-05-01,Perspiciatis dicta eum esse.
slozano@example.org,Sin identidad,3,2023-10-16,Aliquid tempore harum officiis animi.
slozano@example.org,El tercer ojo,5,2023-05-21,Est aliquam quia quia aut aliquid dolore.
slozano@example.org,El mensajero,4,2024-04-02,Adipisci quam maiores nostrum sit.
slozano@example.org,El oraculo,2,2025-04-01,Officiis consequuntur et amet ipsum accusamus pariatur beatae.
slozano@example.org,El infiltrado,2,2023-12-05,Numquam aperiam ex quidem at totam atque aliquam.
slozano@example.org,El ultimo viaje,3,2026-02-05,Placeat reprehenderit quos.
slozano@example.org,El tiempo se acaba,1,2023-05-01,Laudantium blanditiis unde tenetur dicta.
slozano@example.org,El precio de la verdad,5,2025-11-07,Voluptates saepe blanditiis itaque est nihil dolore aspernatur.
aocampo@example.net,La caida,1,2026-03-05,Consequuntur soluta praesentium rem consectetur.
aocampo@example.net,Mas alla del bien,1,2026-01-09,Nobis laborum aliquam adipisci recusandae minus voluptatibus.
aocampo@example.net,Voces en la oscuridad,4,2024-04-17,Recusandae assumenda eius dolor enim tenetur.
aocampo@example.net,El prisionero,5,2023-06-27,Recusandae qui suscipit sequi cupiditate.
aocampo@example.net,Colision,2,2025-09-14,Cum eveniet odio cumque dolores est architecto.
adela06@example.com,El regreso,4,2026-03-27,Dolore doloribus alias doloribus.
adela06@example.com,Sin memoria,1,2026-04-10,Corrupti corrupti temporibus labore impedit error.
adela06@example.com,La verdad oculta,5,2024-02-08,Dolores a cumque.
adela06@example.com,La ultima batalla,3,2024-04-16,Praesentium cumque dolorum aspernatur.
adela06@example.com,Fragmentos,4,2023-06-04,Iusto eum minus in ab inventore aperiam.
adela06@example.com,El ultimo dia,5,2023-08-08,Facilis neque vel nobis corrupti.
adela06@example.com,La trampa,5,2025-01-20,Aspernatur optio a facilis asperiores dolor at tempore.
adela06@example.com,La tela de araña,2,2023-04-24,Quo fuga et id ex eius voluptate.
adela06@example.com,La clave perdida,2,2024-05-05,Reiciendis iusto qui repudiandae earum culpa ab.
adela06@example.com,Sin fronteras,5,2025-02-16,Nam earum optio ipsam.
adela06@example.com,Colisión de mundos,4,2024-11-11,Velit optio aliquid nemo omnis quia.
adela06@example.com,La rueda del destino,3,2025-11-14,Laborum velit repellendus pariatur ipsa.
adela06@example.com,Punto ciego,1,2025-04-20,A vitae impedit quis facilis.
adela06@example.com,El guardian,1,2026-02-05,Sequi animi saepe debitis quo.
adela06@example.com,La alianza,2,2024-12-06,Corrupti voluptatibus natus qui possimus totam.
aguileraines@example.org,La zona roja,4,2025-09-21,Veritatis necessitatibus ipsa sunt ratione.
aguileraines@example.org,La segunda oportunidad,1,2023-10-14,Omnis mollitia quia at.
aguileraines@example.org,El doble juego,1,2024-10-19,Maiores velit deleniti minus dolore impedit.
aguileraines@example.org,Fragmentos,1,2024-04-30,Non dolore fugiat corporis.
aguileraines@example.org,La verdad oculta,3,2023-11-10,Quibusdam odio modi minus consequuntur quaerat possimus.
aguileraines@example.org,El espejo oscuro,5,2025-07-23,Explicabo adipisci laborum ab.
aguileraines@example.org,Sin nombre,5,2024-01-31,Fugit eos quam.
aguileraines@example.org,La rueda del destino,5,2023-12-17,Hic accusantium sunt.
aguileraines@example.org,El ultimo recurso,1,2024-09-20,Quasi neque sed fugiat dolorum.
aguileraines@example.org,Torbellino,2,2025-09-11,Impedit soluta nihil sit nesciunt placeat quos.
anabel61@example.net,Mas alla del horizonte,2,2026-04-09,Reprehenderit suscipit laborum.
anabel61@example.net,La decision,2,2023-09-01,Dignissimos cum fuga consequatur molestiae soluta.
anabel61@example.net,El cazador,1,2026-01-22,Amet possimus ullam laboriosam non delectus.
anabel61@example.net,Zona de peligro,2,2024-06-26,Voluptates quidem vero cupiditate nostrum molestiae asperiores impedit.
anabel61@example.net,La venganza,5,2025-01-27,Quisquam officiis occaecati commodi veritatis quos.
anabel61@example.net,Codigo rojo,2,2023-12-30,Animi temporibus distinctio molestias.
anabel61@example.net,Renacimiento,5,2023-08-16,Sunt veritatis exercitationem repellat quibusdam eligendi veniam.
anabel61@example.net,Tormenta interior,1,2023-08-05,Corrupti modi doloribus porro magnam quia sed eligendi.
anabel61@example.net,La caida libre,3,2024-08-01,Maiores repudiandae eaque ipsum corporis.
chaconcristal@example.org,Sin escape,4,2025-02-26,Velit hic fugit nulla temporibus.
chaconcristal@example.org,Punto de no retorno,5,2025-11-27,Nulla perspiciatis saepe consequuntur quos similique.
chaconcristal@example.org,El juego mortal,2,2026-03-23,Blanditiis corporis doloribus consectetur praesentium praesentium dolore.
chaconcristal@example.org,El regreso del mal,2,2025-10-23,Illum repellat temporibus vitae inventore molestias.
chaconcristal@example.org,La fuerza interior,1,2025-11-23,Et aliquid alias fugit nesciunt quas laboriosam.
chaconcristal@example.org,El infiltrado,2,2024-02-24,Voluptatum ex possimus quos repellendus exercitationem nesciunt facilis.
chaconcristal@example.org,El cazador de almas,1,2025-02-11,Amet id sapiente id accusantium distinctio nihil.
chaconcristal@example.org,Fractura,2,2023-10-23,Reiciendis vitae asperiores rerum eum deleniti.
chaconcristal@example.org,El doble juego,3,2024-11-28,Laborum illum sit dignissimos praesentium similique.
chaconcristal@example.org,La tormenta perfecta,4,2024-05-21,Asperiores ducimus rerum occaecati sint.
chaconcristal@example.org,El cazador,1,2024-06-18,Sit itaque officiis natus.
chaconcristal@example.org,Mas alla del bien,1,2025-07-10,Corporis doloremque quo ut quisquam nostrum.
angelica15@example.org,La oscuridad interior,2,2024-06-25,Et ipsam vero incidunt sint.
angelica15@example.org,El laberinto,2,2024-11-12,Debitis a alias earum quas iste.
angelica15@example.org,La amenaza,5,2025-02-14,Ullam eos possimus quo expedita.
angelica15@example.org,Derrumbe,2,2025-09-17,Nam harum repudiandae voluptate nulla culpa.
angelica15@example.org,El testigo silencioso,3,2024-06-07,Temporibus esse voluptatum minima.
angelica15@example.org,El codigo olvidado,5,2024-03-10,Eaque nihil facere asperiores.
angelica15@example.org,El punto final,4,2025-12-04,Architecto modi aut qui voluptatum.
angelica15@example.org,El mundo al reves,1,2024-06-06,Provident eligendi deserunt.
angelica15@example.org,La trampa mortal,5,2026-03-27,Quas expedita saepe culpa nesciunt rem.
angelica15@example.org,Sin salida,5,2025-07-20,Quaerat omnis nostrum placeat reiciendis nostrum dolores.
angelica15@example.org,El maestro del engano,1,2025-08-23,Quisquam possimus ullam molestias illum cum.
angelica15@example.org,Voces en la oscuridad,3,2024-11-20,Sequi quia ab eaque tempora reiciendis ut.
angelica15@example.org,Golpe mortal,1,2025-04-08,Adipisci adipisci delectus itaque totam.
rosario17@example.org,El ultimo testigo,2,2024-12-01,Repudiandae ratione vero facere numquam amet neque.
rosario17@example.org,El monstruo interior,5,2023-06-29,Repudiandae minima expedita modi ea libero asperiores doloremque.
rosario17@example.org,La conexion,1,2024-10-03,Reprehenderit ex voluptatibus possimus modi iusto perspiciatis.
rosario17@example.org,La isla perdida,4,2024-09-28,Esse ad impedit quisquam nam.
rosario17@example.org,El tiempo se acaba,3,2024-08-29,Cumque error quaerat consectetur.
rosario17@example.org,El laberinto,2,2023-07-24,Accusantium ea aliquid quis explicabo autem.
rosario17@example.org,El enviado,1,2024-07-11,Repellendus esse in porro enim deserunt.
rosario17@example.org,Sin cuartel,2,2024-10-25,Ad asperiores rem pariatur sapiente facere reprehenderit.
rosario17@example.org,La amenaza,1,2023-08-18,Itaque eum eum ex aspernatur ullam nisi.
rosario17@example.org,Golpe mortal,1,2026-04-09,Numquam eos nisi hic est.
rosario17@example.org,La promesa rota,2,2024-11-23,Sequi dolor animi laudantium quaerat earum.
rosario17@example.org,El vacio,1,2026-04-06,Odio velit aut possimus commodi omnis eum optio.
rosario17@example.org,El precio de la gloria,1,2024-10-07,Nisi necessitatibus ipsam odit adipisci rem.
rosario17@example.org,Detonacion,4,2023-12-16,Quis labore dolores incidunt impedit.
rosario17@example.org,El observador,5,2024-03-21,Modi qui neque perferendis ratione nam maiores possimus.
beatrizmontano@example.com,Voces en la oscuridad,1,2025-02-19,Perferendis aliquam id voluptates maiores consequuntur soluta.
beatrizmontano@example.com,La trampa,1,2024-02-03,Nulla nobis reiciendis minima deleniti.
beatrizmontano@example.com,Entre dos mundos,4,2025-07-09,Eveniet incidunt blanditiis amet incidunt sapiente.
beatrizmontano@example.com,Mas alla del horizonte,2,2025-02-07,Reprehenderit error facilis quasi necessitatibus fuga esse.
beatrizmontano@example.com,La segunda oportunidad,4,2023-10-19,Voluptates iure nulla necessitatibus iure nisi.
beatrizmontano@example.com,Bajo cero,5,2025-10-22,Eaque animi minus laudantium harum.
beatrizmontano@example.com,El vigilante,1,2025-01-11,Doloribus nam nulla voluptatum libero.
beatrizmontano@example.com,Sin piedad ni gloria,3,2025-10-10,Nobis nesciunt consequuntur minus.
beatrizmontano@example.com,La noche sin fin,1,2023-11-04,Qui eaque porro quisquam tempore.
beatrizmontano@example.com,El secreto del lago,2,2025-07-18,Provident hic omnis tempora alias nostrum dolorum.
beatrizmontano@example.com,Codigo rojo,2,2023-10-03,Veniam dolorem alias suscipit optio laboriosam unde reiciendis.
beatrizmontano@example.com,El riesgo calculado,2,2025-08-07,Magni maiores earum alias nobis ab repellat.
beatrizmontano@example.com,El ultimo acto,4,2024-02-05,Ullam velit doloremque commodi.
beatrizmontano@example.com,Furia imparable,2,2025-02-21,Laudantium doloribus enim officiis.
beatrizmontano@example.com,Renacimiento,1,2026-02-24,Itaque tenetur molestiae eligendi dolores aliquid assumenda dolore.
florezpaola@example.net,Luz y oscuridad,5,2025-03-23,Labore non illum neque officia dolorum.
florezpaola@example.net,El despertador,2,2023-06-28,Ipsam earum unde asperiores tempora exercitationem minima.
florezpaola@example.net,La noche sin fin,5,2024-05-11,Nihil tempore sit corrupti ipsa ratione.
florezpaola@example.net,El ultimo testigo,4,2023-08-04,Quod dolorum quasi.
florezpaola@example.net,El eco del pasado,1,2024-07-12,Aspernatur quibusdam ipsam.
florezpaola@example.net,El cazador solitario,4,2026-01-23,Expedita earum nemo doloribus aperiam consequuntur exercitationem.
florezpaola@example.net,La caida,4,2025-12-24,Id nobis molestiae architecto nulla.
florezpaola@example.net,Punto sin retorno,2,2024-03-04,Maxime veniam similique rerum voluptatem perferendis dicta.
florezpaola@example.net,La venganza,4,2023-08-23,Qui sed labore alias corporis dolores.
enava@example.net,El legado,4,2025-09-02,Nostrum asperiores maiores enim unde quibusdam architecto dolores.
enava@example.net,Derrumbe,5,2024-01-13,Ad architecto quos possimus atque laboriosam.
enava@example.net,La sombra del mal,3,2023-06-19,Dolores esse porro.
enava@example.net,La voz del silencio,3,2023-08-19,Deleniti tenetur maiores porro eos perferendis.
enava@example.net,Cero absoluto,5,2024-10-14,Ut ea fuga illum laborum deleniti labore.
enava@example.net,El tiempo se acaba,1,2024-02-01,Facilis illum maxime ipsa.
enava@example.net,El vigilante,4,2024-07-04,Eius voluptatum delectus excepturi voluptatum suscipit quo cumque.
enava@example.net,La maldicion,4,2024-11-23,Vitae porro voluptas a.
enava@example.net,El ultimo dia,2,2024-05-13,Quas quidem beatae aspernatur repellendus eligendi possimus.
virginiatrejo@example.org,Impacto final,4,2025-09-26,Earum sed voluptatum alias.
virginiatrejo@example.org,El precio de la verdad,5,2024-07-10,Ab consequuntur voluptate fugiat dolore.
virginiatrejo@example.org,El monstruo interior,4,2026-04-02,Vitae est consequuntur voluptatem.
virginiatrejo@example.org,Sueños rotos,4,2026-04-04,Iste doloremque aliquid vitae aspernatur ipsa.
virginiatrejo@example.org,Oscuridad total,4,2025-09-18,Eum dolorem nulla.
cortesclara@example.net,Sin retorno,3,2024-02-21,Iste fuga asperiores ab nostrum reiciendis doloribus in.
cortesclara@example.net,Impacto,3,2024-12-08,Ad accusantium quidem magnam dolor.
cortesclara@example.net,El proyecto secreto,3,2024-12-20,Consequuntur vitae ducimus excepturi perspiciatis laudantium.
cortesclara@example.net,La señal perdida,2,2025-01-19,Officiis reiciendis dolorum quod reiciendis commodi atque eaque.
cortesclara@example.net,El guardian eterno,1,2024-01-22,Nostrum quod numquam voluptate libero.
cortesclara@example.net,La conexion,1,2023-08-18,Eveniet voluptas tenetur corrupti eligendi.
cortesclara@example.net,El infiltrado,3,2024-05-19,Fuga dolores porro similique quod id voluptates accusantium.
cortesclara@example.net,Desolacion,1,2025-07-23,Sed magni odio suscipit.
cortesclara@example.net,Colisión de mundos,5,2026-03-21,Vitae similique aspernatur vitae necessitatibus blanditiis fugit.
cortesclara@example.net,Bajo cero,5,2024-10-25,Ipsa perspiciatis laborum nostrum praesentium.
cortesclara@example.net,El juego mortal,3,2025-05-15,Rerum omnis minima suscipit asperiores odit.
smata@example.org,Sin salida aparente,3,2025-11-21,Voluptatum eligendi ut.
smata@example.org,La gran aventura,1,2024-08-25,Ducimus hic totam cum nesciunt itaque expedita totam.
smata@example.org,Entre dos mundos,3,2024-08-06,Fugit dicta repellat quo cupiditate deleniti iste.
smata@example.org,La promesa rota,3,2025-10-14,Doloribus tempore corrupti quos.
smata@example.org,Sombra y luz,1,2024-09-28,Blanditiis itaque adipisci tenetur est dolore iure.
smata@example.org,El ultimo grito,2,2025-10-25,Consequuntur aperiam quod nam quos.
smata@example.org,La voz del silencio,3,2024-05-17,Magni sunt sunt autem.
wbarrera@example.com,El punto de quiebre,1,2023-05-19,At dolores enim consequatur.
wbarrera@example.com,El precio de la gloria,4,2024-06-02,Vel possimus consectetur assumenda ea optio eius dolore.
wbarrera@example.com,El maestro del engano,1,2025-04-17,Quod ab at.
vieralinda@example.org,El monstruo interior,1,2024-01-31,Rerum perspiciatis error illum temporibus.
vieralinda@example.org,El ultimo viaje,1,2025-10-18,Quos adipisci quaerat fugiat.
vieralinda@example.org,La fuga,3,2023-11-24,Soluta officia sed enim ut.
vieralinda@example.org,La caida,5,2025-03-03,Vitae quibusdam atque quas repellat cum repudiandae.
vieralinda@example.org,La herida abierta,3,2025-09-21,Tenetur minus quis eveniet veritatis corrupti.
vieralinda@example.org,El ultimo grito,2,2025-04-10,Doloribus incidunt asperiores enim ullam unde nesciunt.
vieralinda@example.org,La señal perdida,1,2025-12-18,Voluptate accusamus earum.
vieralinda@example.org,La trampa,2,2023-06-04,Temporibus nobis eligendi debitis natus adipisci quidem.
amaliabenitez@example.com,Derrumbe,3,2026-03-18,Esse voluptates assumenda consectetur voluptas modi debitis.
amaliabenitez@example.com,La maldicion,1,2023-04-25,Suscipit numquam blanditiis dolorum natus dolor similique.
amaliabenitez@example.com,La profecia,2,2024-07-02,Reiciendis optio cumque accusantium.
amaliabenitez@example.com,La bestia,4,2023-10-08,Accusantium vel suscipit commodi eius doloremque.
amaliabenitez@example.com,La gran aventura,2,2025-04-20,Quidem debitis sit animi amet enim beatae aut.
amaliabenitez@example.com,La noche infinita,4,2023-10-23,Quod sit aspernatur sequi occaecati blanditiis debitis.
amaliabenitez@example.com,Mas alla del horizonte,4,2023-04-23,Nemo laborum ullam impedit laborum odit.
dianamelgar@example.net,El ultimo viaje,1,2026-01-20,Ut eligendi vitae fugit corporis aliquam earum ex.
dianamelgar@example.net,El testigo silencioso,3,2024-03-10,Eos debitis fuga tempora fuga voluptatem.
dianamelgar@example.net,La segunda oportunidad,2,2024-12-22,Autem nobis perspiciatis et dolores a.
dianamelgar@example.net,El ladrón de sueños,2,2026-03-10,Repellendus quam dolores odio reiciendis labore.
dianamelgar@example.net,Luz y oscuridad,5,2025-05-20,Maiores consequatur sunt tenetur magnam adipisci deserunt eaque.
dianamelgar@example.net,La red de mentiras,2,2026-04-17,Accusantium adipisci impedit distinctio aliquid perferendis.
dianamelgar@example.net,El punto final,3,2024-05-05,Qui alias vel.
dianamelgar@example.net,El ultimo testigo,3,2023-08-30,Ab alias aspernatur iusto modi.
dianamelgar@example.net,El mundo al reves,5,2024-04-09,Harum perferendis occaecati aperiam impedit facere.
natalia78@example.net,La ultima oportunidad,3,2024-03-19,Labore nisi veritatis voluptates vitae est accusamus.
natalia78@example.net,La gran aventura,5,2024-11-11,Occaecati exercitationem tempora incidunt.
natalia78@example.net,El guardian eterno,2,2025-03-26,Reprehenderit temporibus corporis eius nam quaerat illum.
natalia78@example.net,El laberinto,1,2025-05-19,Nulla laboriosam repellendus fugit voluptate excepturi nobis.
resendezarmando@example.net,Golpe mortal,3,2023-06-23,Id animi fugit ut.
resendezarmando@example.net,La fuerza interior,2,2024-01-03,Deserunt exercitationem sapiente.
resendezarmando@example.net,El cazador solitario,2,2026-03-29,Veritatis praesentium porro in repudiandae atque.
resendezarmando@example.net,Sueños rotos,2,2025-08-09,Exercitationem assumenda architecto aspernatur.
resendezarmando@example.net,La mente oscura,4,2023-10-22,Ut iure laboriosam quisquam quibusdam dolorem.
resendezarmando@example.net,Descenso,3,2026-04-06,Natus quis maxime debitis sapiente dolor.
resendezarmando@example.net,El guardian eterno,4,2023-07-06,Nulla deserunt quos hic hic itaque sapiente.
resendezarmando@example.net,La señal perdida,4,2024-06-09,Similique accusantium rerum illum nemo unde deserunt.
resendezarmando@example.net,Impacto,2,2023-10-13,Nostrum est adipisci doloribus.
resendezarmando@example.net,El ultimo heroe,3,2026-03-29,Ratione illo hic minus aliquam numquam quas.
resendezarmando@example.net,La ultima frontera,2,2024-03-07,Necessitatibus animi illum nemo vero tempore.
resendezarmando@example.net,El ultimo dia,3,2024-09-16,Consectetur odio omnis magni.
resendezarmando@example.net,El ultimo grito,4,2024-11-29,Dolorum sed voluptas sunt fuga cum.
resendezarmando@example.net,El ultimo comando,1,2023-05-04,Nostrum est sapiente totam maiores unde incidunt.
resendezarmando@example.net,El despertar,4,2026-01-12,Dolorum libero ad hic eius sit necessitatibus voluptatum.
bernabe17@example.org,La oscuridad interior,3,2025-12-26,Inventore non fuga dicta.
bernabe17@example.org,La conspiración,5,2023-07-17,Non quidem porro.
bernabe17@example.org,El despertador,2,2024-12-05,Maiores corporis modi quae laudantium.
bernabe17@example.org,El vacio,5,2024-05-01,Nisi alias cupiditate beatae.
bernabe17@example.org,El cruce,4,2024-05-28,Voluptas nostrum hic reprehenderit aliquam atque pariatur.
bernabe17@example.org,El mundo al reves,4,2023-12-13,Fugit ex sed ipsam dignissimos.
bernabe17@example.org,El ultimo heroe,4,2024-12-25,Aperiam impedit nam alias incidunt officiis.
bernabe17@example.org,Fragmentos,2,2024-11-13,Dolorem porro quo ea repellat non.
juarezoliver@example.net,Mas alla del horizonte,3,2024-01-10,Molestias dicta explicabo sint expedita necessitatibus.
juarezoliver@example.net,El codigo olvidado,4,2023-12-27,Cum velit quae ullam doloremque eum.
juarezoliver@example.net,La mente oscura,2,2023-12-09,Architecto quaerat placeat quis sunt cumque incidunt.
juarezoliver@example.net,El error fatal,3,2023-09-17,Voluptatem illum ipsam.
lourdescastro@example.org,El tiempo se acaba,2,2024-10-12,Aspernatur quam similique earum exercitationem dolorum impedit distinctio.
lourdescastro@example.org,La maldicion,1,2024-09-24,Quasi voluptatum qui itaque rerum.
lourdescastro@example.org,La rueda del destino,5,2024-04-07,Expedita alias itaque dolores et illum architecto fuga.
lourdescastro@example.org,Luz y oscuridad,1,2025-07-01,Ratione quisquam earum sapiente.
lourdescastro@example.org,La sombra del mal,4,2024-10-03,Rerum facilis exercitationem corporis.
lourdescastro@example.org,Tormenta interior,4,2025-07-02,Iusto aspernatur quae sed nesciunt.
lourdescastro@example.org,El precio del poder,3,2023-08-09,Ex deserunt blanditiis natus dolores quaerat.
lourdescastro@example.org,El precio de la gloria,3,2024-09-01,Blanditiis tempora voluptatum debitis voluptates quasi iure.
lourdescastro@example.org,El tercer ojo,1,2024-09-30,Quaerat deserunt voluptatum praesentium adipisci voluptas tenetur.
lourdescastro@example.org,Origen,5,2025-07-27,Ad similique nisi mollitia nesciunt nostrum.
lourdescastro@example.org,Colision,1,2025-11-26,Aliquam id quia sit sapiente similique est.
lourdescastro@example.org,La guerra de sombras,1,2025-04-09,Voluptas vel consequatur delectus numquam nemo.
lourdescastro@example.org,El precio de la verdad,2,2023-11-14,Maxime sunt repellendus iste numquam dolores molestias.
lourdescastro@example.org,El prisionero,4,2025-08-27,Architecto molestiae non temporibus.
hsanchez@example.net,Colision,1,2023-08-19,Impedit atque dolorum odit impedit autem iure.
hsanchez@example.net,Mas alla del horizonte,4,2024-03-01,Veritatis nostrum itaque aspernatur.
hsanchez@example.net,El horizonte perdido,5,2025-05-20,Quaerat enim non praesentium.
hsanchez@example.net,El testigo silencioso,2,2024-05-29,Modi totam aliquam in.
hsanchez@example.net,El cazador solitario,3,2025-07-23,Alias placeat iure.
hsanchez@example.net,La herida abierta,3,2025-08-10,Ab iure aliquid aliquid.
hsanchez@example.net,Renacimiento,3,2024-10-16,Odio delectus ex odio expedita consequuntur aspernatur.
hsanchez@example.net,La profecia,3,2024-05-26,Accusamus odit distinctio exercitationem.
hsanchez@example.net,La ultima esperanza,2,2024-08-31,Adipisci saepe itaque laborum doloremque.
hsanchez@example.net,La amenaza silenciosa,4,2023-07-19,Iure quis facilis vitae ab.
laraflavio@example.net,Sueños rotos,2,2023-10-24,Harum non quas accusantium deserunt.
laraflavio@example.net,La herida abierta,5,2025-11-02,Nihil reprehenderit molestias nostrum delectus.
laraflavio@example.net,La venganza perfecta,5,2024-01-08,Error dolorum iure culpa.
laraflavio@example.net,El umbral,3,2025-12-29,Maiores esse blanditiis deserunt minima molestiae facere.
laraflavio@example.net,La sombra del futuro,2,2025-04-17,Illo consequatur praesentium magni magni.
laraflavio@example.net,El eco del pasado,5,2023-04-29,Debitis porro ipsum aliquam laudantium ullam.
laraflavio@example.net,El abismo oscuro,4,2025-08-02,Expedita excepturi quae maxime debitis magni.
laraflavio@example.net,La ultima esperanza,4,2025-12-06,Vitae dolorum sapiente itaque dolore.
laraflavio@example.net,El testigo silencioso,2,2025-08-02,Soluta maxime velit repellat laborum quidem.
laraflavio@example.net,La fuga,2,2026-02-04,Eius officia nesciunt molestiae.
laraflavio@example.net,La oscuridad interior,1,2023-06-26,Sed doloremque minima fugiat ad.
laraflavio@example.net,El espejo roto,4,2023-08-03,Enim quos blanditiis dolorum eum explicabo.
laraflavio@example.net,El doble juego,3,2023-07-21,Nam minima ad impedit esse excepturi reprehenderit.
laraflavio@example.net,El espejo oscuro,1,2026-03-05,Saepe velit voluptates quae quibusdam nihil.
laraflavio@example.net,El ultimo susurro,4,2023-08-16,Doloribus laboriosam sapiente non libero iure velit similique.
vlugo@example.org,Sin tregua,4,2025-08-30,Voluptatum accusantium ducimus placeat dignissimos illum.
vlugo@example.org,La oscuridad interior,1,2025-12-18,Aperiam facere assumenda quo.
vlugo@example.org,La señal,2,2026-04-11,Esse quaerat adipisci saepe architecto modi.
vlugo@example.org,El ultimo paso,1,2023-09-26,Deleniti itaque ad similique sequi pariatur.
vlugo@example.org,La sombra del mal,3,2025-04-04,Nihil doloribus magni aperiam distinctio.
eugenioleiva@example.org,El tiempo se acaba,1,2025-12-15,Voluptatibus magnam tempora quasi laudantium.
eugenioleiva@example.org,El elegido,1,2024-12-31,Occaecati rem at doloribus.
eugenioleiva@example.org,Sin salida aparente,2,2023-07-12,Excepturi eligendi pariatur ex error.
eugenioleiva@example.org,El ultimo recurso,1,2026-03-06,Voluptatum optio libero asperiores maxime architecto voluptates.
eugenioleiva@example.org,La rueda del destino,3,2023-11-07,Deleniti voluptatibus voluptatum.
eugenioleiva@example.org,La red de mentiras,5,2024-03-29,Eius quae tempore voluptates labore voluptates magni dignissimos.
eugenioleiva@example.org,El riesgo calculado,1,2025-05-27,Iure non quia assumenda sit rerum voluptate.
lbernal@example.com,El prisionero,2,2023-09-05,Sit voluptas inventore id.
lbernal@example.com,La voz del silencio,3,2024-07-03,Dolorem pariatur ullam placeat.
lbernal@example.com,Tierra de nadie,2,2025-05-18,Velit ex iste ipsam maxime.
lbernal@example.com,El despertador,2,2025-08-07,Tempore itaque voluptas excepturi numquam minima.
lbernal@example.com,La oscuridad eterna,1,2023-04-30,Atque nisi itaque accusamus delectus vero.
lbernal@example.com,El espejo roto,1,2024-02-26,Ad recusandae magni magni quidem asperiores.
lbernal@example.com,El umbral,5,2024-01-15,Sit dolorum sapiente libero.
lbernal@example.com,Tormenta interior,3,2024-10-22,Reprehenderit doloremque deserunt tempore beatae sint.
lbernal@example.com,Zona de peligro,3,2025-02-23,Iste dolore nemo asperiores quam.
icisneros@example.net,El ultimo recurso,2,2025-03-12,Itaque modi neque vel eius odit esse.
icisneros@example.net,La caida,1,2024-04-04,Expedita inventore sunt velit.
icisneros@example.net,Explosion,4,2024-07-24,Quibusdam perferendis exercitationem eum maxime.
icisneros@example.net,El proyecto secreto,1,2024-12-08,Error odit porro consectetur.
icisneros@example.net,La señal perdida,5,2025-11-03,Cumque eius doloremque temporibus.
icisneros@example.net,El peso del silencio,2,2024-08-16,Dignissimos aliquam explicabo aspernatur harum unde debitis.
icisneros@example.net,Tierra de nadie,5,2025-05-03,Magni beatae quas animi expedita recusandae ipsam.
icisneros@example.net,Colapso,1,2025-07-02,Eius aperiam molestiae at atque praesentium rerum.
icisneros@example.net,La trampa,1,2025-09-16,Maxime saepe maxime incidunt.
icisneros@example.net,La oscuridad eterna,5,2024-06-25,Quod sapiente mollitia dolorem quaerat.
icisneros@example.net,El punto final,1,2025-11-01,Animi accusantium amet alias laboriosam non aut.
icisneros@example.net,La espiral,1,2025-10-14,Magnam suscipit similique totam fugiat ex expedita.
icisneros@example.net,El ultimo heroe,3,2024-10-24,Eos ipsum sapiente ducimus odio esse maiores.
icisneros@example.net,El observador,1,2026-04-11,Porro vel error quas.
icisneros@example.net,Sin tregua,4,2025-12-14,Incidunt non fugiat saepe.
maria-eugeniasepulveda@example.net,La mente oscura,1,2025-04-08,Labore beatae molestiae quas aliquid perspiciatis repellat.
maria-eugeniasepulveda@example.net,El horizonte perdido,5,2025-02-09,Maxime eum quae officia.
maria-eugeniasepulveda@example.net,El riesgo calculado,2,2024-06-04,Sapiente ullam tempore.
maria-eugeniasepulveda@example.net,Instinto,3,2025-06-28,Omnis voluptatum temporibus mollitia tenetur.
maria-eugeniasepulveda@example.net,La cadena rota,2,2024-09-30,Rerum aut autem laboriosam laboriosam.
maria-eugeniasepulveda@example.net,Sangre fria,3,2025-12-30,Totam sint alias error debitis.
maria-eugeniasepulveda@example.net,La clave perdida,1,2024-04-10,Excepturi voluptates explicabo id nesciunt.
maria-eugeniasepulveda@example.net,La voz del silencio,4,2025-05-05,Officiis repudiandae debitis atque.
maria-eugeniasepulveda@example.net,Colapso,3,2025-08-10,Cum cumque pariatur.
maria-eugeniasepulveda@example.net,Torbellino,2,2024-12-03,At fugit error quas magnam hic dolores.
maria-eugeniasepulveda@example.net,Furia imparable,3,2024-10-31,Molestiae magnam esse quaerat doloremque dolores.
maria-eugeniasepulveda@example.net,Combustion,1,2024-02-08,Placeat iure sequi voluptas asperiores.
maria-eugeniasepulveda@example.net,La gran aventura,5,2025-02-05,Unde molestiae harum dolore labore corporis.
maria-eugeniasepulveda@example.net,La caja de pandora,4,2025-10-04,Quia dolores a debitis non enim ea expedita.
ceciliabetancourt@example.com,El silencio roto,4,2024-10-24,Laborum vel vero excepturi laboriosam illo.
ceciliabetancourt@example.com,La señal perdida,4,2023-07-06,Libero minima placeat dolor dolor error a.
ceciliabetancourt@example.com,La decision,1,2025-04-03,Enim rem iusto veniam incidunt delectus.
ceciliabetancourt@example.com,La pesadilla,1,2025-09-14,Expedita accusamus quia eius.
ceciliabetancourt@example.com,La trampa mortal,1,2025-01-20,Vitae est vitae recusandae repellendus corporis expedita.
ceciliabetancourt@example.com,La ultima batalla,4,2025-08-13,Quasi aut suscipit aut odio tenetur magni tempore.
ceciliabetancourt@example.com,El ultimo testigo,5,2023-10-07,Voluptatum cupiditate officia.
ceciliabetancourt@example.com,La gran aventura,2,2024-07-05,Occaecati quas accusantium asperiores enim ullam incidunt.
ceciliabetancourt@example.com,El ultimo susurro,4,2023-12-10,Eligendi dolorem asperiores ab accusamus deleniti aperiam.
ceciliabetancourt@example.com,Sin identidad,1,2024-07-20,Tenetur laudantium alias ab corrupti sint.
ceciliabetancourt@example.com,Sin limite,1,2026-03-09,Assumenda accusamus ex debitis asperiores.
ceciliabetancourt@example.com,Sin escape,1,2026-01-31,Doloremque iure nihil numquam dolorum.
ceciliabetancourt@example.com,La marca del diablo,2,2025-05-01,Ex dicta ipsam aut optio quae mollitia enim.
ceciliabetancourt@example.com,Explosion,1,2023-06-28,Molestiae molestiae harum praesentium animi amet sed sit.
clementearmas@example.net,La fuerza del mal,4,2024-04-19,Et aperiam voluptas et numquam voluptates sed.
clementearmas@example.net,La ultima oportunidad,2,2026-04-13,Asperiores aperiam ex ab nesciunt.
clementearmas@example.net,Mas alla del bien,1,2025-09-29,Eveniet commodi sequi deleniti deleniti ratione.
clementearmas@example.net,Mas alla del horizonte,5,2026-02-13,Incidunt dolorum asperiores nihil aliquid blanditiis perspiciatis.
clementearmas@example.net,El umbral,4,2025-11-14,Dignissimos nisi quidem nihil voluptatum placeat exercitationem consequuntur.
clementearmas@example.net,La sombra del mal,5,2025-02-08,Accusantium fugiat doloribus eos quidem ratione eaque.
clementearmas@example.net,La alianza,4,2023-09-25,Nemo neque eius illum aliquid nostrum expedita vitae.
angela97@example.com,La oscuridad interior,4,2024-03-13,Iusto illo aspernatur soluta ullam similique.
angela97@example.com,La profecia,3,2024-12-02,Officia neque aperiam voluptatibus ad cum dolores quos.
angela97@example.com,Sin fronteras,2,2024-03-07,Nesciunt earum totam consequuntur sed.
angela97@example.com,El guardian,2,2024-02-07,Soluta atque cum deleniti commodi.
angela97@example.com,Sin salida,5,2023-11-22,Quia adipisci repellat temporibus fugit.
angela97@example.com,El prisionero,1,2024-09-12,Odio magni blanditiis nulla ducimus dolorem.
angela97@example.com,Sin retorno,4,2024-03-06,Laboriosam autem aspernatur alias ut iste natus.
angela97@example.com,La guerra fria,3,2025-11-02,Tempore accusantium accusamus quo ullam voluptatibus commodi.
angela97@example.com,Doble identidad,4,2025-09-14,Repudiandae vitae repudiandae saepe omnis.
angela97@example.com,Fragmentos,1,2024-07-25,Ipsum tenetur numquam sapiente.
angela97@example.com,La red,4,2025-11-20,Minima odit iusto sint explicabo.
angela97@example.com,La ultima esperanza,4,2024-10-24,Occaecati hic voluptate corrupti sint saepe qui.
angela97@example.com,Combustion,1,2026-03-29,Expedita repellendus quaerat quia neque quasi maiores quae.
angela97@example.com,Implosion,3,2025-02-28,Iste quod saepe minima sequi.
angela97@example.com,La sombra del futuro,4,2025-04-24,Sequi aliquid voluptatibus quis laudantium.
marcela08@example.net,La ultima oportunidad,2,2025-03-16,Modi blanditiis quos sit pariatur quia.
marcela08@example.net,La noche infinita,3,2024-04-25,Exercitationem corporis voluptates labore assumenda optio.
marcela08@example.net,La oscuridad eterna,2,2024-05-30,Suscipit nihil placeat sequi natus.
marcela08@example.net,El laberinto,1,2024-01-28,Ut illo possimus totam.
marcela08@example.net,La ultima batalla,4,2025-02-21,Incidunt consectetur nulla laboriosam.
marcela08@example.net,La promesa rota,3,2023-08-24,Perspiciatis sequi laudantium explicabo.
serafinrodarte@example.com,Mas fuerte que el destino,4,2023-05-18,Ipsam consequuntur reiciendis maxime delectus deleniti.
serafinrodarte@example.com,Caos total,5,2025-06-20,Occaecati labore illum.
serafinrodarte@example.com,El elegido,1,2023-09-16,Sint facere eligendi a repellat facere quod iste.
serafinrodarte@example.com,El camino perdido,1,2023-06-17,Ad laboriosam deserunt rerum.
serafinrodarte@example.com,El vigilante,5,2024-06-01,Quia eius quibusdam ipsa.
serafinrodarte@example.com,La herencia maldita,1,2025-08-26,Corporis laudantium pariatur in voluptate minus eaque.
serafinrodarte@example.com,Tormenta de fuego,2,2026-02-17,Animi repellendus accusantium in officiis.
serafinrodarte@example.com,La fuga,5,2025-03-09,Reiciendis unde neque velit quibusdam exercitationem unde.
serafinrodarte@example.com,Mas alla del bien,5,2023-12-19,Corporis nisi esse voluptas explicabo.
serafinrodarte@example.com,El guardian,4,2023-06-17,Delectus reiciendis maxime tempore consequuntur.
serafinrodarte@example.com,Explosion,2,2023-10-25,Architecto quam totam.
serafinrodarte@example.com,Tierra de nadie,3,2024-09-25,At possimus expedita libero accusamus qui.
serafinrodarte@example.com,Descenso,2,2023-11-18,Iusto quae quisquam pariatur magni doloremque.
isabel94@example.net,Evasion total,2,2026-03-14,Cum fugit harum repellat quibusdam sequi.
isabel94@example.net,La fuerza del destino,4,2024-01-10,Quas similique possimus unde asperiores necessitatibus.
isabel94@example.net,Sin identidad,3,2025-10-03,Maiores tempora similique saepe porro.
isabel94@example.net,El ultimo viaje,5,2023-11-09,Illum vel magni laborum molestias.
isabel94@example.net,La segunda oportunidad,3,2024-02-11,Cumque velit vitae dolorum delectus.
isabel94@example.net,Fractura,2,2026-01-17,Suscipit praesentium expedita ducimus minus libero non.
isabel94@example.net,El tercer ojo,5,2025-02-07,Molestias nesciunt optio ducimus nisi.
isabel94@example.net,El riesgo calculado,1,2025-09-27,Sunt consequuntur temporibus magnam.
isabel94@example.net,Sin nombre,3,2023-07-21,Quibusdam doloremque id esse eos dolorum.
isabel94@example.net,Abismo,3,2025-03-15,Dolor exercitationem soluta architecto recusandae facere quaerat.
isabel94@example.net,Sueños rotos,1,2025-12-29,Consequatur vitae blanditiis dignissimos eum voluptas.
isabel94@example.net,Sin salida aparente,3,2024-05-29,Alias culpa atque harum.
isabel94@example.net,La espiral,2,2025-03-08,Nobis porro cupiditate voluptatum ducimus in dicta nulla.
isabel94@example.net,La ultima oportunidad,2,2024-01-12,Repellendus itaque quaerat quia magni.
isabel94@example.net,El oraculo,1,2025-04-11,Asperiores doloribus unde consequuntur nihil iusto consequuntur.
ilseanguiano@example.com,La noche sin fin,2,2026-04-01,Aut eum facilis velit.
ilseanguiano@example.com,El codigo olvidado,4,2024-01-23,Atque eaque illum cumque.
ilseanguiano@example.com,El elegido,2,2024-06-01,Sequi consequatur reprehenderit commodi adipisci dolorem impedit.
ilseanguiano@example.com,Abismo,5,2025-02-16,Odit modi repellendus optio.
lsalas@example.com,El testigo silencioso,5,2024-12-03,Fuga aut doloremque.
lsalas@example.com,La redencion,5,2023-08-15,Facilis ad quam alias id inventore saepe.
lsalas@example.com,Sin cuartel,3,2025-12-07,Quod nobis tenetur tempore fugit ducimus.
lsalas@example.com,El ultimo acto,3,2025-06-18,Necessitatibus voluptatem modi quam.
carriongraciela@example.net,Punto de no retorno,3,2025-04-19,Pariatur beatae nostrum accusantium provident laborum.
carriongraciela@example.net,El guerrero,2,2023-09-24,Sed modi rem natus.
carriongraciela@example.net,El ultimo susurro,2,2025-12-08,Corporis modi error libero.
carriongraciela@example.net,La herida abierta,1,2024-04-28,Modi voluptas voluptates.
carriongraciela@example.net,Sin cuartel,5,2024-08-16,Expedita error accusamus inventore consequatur inventore quia.
carriongraciela@example.net,Golpe mortal,4,2023-09-23,Voluptates laboriosam consectetur accusamus ullam enim assumenda accusamus.
carriongraciela@example.net,Entre dos mundos,1,2023-08-07,Voluptatum neque architecto molestiae ratione expedita a.
carriongraciela@example.net,La zona roja,4,2023-08-08,Nostrum inventore totam ex quaerat perferendis.
carriongraciela@example.net,El destino marcado,5,2023-06-04,Quo eligendi quas eos unde quod maiores vel.
carriongraciela@example.net,La marca del diablo,5,2023-11-14,Itaque autem magni tenetur.
carriongraciela@example.net,El laberinto,3,2024-10-19,Harum placeat accusamus harum nihil cum expedita exercitationem.
carriongraciela@example.net,Luz y oscuridad,4,2025-04-01,Ratione perferendis necessitatibus aperiam.
carriongraciela@example.net,Sin identidad,2,2024-04-19,Aspernatur numquam esse.
carriongraciela@example.net,Sombra y luz,5,2026-02-16,Iste aut quo porro iste possimus.
elisahinojosa@example.org,El precio del poder,1,2026-03-11,A qui a occaecati officiis consequatur ducimus.
elisahinojosa@example.org,El vigilante,3,2023-08-13,Commodi quas doloribus quis mollitia ullam.
elisahinojosa@example.org,El ladrón de sueños,2,2023-10-16,Distinctio dicta ratione cum voluptate earum.
elisahinojosa@example.org,Sin piedad,4,2023-07-13,Molestias veniam debitis hic facere pariatur amet.
elisahinojosa@example.org,El mundo al reves,2,2023-10-29,Consectetur maxime illo saepe ducimus.
elisahinojosa@example.org,La tela de araña,5,2025-07-04,Animi ipsum explicabo soluta odit labore.
pescobar@example.org,El ultimo testigo,5,2024-08-19,Repudiandae sunt necessitatibus quod aliquid.
pescobar@example.org,El umbral,3,2025-09-11,Accusantium omnis quos.
pescobar@example.org,La maquina del tiempo,3,2024-01-19,Rerum magni quas ex accusamus.
pescobar@example.org,El oraculo,1,2023-11-10,Pariatur esse alias eos voluptatibus.
pescobar@example.org,El regreso,1,2026-02-06,Id culpa quos iusto unde.
pescobar@example.org,Luz y oscuridad,3,2023-07-21,Esse qui dolorum nesciunt.
pescobar@example.org,Territorio enemigo,1,2025-08-05,Alias doloremque placeat modi in.
pescobar@example.org,La gran aventura,4,2025-11-13,Nam nemo iste commodi consequatur.
pescobar@example.org,La verdad prohibida,1,2025-09-15,Sint officia suscipit iure inventore necessitatibus quasi.
pescobar@example.org,La señal,4,2023-10-07,Maxime in fugiat ad.
pescobar@example.org,Codigo rojo,4,2024-12-29,Fugiat repellendus blanditiis provident occaecati rem quas nemo.
jeronimomontoya@example.org,Detonacion,5,2023-05-17,Earum ipsa corrupti corporis laborum a omnis.
jeronimomontoya@example.org,El codigo olvidado,5,2024-09-04,Totam quae doloribus dolorum.
jeronimomontoya@example.org,Mas alla del bien,4,2025-07-25,Atque eveniet sequi doloribus.
jeronimomontoya@example.org,La trampa,4,2024-02-21,Itaque at eveniet libero placeat illum.
jeronimomontoya@example.org,Sin fronteras,1,2024-09-25,Quo assumenda enim expedita quod.
jeronimomontoya@example.org,Sangre fria,4,2026-01-07,Nobis esse cupiditate nisi.
jeronimomontoya@example.org,Insurreccion,3,2025-05-29,Quasi incidunt soluta optio ipsum.
jeronimomontoya@example.org,La noche de los lobos,2,2024-06-01,Quo quas odit porro quos.
razocarlota@example.net,El regreso del mal,3,2023-11-29,Enim rerum provident vitae repellat consequatur non.
razocarlota@example.net,Zona prohibida,5,2024-12-10,Reprehenderit suscipit quos.
razocarlota@example.net,Descenso,3,2023-10-09,Officia atque sapiente reprehenderit fugit ducimus quos similique.
razocarlota@example.net,La espiral,5,2025-06-22,Vero provident blanditiis omnis.
razocarlota@example.net,Instinto,2,2024-08-08,Error dolor iste nulla mollitia ipsam.
razocarlota@example.net,El oraculo,5,2025-05-03,Reprehenderit consectetur quod porro.
razocarlota@example.net,Fractura,4,2025-02-26,Temporibus expedita distinctio odit.
razocarlota@example.net,En el limite,4,2025-12-12,Reiciendis natus id tempora illum maiores neque.
cgallardo@example.net,El infierno verde,2,2026-01-23,Aut repellat officia ea sed hic quasi.
cgallardo@example.net,Voces en la oscuridad,2,2025-03-12,Sapiente quo iusto doloremque reiciendis fugiat.
cgallardo@example.net,Derrumbe,5,2025-01-17,Blanditiis dolor sequi in maiores.
cgallardo@example.net,Tierra de nadie,5,2025-06-17,Aliquam dolorum id est similique.
cgallardo@example.net,Tormenta interior,5,2024-07-06,Fugiat illo expedita occaecati.
cgallardo@example.net,El tercer ojo,2,2026-03-26,Iusto odio possimus hic ullam excepturi.
cgallardo@example.net,Punto critico,4,2025-04-11,Quod a iure ad.
cgallardo@example.net,La guerra de sombras,1,2024-03-27,Facilis nobis exercitationem iusto consectetur.
leonardo55@example.net,El poder oculto,5,2023-10-07,Deserunt sequi totam minus.
leonardo55@example.net,Sin nombre,4,2024-02-23,Odit non porro eveniet.
leonardo55@example.net,Torbellino,2,2024-11-08,Illum eius provident quis.
leonardo55@example.net,Oscuridad total,5,2023-09-29,Nemo natus nisi facilis minus cumque.
qsisneros@example.net,La conspiración,2,2025-06-27,Repudiandae molestiae repellat.
qsisneros@example.net,El guardian,2,2025-01-13,Dolorum saepe optio aliquid aut iste deserunt neque.
qsisneros@example.net,La señal perdida,3,2023-10-03,Aspernatur asperiores ducimus iure minus eos.
qsisneros@example.net,La bestia,5,2024-06-16,Laboriosam nulla quia quod nobis suscipit ad.
qsisneros@example.net,Sueños rotos,2,2025-01-07,Id adipisci alias reiciendis expedita sunt doloremque accusamus.
qsisneros@example.net,La zona gris,3,2023-06-24,Occaecati asperiores veritatis eum consequatur cum.
qsisneros@example.net,El ultimo susurro,4,2023-06-10,Quisquam dolorum necessitatibus ipsa ipsum voluptatem illum omnis.
qsisneros@example.net,El precio de la verdad,2,2024-02-24,Nemo quisquam commodi consequuntur.
qsisneros@example.net,El ultimo grito,5,2023-08-09,Cupiditate accusamus iure quaerat dolorum officia illum.
qsisneros@example.net,La guerra fria,4,2024-04-26,Sunt voluptatum dolorum odit facilis repellendus dolorem.
horacioorozco@example.org,La cadena rota,4,2025-12-29,Assumenda eos voluptatum deleniti.
horacioorozco@example.org,Descenso,3,2024-06-07,Quos beatae et error laudantium maxime.
horacioorozco@example.org,El laberinto,4,2023-08-11,Unde repudiandae perferendis eos quibusdam adipisci.
horacioorozco@example.org,Evasion total,5,2025-06-29,Occaecati numquam libero veniam nostrum ab.
horacioorozco@example.org,La guerra de sombras,2,2024-08-26,Laudantium ab totam modi ducimus omnis.
horacioorozco@example.org,El precio del poder,5,2023-11-24,Tempore saepe laborum veniam eius consectetur.
yresendez@example.com,Sombra y luz,3,2023-05-22,Error ea unde molestias.
yresendez@example.com,La sombra del pasado,3,2025-11-01,Ad culpa necessitatibus modi.
yresendez@example.com,Evasion total,2,2023-06-17,Sapiente ipsam aspernatur minus hic error.
yresendez@example.com,El destino marcado,1,2024-07-14,Minima reprehenderit quos libero.
yresendez@example.com,El cruce,2,2026-01-10,Similique occaecati atque minus maxime voluptas.
quirozemilio@example.org,La marca del diablo,5,2025-06-18,Dolores fugit porro vero voluptate.
quirozemilio@example.org,El guardian eterno,5,2026-01-01,Eum maiores nulla enim.
quirozemilio@example.org,Sin salida aparente,3,2023-09-30,Magni perspiciatis excepturi modi.
quirozemilio@example.org,Renacimiento,5,2025-09-19,Et magni occaecati magnam.
quirozemilio@example.org,El juego mortal,1,2023-11-15,Amet rem harum repellendus.
quirozemilio@example.org,Cero absoluto,1,2023-10-16,Cum sunt voluptatibus distinctio.
quirozemilio@example.org,Origen,4,2025-03-27,Officia iste est enim.
quirozemilio@example.org,El guerrero,4,2025-07-04,Explicabo et deserunt ab.
quirozemilio@example.org,La red,2,2025-07-31,Totam eaque dignissimos magni blanditiis.
quirozemilio@example.org,El punto de quiebre,1,2026-02-07,Asperiores ipsam pariatur sapiente beatae ex.
quirozemilio@example.org,Fractura,4,2023-11-05,Eveniet incidunt suscipit dignissimos consequuntur eaque.
berta19@example.net,El ultimo acto,1,2024-11-10,Delectus ab natus placeat accusamus ratione.
berta19@example.net,Implosion,1,2023-11-21,Perspiciatis voluptate quia vel.
berta19@example.net,Caos total,3,2025-08-14,Provident repudiandae numquam unde nisi facere.
berta19@example.net,Colisión de mundos,5,2023-07-26,Occaecati labore quae.
berta19@example.net,El cazador de almas,1,2023-05-03,Quidem omnis dolorum quod quidem explicabo.
berta19@example.net,Colision,3,2025-07-26,Sed autem beatae esse earum debitis necessitatibus.
iaguilera@example.org,El ultimo grito,5,2024-08-12,Animi esse molestiae ipsa assumenda molestiae.
iaguilera@example.org,La promesa rota,3,2023-05-28,Velit eos quis unde ad assumenda omnis.
iaguilera@example.org,La voz del silencio,1,2025-12-17,In autem dignissimos sapiente labore minus.
iaguilera@example.org,La rueda del destino,1,2025-12-31,Quasi pariatur expedita possimus magni enim pariatur consectetur.
iaguilera@example.org,El cruce,5,2024-05-20,Voluptatibus minus enim natus nam laboriosam odio ex.
iaguilera@example.org,El despertar,2,2024-11-05,Optio temporibus deleniti ex ipsum modi.
iaguilera@example.org,El ultimo paso,2,2026-04-02,Quam placeat provident minima.
iaguilera@example.org,El laberinto,3,2026-02-01,Perspiciatis libero sequi laborum officia.
iaguilera@example.org,El ultimo heroe,5,2026-03-11,Laboriosam cumque illo architecto tenetur.
iaguilera@example.org,La alianza,4,2023-08-27,Laudantium illum corrupti quasi.
iaguilera@example.org,Tiempo prestado,4,2025-02-25,Autem ea hic.
iaguilera@example.org,La maldicion,3,2026-01-01,A ut quis aliquam.
clara28@example.net,La guerra de sombras,5,2023-06-30,Mollitia debitis aut nisi magnam deserunt officia velit.
clara28@example.net,El despertador,5,2025-12-11,Perferendis itaque voluptatum voluptate quisquam.
clara28@example.net,La verdad prohibida,2,2023-09-17,Suscipit sapiente pariatur officia amet neque rem dolorem.
clara28@example.net,La fuerza del destino,3,2025-08-01,Esse distinctio et culpa.
clara28@example.net,El prisionero,5,2025-06-01,Mollitia dolor numquam non quo.
clara28@example.net,La caida,5,2024-02-04,Enim cumque animi porro.
clara28@example.net,Explosion,5,2026-04-09,Laudantium facere ipsam fugiat sed numquam.
clara28@example.net,El error fatal,3,2025-02-05,Enim earum inventore numquam temporibus tempora.
clara28@example.net,La trampa mortal,4,2023-10-01,Ut odio maxime dolorem.
clara28@example.net,El guardian,1,2023-10-15,Voluptatibus voluptates perspiciatis error asperiores repudiandae iure dicta.
clara28@example.net,Sin tregua,1,2023-09-13,Laboriosam vitae voluptates enim.
fcampos@example.org,La amenaza,4,2025-11-03,Velit placeat alias vero.
fcampos@example.org,La persecucion,3,2024-10-18,A animi possimus commodi fugiat aspernatur fugiat.
fcampos@example.org,La ultima batalla,4,2023-09-04,Quisquam quam dignissimos saepe placeat cumque aut.
fcampos@example.org,El cazador de almas,3,2025-09-05,Animi placeat odit nulla hic nam.
fcampos@example.org,Zona de peligro,1,2025-07-17,Ea tempore omnis totam cum.
fcampos@example.org,Descenso,4,2025-06-20,Fuga ratione ipsum deleniti doloremque aspernatur.
fcampos@example.org,Oscuridad total,4,2025-01-14,Unde vitae incidunt pariatur.
fcampos@example.org,Luz y oscuridad,4,2023-07-15,Ipsum quisquam animi.
fcampos@example.org,El infiltrado,4,2023-11-01,Laborum nobis dolore deleniti vel minus.
zeferino89@example.org,Descenso,2,2025-06-26,Velit doloremque consectetur labore laboriosam omnis dolorum dolorem.
zeferino89@example.org,El eco del pasado,5,2024-03-13,Labore soluta in impedit.
zeferino89@example.org,La maquina del tiempo,3,2025-03-04,Id repellat possimus eligendi repellat beatae.
zeferino89@example.org,La zona gris,2,2024-07-25,Voluptatibus fugit ullam explicabo cumque eos quam.
zeferino89@example.org,La profecia,5,2025-02-15,Nemo occaecati debitis ducimus fugit quasi veniam.
zeferino89@example.org,La mente oscura,4,2024-06-06,Velit dignissimos illo laborum quod est.
zeferino89@example.org,Zona de peligro,2,2023-10-19,Ducimus atque saepe.
zeferino89@example.org,La red,1,2025-09-06,Aut quod aliquid sapiente.
carla30@example.com,La herida abierta,3,2024-12-14,Atque facere tempore consequuntur officiis explicabo quo.
carla30@example.com,Sueños rotos,4,2024-08-07,Dicta voluptate voluptatem fuga eaque similique quisquam quasi.
carla30@example.com,La maquina del tiempo,3,2025-06-28,Cum odio architecto cupiditate reprehenderit velit.
carla30@example.com,La trampa final,2,2023-09-04,Temporibus earum similique vero facilis enim quia.
carla30@example.com,El precio de la gloria,5,2025-03-20,Nihil nemo explicabo eaque sint blanditiis.
carla30@example.com,El guerrero,5,2025-01-02,Fugit cumque ex ipsa consectetur.
carla30@example.com,El codigo olvidado,2,2024-05-30,Perferendis dignissimos repudiandae quibusdam quae adipisci.
carla30@example.com,El peso del silencio,5,2026-01-23,Laboriosam ducimus accusantium laudantium quas ab labore rerum.
martha89@example.org,El espiritu guerrero,2,2023-10-04,Commodi ut modi ipsa maxime provident.
martha89@example.org,La señal,4,2025-10-05,Fugit distinctio exercitationem ut aut similique.
martha89@example.org,Sin identidad,3,2025-01-29,Eos iure ullam est facilis necessitatibus et dolorum.
martha89@example.org,Doble identidad,3,2025-09-16,Recusandae quod ex dolores at quos harum.
martha89@example.org,El error fatal,3,2025-05-22,Eum quasi porro odit quasi dicta.
martha89@example.org,La trampa,1,2023-11-04,Voluptates rerum corporis quod maiores.
martha89@example.org,El ultimo susurro,5,2023-10-07,Iusto culpa mollitia beatae.
martha89@example.org,La mente oscura,2,2023-09-01,A numquam cumque nobis sunt mollitia nostrum.
vguillen@example.net,En el limite,2,2024-06-02,Aperiam doloribus pariatur sint optio rem dolore.
vguillen@example.net,La guerra de sombras,4,2023-09-01,Corporis hic vitae voluptate itaque assumenda.
vguillen@example.net,La ultima esperanza,1,2024-05-04,Amet consequuntur in quae.
vguillen@example.net,El despertador,5,2023-07-31,Ullam expedita explicabo autem modi.
vguillen@example.net,Fuga imposible,4,2024-03-19,Magnam tenetur sunt ipsa.
vguillen@example.net,El doble juego,4,2024-01-18,Aspernatur hic aliquam aspernatur.
vguillen@example.net,La oscuridad eterna,3,2024-10-14,Soluta explicabo voluptatem ut fugit recusandae eveniet.
julia65@example.org,La ultima oportunidad,3,2025-06-06,Quos aliquid dolor quas quasi consectetur tempore.
julia65@example.org,Origen,5,2026-04-12,Voluptates est id distinctio.
julia65@example.org,La verdad prohibida,5,2023-11-10,Provident aperiam vitae laboriosam corporis ut.
julia65@example.org,Renacimiento,3,2024-11-29,Quisquam rem non nobis molestias dignissimos dolorum laborum.
julia65@example.org,Descenso,2,2024-12-27,Ex illum eum harum fugiat sequi at adipisci.
julia65@example.org,El testamento,2,2024-10-25,Repellat quo officia facere.
julia65@example.org,Derrumbe,3,2025-06-23,Hic in quam in laboriosam.
julia65@example.org,La redencion,2,2024-11-09,Magni distinctio qui eligendi excepturi quos.
julia65@example.org,Doble identidad,2,2026-03-16,Reiciendis nemo maxime vitae similique.
julia65@example.org,La red de mentiras,2,2024-01-01,Beatae expedita vel in expedita eligendi recusandae ut.
julia65@example.org,Colision,3,2024-10-22,Distinctio laboriosam numquam numquam.
julia65@example.org,El cazador de almas,4,2024-09-03,Debitis quis illum illum explicabo.
angela91@example.net,El despertar,5,2024-10-21,Quod ipsum sapiente repellat ipsum modi accusantium dicta.
angela91@example.net,El camino perdido,3,2023-06-25,Laudantium necessitatibus officia officia nobis.
angela91@example.net,Punto ciego,4,2024-02-03,Totam quidem optio recusandae.
angela91@example.net,Zona de guerra,4,2025-04-13,Fuga dolor commodi.
angela91@example.net,El observador,2,2025-12-03,Saepe facere asperiores provident.
angela91@example.net,El espiritu guerrero,2,2023-12-10,Eligendi iusto totam veniam eaque illo.
angela91@example.net,Entre dos mundos,4,2024-11-23,Officia mollitia ducimus itaque iusto animi quae.
angela91@example.net,Oscuridad total,4,2024-11-22,Quia quibusdam sed iure doloremque numquam consequuntur.
yarevalo@example.net,Caos total,4,2023-08-31,Reprehenderit totam adipisci non.
yarevalo@example.net,La marca del diablo,1,2025-07-18,Qui veniam quos quasi.
yarevalo@example.net,Cero absoluto,1,2026-04-13,Ducimus iure ipsa necessitatibus fugiat consequuntur.
yarevalo@example.net,El guardian eterno,1,2023-06-14,Ullam aspernatur tempora magni fuga.
yarevalo@example.net,Instinto,2,2023-09-12,Omnis nesciunt eos ut rem id sequi.
yarevalo@example.net,Zona de guerra,4,2024-09-15,Accusantium quo modi.
yarevalo@example.net,El precio de la verdad,4,2026-02-10,Quo consectetur aut incidunt minus quisquam delectus.
yarevalo@example.net,Bajo cero,4,2024-03-11,Eveniet numquam labore fuga ipsam minus.
yarevalo@example.net,Sin rastro,3,2025-07-30,Debitis impedit totam vero reprehenderit sint.
yarevalo@example.net,Sueños rotos,2,2024-12-30,Quia praesentium beatae laboriosam minus sit ratione.
orellanaandrea@example.com,Impacto,2,2023-12-24,Animi enim quas iusto nesciunt.
orellanaandrea@example.com,Mas fuerte que el destino,4,2024-03-05,Totam voluptatem dignissimos cupiditate quia.
orellanaandrea@example.com,Cero absoluto,2,2025-08-04,Cupiditate quasi quae aliquid.
orellanaandrea@example.com,La caja de pandora,1,2024-10-27,Quo atque repellat vel eos sit et.
orellanaandrea@example.com,Sin escape,5,2024-06-15,Deleniti perferendis debitis aspernatur atque voluptatibus id.
orellanaandrea@example.com,El punto final,2,2024-12-25,Eaque in ipsa nobis.
orellanaandrea@example.com,La zona roja,5,2023-05-11,Perferendis autem fugiat iusto perferendis.
orellanaandrea@example.com,La ultima oportunidad,4,2024-06-08,Laborum cumque labore hic.
orellanaandrea@example.com,El testigo silencioso,3,2024-07-01,Delectus minima recusandae ipsa quisquam.
orellanaandrea@example.com,La señal,4,2025-04-08,Totam commodi rerum.
orellanaandrea@example.com,Explosion,3,2023-11-17,Nihil necessitatibus quidem ullam nobis inventore occaecati.
orellanaandrea@example.com,La voz del silencio,1,2023-05-12,Accusantium vero accusantium fugit sapiente nesciunt.
orellanaandrea@example.com,Impacto final,4,2026-03-30,Minima voluptates tempora.
orellanaandrea@example.com,La verdad oculta,1,2025-11-30,Aliquam architecto fugit maxime laudantium aut.
orellanaandrea@example.com,Sin piedad ni gloria,4,2024-08-17,Vel minus eius officiis natus ipsum earum iure.
marcelacoronado@example.net,El laberinto,3,2025-10-21,Placeat minima architecto delectus iure amet enim.
marcelacoronado@example.net,El vacio,5,2025-06-10,Laborum sit amet sit.
marcelacoronado@example.net,Punto critico,2,2023-10-30,A fugit quisquam.
marcelacoronado@example.net,Furia imparable,3,2024-04-09,Facere maxime ratione.
marcelacoronado@example.net,Insurreccion,3,2023-05-07,Voluptate fuga nulla.
marcelacoronado@example.net,El poder oculto,1,2025-03-07,Possimus nobis maiores veritatis.
marcelacoronado@example.net,El ultimo grito,5,2026-02-20,Repellat laudantium a non nam.
marcelacoronado@example.net,El ultimo heroe,4,2025-01-20,Id earum ratione aliquam repellendus.
marcelacoronado@example.net,Colapso,5,2025-07-15,Sed saepe esse at illum.
marcelacoronado@example.net,Punto sin retorno,4,2025-09-09,Dolore unde in ipsam fugiat.
marcelacoronado@example.net,La clave perdida,4,2025-12-26,Quas exercitationem impedit distinctio a.
marcelacoronado@example.net,El mundo al reves,2,2023-10-06,Optio voluptas rerum unde.
marcelacoronado@example.net,Voces en la oscuridad,3,2023-09-04,Iure saepe natus numquam.
marcelacoronado@example.net,Colision,5,2025-01-07,In quae quibusdam tempora amet adipisci.
romerosergio@example.com,El secreto del lago,3,2024-10-21,Optio quos voluptatem quis.
romerosergio@example.com,La venganza,1,2026-03-31,Mollitia doloremque eum suscipit optio odit.
romerosergio@example.com,La zona gris,4,2024-04-26,Amet veniam minus pariatur.
romerosergio@example.com,La trampa,3,2024-08-27,Porro quisquam possimus soluta nihil earum perferendis.
romerosergio@example.com,El cazador solitario,5,2024-12-28,Praesentium dolore sit quasi eius maiores minus eaque.
romerosergio@example.com,El codigo olvidado,2,2024-10-18,Distinctio alias nulla voluptas aut.
romerosergio@example.com,La herencia maldita,4,2024-12-05,Saepe eius quam ab optio blanditiis omnis quidem.
romerosergio@example.com,El infiltrado,2,2025-09-12,Nobis nulla numquam delectus.
romerosergio@example.com,El punto final,3,2025-12-10,Odit asperiores repellendus porro sint.
romerosergio@example.com,El testamento,4,2024-08-12,Veritatis corrupti repellendus iure eligendi deleniti reprehenderit.
romerosergio@example.com,El eco del pasado,5,2025-05-28,Itaque dolor minus corrupti.
romerosergio@example.com,La isla perdida,1,2023-06-05,Dolore ut accusantium autem quasi ab natus architecto.
nchavarria@example.net,El ultimo paso,5,2023-10-02,Cum vel a.
nchavarria@example.net,El enviado,4,2025-07-26,Eos voluptatem deserunt dicta accusamus mollitia veritatis.
nchavarria@example.net,El ultimo viaje,5,2025-03-01,Ad eum earum iure iusto.
nchavarria@example.net,El riesgo calculado,2,2025-07-17,Explicabo culpa ducimus adipisci a eum.
nchavarria@example.net,La sombra del futuro,1,2025-01-06,Pariatur fuga culpa.
nchavarria@example.net,La ultima esperanza,3,2024-02-09,Asperiores eius in fuga quibusdam numquam.
elisa75@example.com,El tiempo se acaba,5,2024-07-26,Atque autem dolore ex totam exercitationem.
elisa75@example.com,La noche infinita,1,2025-01-09,Voluptatum assumenda quisquam beatae corrupti numquam et.
elisa75@example.com,La trampa final,1,2024-12-02,Adipisci minus exercitationem sapiente consequuntur assumenda.
elisa75@example.com,Fragmentos,1,2026-04-13,Esse unde consequuntur deserunt fugit laborum.
elisa75@example.com,El mundo al reves,3,2023-12-20,Vitae qui eum voluptatum.
elisa75@example.com,La red de mentiras,2,2025-08-12,Enim dolore autem eos soluta porro dignissimos.
elisa75@example.com,El monstruo interior,2,2024-05-26,Exercitationem molestias atque esse nihil explicabo.
elisa75@example.com,La verdad prohibida,1,2024-04-13,Impedit porro nihil alias quidem quo beatae.
elisa75@example.com,La trampa,5,2025-06-10,Perferendis sunt beatae alias facilis.
elisa75@example.com,El cazador de almas,2,2023-10-25,Reiciendis error veniam modi placeat incidunt.
elisa75@example.com,La conspiración,3,2024-06-18,Non odit beatae aperiam quo.
elisa75@example.com,Doble identidad,5,2025-06-19,Fuga dolorem at sequi ad aspernatur odit cupiditate.
elisa75@example.com,El ultimo acto,2,2024-08-23,Esse laboriosam itaque adipisci quasi at.
elisa75@example.com,La batalla final,3,2024-01-30,Dolor temporibus sint quod sint eius.
elisa75@example.com,Impacto final,5,2025-11-30,Laborum ab quo eius blanditiis.
angelica70@example.org,El riesgo calculado,1,2025-01-15,Mollitia nemo deserunt expedita facilis.
angelica70@example.org,La ultima batalla,1,2025-03-20,Nisi ea excepturi architecto voluptates reprehenderit voluptate.
angelica70@example.org,Fractura,1,2025-05-16,Voluptatem magni ipsum tempore asperiores ut.
angelica70@example.org,La noche sin fin,2,2024-11-27,Ipsam dolor quisquam officia.
angelica70@example.org,El umbral,2,2023-12-21,Veritatis laborum accusantium fugiat.
angelica70@example.org,El mundo al reves,1,2023-10-16,Sunt totam incidunt facere nihil.
angelica70@example.org,La amenaza silenciosa,4,2024-01-26,Soluta enim porro occaecati earum esse modi corporis.
angelica70@example.org,La gran aventura,5,2024-05-05,Consequatur eius eius soluta labore.
angelica70@example.org,El guardian eterno,1,2025-05-20,Quam debitis minima dignissimos quae necessitatibus nihil nisi.
diazisrael@example.com,Sin limite,5,2025-07-21,Deserunt quo ipsa non praesentium repellendus quis.
diazisrael@example.com,Sin piedad ni gloria,2,2024-08-26,Cum sequi iure debitis.
diazisrael@example.com,Zona de guerra,4,2025-10-30,Ducimus esse cum vero qui.
diazisrael@example.com,Evasion total,1,2026-01-31,Dicta totam nihil iure.
diazisrael@example.com,La fuerza del destino,3,2024-07-08,Ipsum ipsum repellendus doloremque reiciendis.
diazisrael@example.com,El regreso,2,2023-10-19,Distinctio optio assumenda.
diazisrael@example.com,Sin piedad,4,2023-05-19,Repellat deleniti ea doloremque fugiat suscipit.
qbanuelos@example.net,Fragmentos,5,2024-09-23,Eum accusantium nobis minima excepturi.
qbanuelos@example.net,Colisión de mundos,3,2024-02-18,Similique qui occaecati consequatur.
qbanuelos@example.net,El destino marcado,4,2024-05-10,Tenetur quo est quidem ducimus blanditiis.
qbanuelos@example.net,El espejo roto,4,2024-01-12,Perferendis voluptatum laudantium exercitationem iusto corrupti.
qbanuelos@example.net,El ultimo recurso,2,2024-07-28,Vitae nostrum distinctio voluptas.
qbanuelos@example.net,Insurreccion,1,2025-12-05,Incidunt earum delectus natus sit laborum facere.
qbanuelos@example.net,El cruce,3,2023-10-22,Labore praesentium a ipsam cumque cum.
qbanuelos@example.net,El cazador,5,2025-03-13,Quos consectetur nobis sint voluptatum voluptates expedita animi.
qbanuelos@example.net,El precio del poder,3,2025-12-11,Ut assumenda repellat tempore deleniti adipisci ipsum.
qbanuelos@example.net,La fuga,5,2024-09-29,Odio vel sed assumenda odio.
qbanuelos@example.net,El infiltrado,2,2025-09-10,Voluptate eius ratione molestiae.
qbanuelos@example.net,La batalla final,4,2024-10-08,Quia tempore assumenda enim suscipit magnam cupiditate.
maria-jose83@example.net,La verdad prohibida,4,2025-10-20,Beatae reprehenderit officiis harum quidem ducimus ratione ab.
maria-jose83@example.net,En el limite,2,2026-03-10,Amet omnis error.
maria-jose83@example.net,La noche sin fin,4,2023-08-01,Neque ea modi eum dolore qui.
maria-jose83@example.net,El punto de quiebre,5,2024-12-12,Fuga autem numquam odio accusamus a quisquam.
maria-jose83@example.net,El mundo al reves,2,2026-03-14,Similique enim facilis voluptate quibusdam reiciendis quidem.
maria-jose83@example.net,La red,4,2025-06-10,Architecto enim quisquam.
maria-jose83@example.net,Impacto,2,2024-06-25,Repellendus voluptate accusamus hic totam unde.
maria-jose83@example.net,El laberinto,5,2024-10-22,Laborum mollitia qui at atque.
maria-jose83@example.net,El punto final,1,2024-09-20,Quae numquam laboriosam qui ex.
lopezarcelia@example.net,Origen,3,2024-01-27,Blanditiis voluptatem molestias illum magni fugit.
lopezarcelia@example.net,El horizonte perdido,3,2026-03-05,Ad distinctio aliquam incidunt.
lopezarcelia@example.net,La redencion,3,2023-05-31,Velit ex porro provident.
lopezarcelia@example.net,Luz y oscuridad,1,2025-06-11,Nemo vero illum eligendi.
lopezarcelia@example.net,La tela de araña,3,2024-02-06,Magnam iste necessitatibus voluptatum delectus.
lopezarcelia@example.net,La amenaza,1,2024-07-30,Incidunt atque illum voluptatem expedita.
lopezarcelia@example.net,El tiempo se acaba,3,2025-04-23,Aliquam illum quae iste fugit.
lopezarcelia@example.net,La señal perdida,5,2025-02-24,Nesciunt minus sit quaerat omnis qui.
lopezarcelia@example.net,La persecucion,5,2026-01-20,Nulla quos nesciunt eius omnis.
lopezarcelia@example.net,La clave perdida,4,2025-10-07,Quae dolorem magnam qui consequatur.
lopezarcelia@example.net,La conexion,3,2023-09-07,Temporibus molestias modi.
mcarvajal@example.net,La ultima oportunidad,2,2023-07-26,Itaque a corporis dicta asperiores molestiae porro.
mcarvajal@example.net,El codigo negro,5,2025-12-08,Ea velit assumenda magni itaque quod quisquam quo.
mcarvajal@example.net,La herida abierta,2,2025-05-21,Quasi corrupti quas natus tempore esse vitae.
mcarvajal@example.net,El mensajero,3,2026-03-07,Tempora tenetur ipsa quasi deserunt deserunt recusandae.
mcarvajal@example.net,Sin escape,4,2024-01-05,Optio ipsam consequuntur perferendis possimus tenetur odit.
mcarvajal@example.net,La sombra del mal,2,2025-08-24,Maxime maxime temporibus atque id.
mcarvajal@example.net,El guardian,5,2024-09-29,Odio provident vero provident.
mcarvajal@example.net,La ultima frontera,1,2025-04-07,Omnis sunt harum.
mcarvajal@example.net,El despertar,5,2026-02-22,Veritatis error commodi repellat.
mcarvajal@example.net,El punto de quiebre,3,2025-10-21,Reiciendis perspiciatis molestias eius earum.
mcarvajal@example.net,La clave perdida,2,2025-06-09,Deleniti sint corrupti voluptatem ipsam eum.
mcarvajal@example.net,El juego mortal,4,2024-06-23,Eum maiores sapiente pariatur ut doloribus tempore.
mcarvajal@example.net,La trampa mortal,2,2025-01-31,Adipisci vel vitae quae ut.
mcarvajal@example.net,El abismo oscuro,3,2023-05-09,Numquam ullam mollitia.
tomasmeza@example.com,El ultimo grito,1,2024-05-19,Corrupti sed accusamus ut.
tomasmeza@example.com,Explosion,5,2025-08-05,Suscipit cum facilis laborum.
tomasmeza@example.com,Sin piedad,3,2025-06-19,Voluptatum voluptate reiciendis sunt tenetur ad architecto.
reina34@example.org,La rueda del destino,5,2026-02-21,Fuga tempore nostrum officia.
reina34@example.org,Insurreccion,4,2024-07-27,Placeat voluptate dicta atque libero sunt saepe veritatis.
reina34@example.org,Punto sin retorno,2,2024-12-14,Recusandae magni dignissimos architecto.
reina34@example.org,Codigo rojo,2,2024-03-09,Quis illo consequuntur ad quasi in exercitationem expedita.
reina34@example.org,El ultimo testigo,2,2024-02-01,Nam iusto error dolore maiores sunt.
reina34@example.org,Bajo cero,3,2025-05-08,Sunt in ducimus magni soluta.
reina34@example.org,Tierra de nadie,4,2025-03-03,Qui temporibus occaecati quae iure illo placeat.
reina34@example.org,El espejo oscuro,4,2023-11-12,Tenetur repellendus iste dignissimos.
reina34@example.org,Sin limite,3,2024-04-12,Fuga fugiat omnis aut deleniti corrupti sint ipsam.
reina34@example.org,Sombras del pasado,2,2024-03-18,Voluptatibus vero ipsam voluptatem omnis dolorem.
reina34@example.org,El destino marcado,1,2024-08-11,Minima vel illo molestiae exercitationem.
reina34@example.org,Furia imparable,2,2025-03-22,Consequatur dolorum non dolore.
reina34@example.org,La sombra del futuro,2,2023-11-24,Iure error velit deserunt illum aliquid sapiente.
reina34@example.org,El poder oculto,1,2025-06-10,Ullam possimus ad voluptatum corrupti.
pereavictor@example.org,El elegido,2,2023-09-09,Cumque quam nulla molestias.
pereavictor@example.org,Sombra y luz,4,2025-12-25,Similique ad quidem corrupti.
pereavictor@example.org,El camino perdido,1,2023-10-21,Aspernatur facilis nam adipisci dignissimos libero omnis quis.
pereavictor@example.org,El punto final,1,2025-08-07,Laborum accusantium earum esse quia.
pereavictor@example.org,Doble identidad,4,2025-12-17,Quas rem est dolorem.
pereavictor@example.org,Insurreccion,5,2023-11-08,Eveniet consectetur provident dolorum dolore laudantium.
pereavictor@example.org,La voz del silencio,4,2025-04-04,Sint sequi illum exercitationem.
pereavictor@example.org,Conexion fatal,4,2024-07-18,Accusamus minus voluptates debitis nulla beatae.
pereavictor@example.org,El mensajero,1,2025-09-03,Quaerat ratione omnis corporis quas.
pereavictor@example.org,Mas alla del bien,2,2024-12-19,Blanditiis deleniti assumenda id sequi molestiae.
antonio55@example.net,La red,5,2024-09-21,Excepturi laborum veritatis.
antonio55@example.net,La persecucion,5,2024-01-11,Neque asperiores sed quae.
antonio55@example.net,La ultima batalla,4,2024-03-28,Impedit dignissimos rerum nemo aut.
antonio55@example.net,El ultimo recurso,4,2024-08-09,Deleniti maxime aliquam itaque tempora.
antonio55@example.net,La conspiración,5,2025-03-27,Voluptas ducimus rerum pariatur.
antonio55@example.net,La venganza,3,2023-06-05,Assumenda sequi doloribus minima eum suscipit porro.
antonio55@example.net,El secreto del lago,4,2023-08-14,Asperiores doloribus eaque corporis.
antonio55@example.net,Punto ciego,2,2023-06-05,Expedita facere rem aperiam ipsa provident animi.
antonio55@example.net,Evasion total,5,2026-04-18,Ipsa unde fuga non molestias delectus.
antonio55@example.net,El espejo oscuro,3,2023-07-29,Quisquam eveniet est deserunt fugiat mollitia.
antonio55@example.net,El infierno verde,5,2023-10-18,Ea dolores accusamus facilis cum dignissimos.
antonio55@example.net,El umbral,1,2024-06-26,Ipsa fugit cupiditate dolores.
antonio55@example.net,El testamento,5,2023-06-22,Autem non dolorem repellendus.
mtapia@example.com,La verdad prohibida,5,2025-03-15,Unde vitae dolorem vero.
mtapia@example.com,El doble juego,2,2025-12-03,Cum dolor culpa commodi.
mtapia@example.com,La conexion,2,2025-08-14,Unde adipisci delectus.
mtapia@example.com,Sin retorno,3,2026-02-09,Excepturi delectus sit beatae adipisci accusantium.
mtapia@example.com,Zona de peligro,2,2025-12-28,Adipisci quisquam commodi voluptatibus.
mtapia@example.com,La bestia,2,2026-01-07,Natus unde dolore illo omnis.
mtapia@example.com,El destino marcado,1,2023-07-29,Dolores veritatis vero in.
mtapia@example.com,La fuga,2,2024-12-30,Earum itaque veniam accusantium.
mtapia@example.com,El eco del pasado,1,2025-06-26,Dolorum tenetur nulla asperiores nihil.
mtapia@example.com,Sin salida aparente,1,2024-07-07,Suscipit est ullam distinctio pariatur cumque.
mtapia@example.com,El monstruo interior,1,2024-02-14,Hic deserunt ut ea nostrum adipisci consectetur.
parraomar@example.com,El peso del silencio,4,2026-02-04,Nobis nemo consectetur vitae distinctio.
parraomar@example.com,Entre dos mundos,3,2023-11-15,Repudiandae numquam praesentium impedit nemo.
parraomar@example.com,Instinto,3,2024-11-28,Quos in nisi error quisquam in beatae nisi.
parraomar@example.com,La trampa mortal,5,2025-04-15,Sunt laudantium id praesentium.
parraomar@example.com,La alianza,2,2024-11-08,Voluptatum dignissimos sunt vel illum iure quibusdam.
renato65@example.org,La guerra de sombras,2,2025-03-07,Ratione eum minus.
renato65@example.org,Sombras del pasado,3,2025-07-16,Sequi perspiciatis maiores quisquam eum odio.
renato65@example.org,El vigilante,2,2026-04-04,Tempora qui animi repellendus laudantium ipsam aspernatur.
renato65@example.org,Tormenta de fuego,2,2025-10-14,Occaecati similique dolor nemo omnis molestias molestias.
renato65@example.org,Sin identidad,4,2024-01-18,Nobis iusto eveniet ea.
renato65@example.org,El ultimo comando,3,2023-06-13,Voluptates sequi nam odit inventore animi.
renato65@example.org,El laberinto,5,2023-11-26,Maiores dignissimos neque itaque dolorem.
renato65@example.org,La conspiración,3,2025-01-14,Suscipit facere vero dolore tempore quod repudiandae commodi.
renato65@example.org,El horizonte perdido,2,2026-04-15,Cumque iusto illum praesentium eum.
renato65@example.org,Fragmentos,4,2024-02-03,Dolor necessitatibus inventore consequatur iusto.
renato65@example.org,Tormenta interior,3,2026-02-22,Reprehenderit totam ea adipisci eaque.
renato65@example.org,La trampa final,5,2024-04-11,Fugit possimus nesciunt praesentium.
luis-miguel31@example.org,El mundo al reves,2,2025-06-05,Quasi repellat sint est deserunt iste.
luis-miguel31@example.org,La isla perdida,5,2023-07-03,Consequatur dolorum mollitia molestiae possimus ducimus dolores.
luis-miguel31@example.org,La pesadilla,1,2025-10-27,Qui at ipsa ab labore impedit.
rpuente@example.org,El ultimo grito,1,2025-10-10,Laborum suscipit voluptates vero minus asperiores.
rpuente@example.org,La caida libre,2,2026-01-04,Optio quibusdam sit corrupti.
rpuente@example.org,El guardian,5,2024-04-24,Sapiente nam ut nesciunt blanditiis.
rpuente@example.org,El oraculo,1,2023-11-30,Id voluptatum accusamus cupiditate at.
velezjose-manuel@example.com,La sombra del pasado,4,2024-08-01,Ratione a maiores quo.
velezjose-manuel@example.com,Sin retorno,2,2026-01-22,Ad reiciendis eius aliquam rem modi harum officia.
velezjose-manuel@example.com,El codigo olvidado,2,2024-08-20,Repellat ratione libero incidunt autem itaque.
velezjose-manuel@example.com,Sin rastro,2,2024-01-30,Veniam delectus fuga minus quidem impedit.
dolores19@example.net,La señal perdida,5,2024-10-14,Tempora voluptates laboriosam.
dolores19@example.net,La caida,3,2025-10-01,Fuga distinctio sint praesentium facilis.
dolores19@example.net,La cadena rota,4,2024-10-11,Qui veritatis tempore sequi ullam molestias occaecati.
dolores19@example.net,Sin salida,3,2024-07-11,Repellendus quis vero corrupti quam velit eaque excepturi.
dolores19@example.net,La sombra del mal,5,2023-11-13,Temporibus doloribus cum quaerat quaerat rem facilis.
dolores19@example.net,Sin salida aparente,2,2025-01-11,Magnam nam officiis iste eligendi voluptate.
dolores19@example.net,El despertar,3,2023-09-16,Doloremque repellat dolorem atque nobis aliquam placeat cupiditate.
dolores19@example.net,Punto ciego,2,2026-02-15,Similique itaque nihil ipsum aspernatur excepturi.
dolores19@example.net,El cazador,5,2023-08-17,Tempora repellat dolorum est.
dolores19@example.net,La decision,1,2026-03-10,Ipsum quisquam iste iusto illo corporis.
aprado@example.net,La decision,4,2025-05-11,Eligendi quia fuga.
aprado@example.net,El oraculo,5,2026-02-23,Accusantium quaerat recusandae sequi quod.
aprado@example.net,Fractura,5,2025-09-11,Quam officiis minus.
aprado@example.net,La verdad oculta,4,2025-02-20,A deserunt reprehenderit alias saepe reiciendis necessitatibus eos.
aprado@example.net,El cazador,2,2025-04-28,Fugit repudiandae voluptas dolore ullam.
delia61@example.org,El vigilante,4,2025-04-05,Hic animi blanditiis.
delia61@example.org,El precio del poder,5,2025-05-07,Cum provident dicta magni aspernatur.
delia61@example.org,La verdad prohibida,5,2023-12-06,Tempora repellendus porro quidem illo error enim.
delia61@example.org,El cazador solitario,5,2026-01-05,Ea sit iste optio qui eligendi.
delia61@example.org,Descenso,1,2023-09-02,Odit nostrum enim.
delia61@example.org,El umbral,2,2024-12-06,Mollitia doloribus culpa ex cumque laborum quibusdam.
delia61@example.org,El vacio,4,2024-12-28,Provident eaque nihil laboriosam possimus eveniet quisquam.
nuneznatalia@example.com,Sin limite,2,2024-03-09,Dolorem aspernatur nisi quaerat consequatur quod.
nuneznatalia@example.com,La herencia maldita,5,2025-12-07,Quidem nemo quod optio ullam.
nuneznatalia@example.com,El cazador de almas,3,2024-11-28,Inventore nostrum quos odit nihil quis quam natus.
nuneznatalia@example.com,Fragmentos,4,2024-11-17,Voluptas at fugit deserunt.
nuneznatalia@example.com,Entre dos mundos,3,2026-03-21,Animi voluptate eos itaque cum debitis at.
nuneznatalia@example.com,La noche sin fin,4,2023-12-23,Sapiente laborum nesciunt quasi praesentium ab.
nuneznatalia@example.com,El mundo al reves,4,2024-06-23,Dolorem earum dolor accusantium eaque.
nuneznatalia@example.com,Furia imparable,5,2026-03-30,Consequuntur commodi eos adipisci porro alias.
nuneznatalia@example.com,La noche de los lobos,2,2023-06-10,Dolore corporis praesentium.
nuneznatalia@example.com,El maestro del engano,5,2025-05-19,Iste totam deleniti.
nuneznatalia@example.com,Tierra de nadie,4,2025-11-03,Doloremque praesentium ipsa tempora molestias totam temporibus.
kroldan@example.org,El cazador,5,2025-03-19,Est asperiores molestias doloribus totam repellendus perspiciatis.
kroldan@example.org,Tormenta interior,3,2023-08-09,Harum alias omnis repellat.
kroldan@example.org,La clave perdida,4,2024-08-24,Ullam dolor totam officia ad cupiditate.
kroldan@example.org,La maquina del tiempo,3,2024-06-24,Earum accusantium consequuntur ducimus voluptatibus fugit tenetur.
kroldan@example.org,El riesgo calculado,3,2023-08-07,Excepturi officia omnis cum quam autem.
kroldan@example.org,El guerrero,5,2025-09-08,Dignissimos odit voluptatum molestiae reprehenderit occaecati officia.
kroldan@example.org,El observador,3,2024-07-21,Sequi est minima ipsum asperiores temporibus.
kroldan@example.org,Punto sin retorno,5,2025-08-01,Laborum exercitationem consectetur iste aliquid eum doloremque.
kroldan@example.org,El precio del poder,3,2026-01-22,Repellendus eaque natus eligendi tempora eligendi.
ana-maria88@example.org,La profecia,1,2024-02-11,Iste odio pariatur qui natus.
ana-maria88@example.org,El legado,2,2025-05-30,Totam delectus illo esse aspernatur beatae voluptatibus optio.
ana-maria88@example.org,La decision,1,2025-06-27,Vero repellendus rerum quasi amet.
ana-maria88@example.org,Punto de no retorno,3,2024-12-15,Similique error expedita ducimus reiciendis.
ana-maria88@example.org,Origen,3,2025-10-11,Nulla omnis quaerat neque iusto inventore.
ana-maria88@example.org,Evasion total,2,2025-11-29,Corrupti quam distinctio non quibusdam.
marinelena@example.com,Detonacion,1,2026-01-07,Dolore sed quisquam vero porro.
marinelena@example.com,Explosion,2,2024-07-21,Maiores tempore ullam saepe quae.
marinelena@example.com,Sin piedad ni gloria,2,2025-08-09,Vero accusamus enim nulla aut numquam aliquid.
marinelena@example.com,Desolacion,3,2023-10-15,Sed eos placeat eos.
marinelena@example.com,Instinto,1,2025-05-02,Facere odio non.
marinelena@example.com,Descenso,5,2026-04-06,Alias assumenda aspernatur aliquam accusamus minima nobis.
marinelena@example.com,La amenaza silenciosa,2,2024-09-06,Atque tempore eaque magni dolor saepe ipsa.
marinelena@example.com,La bestia,3,2023-10-11,Repudiandae accusamus quas architecto modi eos vero.
marinelena@example.com,Zona de guerra,1,2025-06-19,Eaque eos illo doloremque assumenda asperiores.
wpichardo@example.net,Insurreccion,1,2024-01-09,Iste quod quae soluta.
wpichardo@example.net,El silencio roto,2,2023-07-15,Illo minus quaerat.
wpichardo@example.net,La cadena rota,5,2025-04-15,Qui vero est autem eum saepe.
wpichardo@example.net,Sueños rotos,1,2024-08-10,Expedita id amet similique earum aut libero.
wpichardo@example.net,En el limite,1,2025-09-22,Doloribus atque architecto quidem odit accusantium.
wpichardo@example.net,La caja de pandora,5,2023-08-27,Cumque quisquam distinctio odio tenetur autem eveniet.
wpichardo@example.net,La ultima oportunidad,2,2023-12-30,Sequi asperiores temporibus tenetur sint rem.
ramosespartaco@example.org,Derrumbe,5,2023-08-24,Doloremque possimus harum neque.
ramosespartaco@example.org,El ultimo viaje,5,2024-10-25,Quia beatae quisquam nam aut corporis.
ramosespartaco@example.org,Fractura,1,2024-09-11,Maxime deserunt odio eos optio suscipit.
ramosespartaco@example.org,La conexion,2,2024-04-22,Tempore minus alias consectetur eligendi itaque quis laudantium.
ramosespartaco@example.org,La persecucion,3,2024-02-21,Autem eum sint consequatur modi perferendis velit magni.
ramosespartaco@example.org,Tormenta de fuego,1,2025-04-22,Itaque quisquam doloribus nihil ullam repellendus mollitia.
ramosespartaco@example.org,Punto ciego,4,2025-11-10,Odio quisquam eum sunt pariatur suscipit.
ramosespartaco@example.org,El precio de la verdad,1,2024-05-23,Occaecati iste vel error.
ramosespartaco@example.org,Colision,1,2024-09-14,Perferendis commodi ducimus quidem nulla iure ipsam.
ramosespartaco@example.org,El ultimo testigo,2,2026-02-14,Consequatur inventore asperiores rem ipsam reprehenderit.
ramosespartaco@example.org,La trampa mortal,4,2023-06-02,Maiores iure porro quibusdam nulla debitis.
ramosespartaco@example.org,La voz del silencio,4,2025-08-04,Illo officiis nobis magni ab quibusdam quo.
ramosespartaco@example.org,La red,2,2025-01-08,Quis necessitatibus odio eos.
ramosespartaco@example.org,La espiral,2,2024-12-21,Nulla facilis delectus omnis sit accusamus.
ramosespartaco@example.org,Combustion,1,2024-06-05,Soluta excepturi maiores.
acarmona@example.com,El despertador,5,2024-11-12,Quaerat est officiis deleniti laborum.
acarmona@example.com,El ultimo heroe,1,2026-01-16,Voluptate optio tempora cumque.
acarmona@example.com,Evasion total,2,2024-08-17,Voluptates sequi quaerat pariatur iure.
acarmona@example.com,El legado,1,2024-03-02,Consectetur saepe illum ducimus maiores repellendus a quibusdam.
acarmona@example.com,Tormenta interior,2,2023-06-13,Ipsum atque voluptatibus laborum ex architecto.
acarmona@example.com,La ultima frontera,2,2026-01-17,Dolor odio dolorum.
acarmona@example.com,Sin tregua,1,2025-06-13,Nam reiciendis optio maiores.
acarmona@example.com,Sin retorno,4,2025-11-13,Placeat voluptatem nulla laboriosam iure voluptatem deleniti doloribus.
eduardo10@example.org,Tormenta interior,5,2024-03-06,Odit voluptatum sunt ipsum itaque blanditiis rem.
eduardo10@example.org,La oscuridad interior,5,2023-09-07,Laboriosam maxime saepe vel in.
eduardo10@example.org,En el limite,2,2025-08-18,Reprehenderit itaque mollitia quia incidunt tempora id.
eduardo10@example.org,Sin cuartel,1,2025-09-29,Nihil officia dicta facilis numquam dolor.
eduardo10@example.org,El regreso del mal,4,2024-03-02,Quasi tempore ab tempora soluta reiciendis.
carbajaleva@example.org,El espejo oscuro,2,2025-02-22,A sint ratione at neque odit asperiores cumque.
carbajaleva@example.org,La conspiración,4,2025-01-18,Reiciendis recusandae quis sed a.
carbajaleva@example.org,El guerrero,3,2024-06-04,Nemo odio quisquam aspernatur iste eius quae inventore.
carbajaleva@example.org,Sin cuartel,1,2024-03-24,Perspiciatis officiis numquam ducimus exercitationem illo.
carbajaleva@example.org,La tela de araña,3,2024-08-17,Dolores laborum omnis sunt veritatis asperiores eveniet.
carbajaleva@example.org,La fuerza del destino,2,2025-05-10,Doloribus exercitationem doloremque.
carbajaleva@example.org,Descenso,1,2025-04-05,Quam ullam a amet dolorem illum.
carbajaleva@example.org,La oscuridad interior,4,2025-06-10,Dignissimos illum molestias tempore.
carbajaleva@example.org,Punto critico,1,2023-06-24,Eveniet incidunt laborum cupiditate.
carbajaleva@example.org,El elegido,5,2026-03-05,Eos hic impedit doloremque.
carbajaleva@example.org,La ultima esperanza,4,2024-04-05,Beatae dignissimos magnam aut cumque autem.
carbajaleva@example.org,Territorio enemigo,1,2023-05-15,Minus aliquid tempora qui.
carbajaleva@example.org,La sombra del pasado,2,2024-02-02,Hic ducimus quidem expedita explicabo vero.
antoniachavarria@example.net,La bestia,3,2023-08-15,Hic cum facilis optio quis.
antoniachavarria@example.net,El ladrón de sueños,1,2025-05-17,Asperiores placeat similique eaque.
antoniachavarria@example.net,La isla perdida,1,2023-09-07,Reprehenderit in eligendi dolorem labore dolore quis nesciunt.
antoniachavarria@example.net,La gran aventura,2,2025-12-03,Ipsam ex maiores vitae qui.
antoniachavarria@example.net,Punto de no retorno,3,2023-11-10,Repellat harum modi.
antoniachavarria@example.net,La clave perdida,1,2024-11-22,Velit cupiditate sed reiciendis molestiae voluptates.
antoniachavarria@example.net,El despertador,3,2023-11-21,Deleniti ab optio nostrum quis.
antoniachavarria@example.net,La herencia maldita,1,2026-03-31,Qui amet odio totam vero ratione.
antoniachavarria@example.net,El despertar,4,2024-06-03,Inventore accusantium sed a cumque esse iusto.
antoniachavarria@example.net,Caos total,1,2024-08-14,Eveniet cupiditate sint explicabo placeat at.
trujillotomas@example.com,Punto ciego,1,2024-06-14,Esse suscipit facilis ullam dolorum temporibus.
trujillotomas@example.com,El elegido,1,2025-08-11,Neque ea placeat quis aperiam.
trujillotomas@example.com,Tormenta interior,5,2023-08-08,In ullam est.
trujillotomas@example.com,El despertar,1,2026-01-06,Enim ratione non rerum nulla dolorem veniam doloribus.
trujillotomas@example.com,La batalla final,2,2024-02-01,Praesentium aspernatur sit non.
trujillotomas@example.com,El monstruo interior,1,2023-10-01,Libero exercitationem beatae quis soluta architecto.
trujillotomas@example.com,La tela de araña,4,2024-02-20,Quo tempora nam.
trujillotomas@example.com,La red,1,2025-04-01,Sed quas veritatis alias labore illum occaecati.
trujillotomas@example.com,El riesgo calculado,1,2024-01-22,Soluta alias ut eaque.
trujillotomas@example.com,La noche de los lobos,4,2023-05-11,Alias voluptatem praesentium porro cum ex.
trujillotomas@example.com,El legado,5,2025-03-21,Perferendis blanditiis consectetur repellendus ducimus.
trujillotomas@example.com,La señal perdida,3,2026-02-19,Doloremque blanditiis quo.
trujillotomas@example.com,El codigo olvidado,4,2025-05-06,Et quos voluptates iusto quas cumque illum.
trujillotomas@example.com,La rueda del destino,3,2023-09-08,Aut suscipit a est reiciendis ut.
israelmerino@example.net,Sin memoria,5,2026-02-02,Delectus perspiciatis nostrum iusto quas.
israelmerino@example.net,Furia imparable,2,2024-05-15,Tempora placeat dolorum labore doloremque.
israelmerino@example.net,El espejo oscuro,1,2025-03-11,Atque asperiores in dolorum eveniet vitae.
israelmerino@example.net,El cazador solitario,5,2026-03-12,Eaque minus illo.
israelmerino@example.net,El ultimo paso,5,2025-02-09,Qui provident soluta.
israelmerino@example.net,La amenaza silenciosa,1,2024-03-12,Deserunt eligendi sunt sapiente quod facere.
israelmerino@example.net,La caida libre,2,2023-08-08,Est pariatur ducimus cumque quisquam.
israelmerino@example.net,Torbellino,1,2024-11-28,Eligendi quidem adipisci ea reprehenderit sequi beatae.
israelmerino@example.net,La espiral,5,2025-10-17,Cum totam quaerat maxime.
israelmerino@example.net,Fuera de control,1,2024-06-17,Sit tempora corporis non sapiente deserunt.
israelmerino@example.net,Sin identidad conocida,5,2023-07-17,Repellat incidunt amet quas.
israelmerino@example.net,La caida,4,2023-09-21,A placeat nobis ab maiores veniam asperiores.
israelmerino@example.net,Sin cuartel,5,2023-05-03,Odio assumenda quas repellendus excepturi laudantium.
israelmerino@example.net,Sin nombre,4,2023-05-31,Debitis dolorem odit beatae assumenda autem dolor.
esquivelestela@example.org,El camino perdido,4,2024-04-25,Cupiditate voluptatum labore recusandae qui sequi.
esquivelestela@example.org,La caida libre,2,2026-03-31,Nemo ipsa necessitatibus corrupti magni culpa dolorum.
esquivelestela@example.org,Doble identidad,5,2024-10-22,Suscipit sunt magnam iste quibusdam aspernatur.
esquivelestela@example.org,Fragmentos,3,2025-01-15,Qui maxime accusantium perferendis labore molestias.
esquivelestela@example.org,La ultima batalla,1,2024-08-14,Eveniet quo fugit quibusdam at cumque.
esquivelestela@example.org,El tercer ojo,4,2023-07-06,Voluptatum in officia perferendis.
esquivelestela@example.org,El espejo roto,1,2025-12-12,Omnis omnis et hic.
esquivelestela@example.org,Insurreccion,1,2025-09-13,Voluptates repellendus repellat delectus aliquam.
esquivelestela@example.org,La ultima oportunidad,2,2025-04-22,Saepe voluptatem beatae dignissimos ab harum sapiente.
esquivelestela@example.org,Abismo,4,2024-12-25,Recusandae ipsum laborum natus quaerat.
esquivelestela@example.org,La red de mentiras,2,2024-04-12,Aperiam cupiditate ducimus nobis maxime ipsam.
esquivelestela@example.org,Punto critico,4,2025-12-28,Officia doloribus facere maxime maiores quod blanditiis.
velezmarisela@example.net,Impacto,1,2024-04-24,At eum explicabo enim nisi quam occaecati.
velezmarisela@example.net,El precio de la gloria,5,2023-11-12,Autem facere quod eveniet.
velezmarisela@example.net,La zona gris,5,2025-07-04,Voluptatum deserunt accusamus incidunt repellendus.
velezmarisela@example.net,La gran aventura,5,2023-04-24,Deleniti saepe iure magnam.
velezmarisela@example.net,La noche de los lobos,3,2024-10-15,Quia eligendi non.
velezmarisela@example.net,Punto de no retorno,4,2024-12-24,Repellat exercitationem reiciendis rerum et ut illo dignissimos.
velezmarisela@example.net,Sin salida aparente,5,2023-04-22,Praesentium sint quisquam.
pedrovazquez@example.net,Impacto final,1,2024-05-09,Recusandae ullam distinctio ipsam natus dicta beatae.
pedrovazquez@example.net,Sin rastro,4,2023-04-22,Ut quas cupiditate itaque quaerat maxime unde.
pedrovazquez@example.net,El regreso,4,2024-07-01,Molestias ea nam ex.
pedrovazquez@example.net,Renacimiento,4,2024-09-01,Maxime adipisci eligendi natus.
pedrovazquez@example.net,La persecucion,2,2024-02-26,Libero porro quibusdam quisquam porro doloribus.
pedrovazquez@example.net,Furia imparable,3,2025-08-09,Est quaerat beatae consequatur.
maria-elenarodriguez@example.net,El peso del silencio,5,2023-05-22,Velit laboriosam modi perferendis numquam quae quibusdam dicta.
maria-elenarodriguez@example.net,Furia imparable,1,2025-12-30,Culpa non eum eaque.
maria-elenarodriguez@example.net,El ultimo recurso,5,2024-04-28,Facere itaque qui fuga quaerat eos quae consectetur.
maria-elenarodriguez@example.net,El enviado,3,2024-10-22,Magni occaecati ducimus voluptatum eos.
maria-elenarodriguez@example.net,El precio de la gloria,4,2025-03-20,Repellendus asperiores necessitatibus.
maria-elenarodriguez@example.net,Sin memoria,4,2023-10-26,Excepturi maiores nostrum sit sit ipsam.
maria-elenarodriguez@example.net,La red de mentiras,1,2025-09-05,Natus ipsam sapiente facere id corporis similique itaque.
maria-elenarodriguez@example.net,Desolacion,5,2023-10-01,Explicabo ea delectus consequatur deserunt atque praesentium ipsa.
maria-elenarodriguez@example.net,El elegido,3,2024-04-14,Maxime assumenda facere animi beatae sed laudantium.
maria-elenarodriguez@example.net,El guardian,1,2025-07-27,Enim molestiae est.
maria-elenarodriguez@example.net,La guerra fria,5,2025-02-13,Vel nobis autem sunt ad suscipit maxime.
maria-elenarodriguez@example.net,Sin nombre,5,2023-08-18,Incidunt laboriosam excepturi repellendus voluptatum.
maria-elenarodriguez@example.net,El cazador de almas,5,2023-09-13,Architecto recusandae facilis praesentium.
maria-elenarodriguez@example.net,La decision,4,2024-07-22,Quidem incidunt deleniti amet quasi quia.
maria-elenarodriguez@example.net,Tormenta de fuego,4,2025-05-07,Minima corporis hic veritatis.
antonia44@example.com,El destino marcado,1,2023-07-13,At quis deserunt sint.
antonia44@example.com,El infierno verde,3,2025-03-09,Alias perspiciatis neque quia nihil quisquam.
antonia44@example.com,El ultimo grito,1,2026-02-10,Modi asperiores pariatur repellendus ipsum.
antonia44@example.com,Sin piedad,1,2025-11-03,Aliquam magnam libero sunt quibusdam facere.
antonia44@example.com,La profecia,1,2024-12-08,Consequuntur dolor ad deleniti officiis sunt eveniet.
antonia44@example.com,El punto final,4,2024-02-09,Eum expedita adipisci facilis in voluptate.
antonia44@example.com,Derrumbe,3,2025-01-23,Illum necessitatibus aperiam est.
antonia44@example.com,La redencion,4,2024-03-04,Nemo nobis labore fugiat est consectetur.
antonia44@example.com,La guerra fria,3,2023-09-06,Non cumque nihil recusandae numquam.
antonia44@example.com,El despertador,2,2025-08-15,Hic aliquid reprehenderit veritatis.
antonia44@example.com,El testigo silencioso,2,2025-01-16,Illo occaecati rem quod.
zalvarez@example.net,Sangre fria,3,2026-03-08,Amet nemo architecto officia debitis non quos nostrum.
zalvarez@example.net,El ultimo grito,1,2023-09-03,Ea dolor repellendus repellat reprehenderit.
zalvarez@example.net,El monstruo interior,5,2025-05-11,Repellat delectus quasi quidem.
uperalta@example.com,El infiltrado,3,2024-05-24,Reiciendis ducimus rem culpa mollitia recusandae.
uperalta@example.com,El error fatal,4,2025-04-05,Qui ducimus ea unde excepturi iste.
uperalta@example.com,Zona de peligro,4,2024-05-26,Veniam esse fuga doloribus perferendis neque.
uperalta@example.com,Renacimiento,1,2025-05-31,Quis culpa eveniet.
uperalta@example.com,El ultimo comando,3,2025-09-01,Consequatur velit sit totam odio asperiores veniam natus.
elvirajiminez@example.net,El tercer ojo,2,2026-02-13,Qui doloribus praesentium deserunt qui ab.
elvirajiminez@example.net,La redencion,5,2025-02-10,A nemo possimus.
elvirajiminez@example.net,La guerra de sombras,5,2024-04-11,Nisi sit molestiae animi.
elvirajiminez@example.net,El punto de quiebre,3,2025-03-01,Saepe vero sequi reiciendis architecto praesentium.
elvirajiminez@example.net,La rueda del destino,3,2023-06-24,Delectus maiores fugit reiciendis.
arturo61@example.org,El codigo negro,4,2023-09-25,Eveniet exercitationem possimus veritatis ea at tempora.
arturo61@example.org,Sin nombre,3,2026-03-03,Iure architecto ipsam fugit.
arturo61@example.org,La caida,5,2025-10-11,Recusandae consequuntur ea totam tempora.
arturo61@example.org,El testamento,5,2025-11-19,Ducimus eum dolorem itaque.
arturo61@example.org,El destino marcado,2,2023-08-11,Repudiandae magni incidunt voluptatum.
arturo61@example.org,Sin retorno,2,2024-02-23,Explicabo voluptate delectus dolorem labore saepe.
arturo61@example.org,La caja de pandora,3,2024-05-06,Explicabo voluptate totam blanditiis libero.
arturo61@example.org,El oraculo,3,2024-10-22,Nostrum nisi molestias fugiat dicta autem eum nisi.
arturo61@example.org,La pesadilla,5,2023-09-08,Quam cupiditate recusandae molestiae excepturi.
arturo61@example.org,Cero absoluto,1,2024-04-27,Nisi sunt labore.
arturo61@example.org,Desolacion,3,2025-12-10,Laboriosam perspiciatis veniam quod quod dolores.
arturo61@example.org,El mundo al reves,2,2026-01-05,Adipisci consectetur consequuntur.
arturo61@example.org,El secreto del lago,5,2024-02-11,Eligendi fuga accusamus placeat fugit amet nobis at.
arturo61@example.org,La amenaza,2,2025-04-19,Ea expedita id aspernatur.
arturo61@example.org,Impacto,5,2023-06-02,Ipsum facilis fugit.
miramontescelia@example.org,Mas fuerte que el destino,3,2023-10-03,Pariatur saepe ut assumenda ab quas natus ex.
miramontescelia@example.org,El espejo roto,2,2023-05-16,Ipsum porro minus et aut mollitia totam.
miramontescelia@example.org,Sin tregua,4,2023-10-05,Quia veritatis quaerat nostrum.
miramontescelia@example.org,La amenaza silenciosa,2,2023-05-24,Quis ducimus earum odio exercitationem.
miramontescelia@example.org,Derrumbe,1,2025-11-20,Dolore quibusdam vero adipisci quo quis vero consequatur.
miramontescelia@example.org,Tormenta interior,4,2024-09-02,Doloribus est tempora assumenda nisi quia.
miramontescelia@example.org,La espiral,4,2026-01-21,Ducimus placeat sunt rerum.
miramontescelia@example.org,La promesa rota,2,2025-08-31,Culpa rerum minus iusto voluptas ducimus harum.
jacintozavala@example.net,Evasion total,5,2024-10-26,Odio mollitia eum iste eum in eum impedit.
jacintozavala@example.net,La caida libre,2,2025-03-31,Officia aliquam similique libero unde non.
jacintozavala@example.net,Codigo rojo,2,2025-11-18,Eaque quasi recusandae debitis odio nesciunt.
jacintozavala@example.net,La noche sin fin,3,2024-02-14,A aspernatur quo.
jacintozavala@example.net,La señal,4,2025-09-19,Dicta fuga eaque nulla enim occaecati fugit.
jacintozavala@example.net,Implosion,2,2024-03-18,Facilis veniam possimus molestiae optio incidunt delectus nisi.
jacintozavala@example.net,Sin salida,3,2023-06-20,Provident optio sit.
jacintozavala@example.net,La ultima frontera,4,2024-01-22,Unde ex sint.
jacintozavala@example.net,La tela de araña,1,2023-12-23,Quam itaque amet maiores ducimus officiis.
jacintozavala@example.net,Oscuridad total,4,2025-03-16,Corrupti quisquam dicta eligendi quasi.
jacintozavala@example.net,El secreto del lago,3,2026-03-02,Similique voluptatem ut consequatur.
jacintozavala@example.net,Cero absoluto,4,2026-04-17,Aspernatur sapiente cumque dolor voluptates.
avileselvira@example.net,La guerra fria,3,2024-01-17,Perferendis ipsum assumenda quaerat ducimus impedit molestiae.
avileselvira@example.net,Furia imparable,3,2024-10-31,Autem ducimus totam iure.
avileselvira@example.net,El abismo oscuro,3,2025-11-05,Excepturi dolorem excepturi ipsam.
avileselvira@example.net,El testigo silencioso,4,2023-09-06,Nam molestias aut odit.
avileselvira@example.net,El ultimo susurro,3,2024-02-25,Vero architecto consequuntur provident ullam.
avileselvira@example.net,Explosion,5,2025-07-16,Voluptate nulla esse ut provident ipsum provident reiciendis.
avileselvira@example.net,Impacto,4,2024-11-10,Neque magni quaerat excepturi vero esse veritatis.
avileselvira@example.net,La herida abierta,5,2024-12-04,Rerum exercitationem vitae rerum.
avileselvira@example.net,El tiempo se acaba,3,2023-04-20,Nihil voluptatibus optio sapiente.
avileselvira@example.net,Renacimiento,3,2023-11-27,Commodi ullam tempore corporis cumque ullam magnam.
avileselvira@example.net,La amenaza,3,2023-09-09,Dignissimos reiciendis ea praesentium cumque.
avileselvira@example.net,El precio de la gloria,1,2025-02-13,Quidem cupiditate labore quos assumenda aperiam aut illum.
avileselvira@example.net,Sin fronteras,1,2023-09-30,Delectus laboriosam quam voluptates delectus.
avileselvira@example.net,La maquina del tiempo,1,2023-08-23,Velit voluptatem incidunt laudantium.
caridad25@example.net,El oraculo,1,2024-11-23,Repellat commodi perferendis quasi similique.
caridad25@example.net,Colision,1,2024-12-12,Temporibus quod enim cupiditate voluptatem.
caridad25@example.net,Cero absoluto,4,2023-07-26,Expedita autem odit officia voluptatum maiores commodi excepturi.
caridad25@example.net,El espejo roto,4,2025-02-01,Vel assumenda rem exercitationem nulla vero.
caridad25@example.net,El precio de la gloria,2,2024-09-11,Recusandae quos neque illo.
caridad25@example.net,Punto de no retorno,4,2025-12-14,Voluptas illum animi quam neque quisquam quis.
caridad25@example.net,El cazador de almas,4,2025-03-11,Dolor aspernatur minima aspernatur voluptas.
caridad25@example.net,El infiltrado,4,2023-06-25,Ea impedit laudantium voluptas quia possimus odit non.
josefinaroldan@example.com,La verdad oculta,1,2025-12-16,Repudiandae et delectus dolorum ut illum odio distinctio.
josefinaroldan@example.com,El infierno verde,3,2025-07-18,Culpa nulla eius voluptate facilis.
josefinaroldan@example.com,El espejo roto,5,2025-01-27,Fugit eius voluptate unde officiis similique.
josefinaroldan@example.com,Sin limite,5,2024-03-20,Temporibus qui neque optio.
josefinaroldan@example.com,Punto sin retorno,2,2025-01-01,Itaque qui incidunt tenetur maxime vero omnis error.
josefinaroldan@example.com,Entre dos mundos,2,2024-07-09,Optio dignissimos voluptates.
josefinaroldan@example.com,El doble juego,3,2026-03-29,Quam optio velit nobis.
josefinaroldan@example.com,La frontera,3,2025-06-23,Sit explicabo ab eum quibusdam amet.
josefinaroldan@example.com,La maldicion,1,2024-07-19,Temporibus explicabo animi vel molestiae repellendus.
josefinaroldan@example.com,Descenso,3,2024-08-03,Necessitatibus ex reiciendis.
josefinaroldan@example.com,Sin rastro,1,2025-08-18,Molestias laudantium laboriosam quidem eos praesentium alias.
josefinaroldan@example.com,La conspiración,3,2023-05-22,Non voluptatem quae a rem atque.
japodaca@example.net,La maquina del tiempo,1,2025-04-03,Alias officiis fugit nam non excepturi mollitia.
japodaca@example.net,Zona prohibida,5,2025-11-05,Magni architecto voluptate distinctio.
japodaca@example.net,El riesgo calculado,4,2025-06-21,Ratione velit exercitationem soluta nulla sequi.
hildaguillen@example.org,Explosion,3,2025-01-18,Exercitationem aut consequuntur.
hildaguillen@example.org,Sin piedad ni gloria,1,2023-04-27,Doloribus consequuntur mollitia libero minus labore aliquid.
hildaguillen@example.org,Punto sin retorno,2,2026-01-17,Cupiditate corporis autem.
hildaguillen@example.org,La caja de pandora,5,2024-04-08,Nulla earum enim possimus commodi eveniet neque.
hildaguillen@example.org,Voces en la oscuridad,2,2026-03-08,Aliquid saepe fugit deserunt.
hildaguillen@example.org,La caida libre,3,2025-11-08,Aperiam ducimus recusandae corrupti.
hildaguillen@example.org,El juego mortal,1,2025-09-20,Explicabo ipsam temporibus omnis sint omnis cumque.
hildaguillen@example.org,El elegido,3,2023-07-12,Accusamus saepe nobis iure eaque eius.
hildaguillen@example.org,Tormenta interior,1,2025-03-09,Fuga esse doloremque non tenetur suscipit.
hildaguillen@example.org,La sombra del pasado,2,2024-09-02,Reprehenderit illo illum aliquam numquam.
marianaarteaga@example.net,El ultimo susurro,5,2023-07-26,Sint tempore optio.
marianaarteaga@example.net,El espejo oscuro,1,2023-11-13,Esse esse possimus in at corporis.
marianaarteaga@example.net,Instinto,5,2025-09-07,Incidunt quae quam voluptatibus et.
marianaarteaga@example.net,La sombra del futuro,3,2024-12-28,Ea aliquam autem harum ipsam distinctio reiciendis unde.
marianaarteaga@example.net,La caida libre,3,2023-10-02,Molestias atque blanditiis vel inventore saepe.
marianaarteaga@example.net,Tierra de nadie,2,2023-08-07,Molestias omnis maxime tempore ut.
marianaarteaga@example.net,Mas fuerte que el destino,4,2025-07-09,Omnis maxime est eaque corrupti.
marianaarteaga@example.net,El codigo negro,2,2025-10-05,Odio voluptatem vel.
marianaarteaga@example.net,Fuera de control,5,2025-11-28,Sunt corrupti vel et.
marianaarteaga@example.net,Sin nombre,1,2024-11-22,Minima libero eaque adipisci.
marianaarteaga@example.net,Sin identidad conocida,2,2023-05-08,Sed aperiam asperiores cupiditate consectetur eum.
marianaarteaga@example.net,El guerrero,2,2025-01-04,Ullam minima hic quidem.
marianaarteaga@example.net,Punto sin retorno,2,2025-08-27,Alias tempore minima accusamus amet tempore nostrum.
maria-luisaalba@example.com,Sin escape,3,2023-04-26,Quo ad assumenda voluptatem pariatur numquam.
maria-luisaalba@example.com,La noche de los lobos,4,2023-05-26,Fugit consectetur voluptatibus a.
maria-luisaalba@example.com,Mas alla del bien,2,2024-07-24,Quod consectetur cupiditate doloremque dolor.
maria-luisaalba@example.com,Entre dos mundos,4,2024-03-15,Blanditiis quae sed aperiam omnis dolor voluptatum.
maria-luisaalba@example.com,Zona prohibida,4,2025-03-24,In amet ut unde fuga assumenda repudiandae.
perlamarroquin@example.org,Sin salida,4,2024-01-07,Sit assumenda corrupti consequatur.
perlamarroquin@example.org,Sin cuartel,4,2023-10-07,Aut a dolorum velit omnis veritatis.
perlamarroquin@example.org,La ultima frontera,2,2025-11-18,Tempore commodi sapiente quisquam fugit deserunt expedita et.
perlamarroquin@example.org,El ultimo grito,4,2024-04-11,Molestiae harum quaerat repellat eos.
perlamarroquin@example.org,El poder oculto,4,2025-09-03,Mollitia voluptatem dolorum occaecati soluta ipsam.
perlamarroquin@example.org,Tormenta de fuego,4,2024-08-31,Laudantium dolorem quam a voluptatem culpa harum.
perlamarroquin@example.org,El elegido,1,2024-05-23,Iure voluptatum sequi voluptas.
perlamarroquin@example.org,Sombras del pasado,4,2024-09-25,Neque hic omnis atque accusantium error.
perlamarroquin@example.org,La herencia maldita,1,2023-08-30,Aspernatur voluptas corrupti sapiente animi adipisci.
hernanlemus@example.org,La persecucion,3,2024-01-05,Voluptas officiis maiores illum omnis fuga ducimus.
hernanlemus@example.org,La promesa rota,3,2026-02-23,Molestias corporis inventore aspernatur quisquam cupiditate.
hernanlemus@example.org,La pesadilla,5,2026-02-13,Repudiandae a iste non necessitatibus dolorum voluptate omnis.
hernanlemus@example.org,El peso del silencio,3,2024-11-01,Earum beatae dignissimos illum id.
hernanlemus@example.org,El testigo silencioso,4,2024-11-18,Libero quia culpa magnam praesentium.
nfierro@example.org,La caida libre,2,2023-10-12,Iure ex quaerat.
nfierro@example.org,Impacto,3,2023-07-15,Maiores dolorem nisi totam consectetur.
nfierro@example.org,La frontera,5,2024-03-31,Ab mollitia sed laudantium soluta rem.
nfierro@example.org,El laberinto,4,2024-12-30,Sit expedita nostrum assumenda.
nfierro@example.org,El cazador de almas,3,2025-08-28,Neque provident nesciunt saepe dolore aliquid consectetur.
nfierro@example.org,Renacimiento,3,2026-03-05,Ducimus animi sunt quaerat non voluptatibus.
hperea@example.org,Colapso,5,2023-05-21,Odit veritatis illo nihil consequuntur.
hperea@example.org,Sin fronteras,4,2023-05-17,Iusto nulla fugiat nostrum debitis voluptatem.
hperea@example.org,El regreso,5,2026-02-21,Ab tempore exercitationem molestiae ipsam distinctio.
hperea@example.org,El riesgo calculado,4,2024-01-13,Eveniet facere iure quaerat explicabo repellat.
hperea@example.org,Oscuridad total,3,2024-11-13,Sapiente a distinctio quibusdam.
hperea@example.org,Fragmentos,1,2023-12-24,Culpa quae reiciendis consequatur molestiae expedita non.
hperea@example.org,Sin escape,5,2025-07-30,Repellat dignissimos vel expedita harum molestiae alias.
hperea@example.org,El ultimo viaje,2,2024-01-07,Rem deleniti quisquam praesentium ullam.
hperea@example.org,El precio de la verdad,4,2025-05-09,Praesentium deserunt eos non.
hperea@example.org,El elegido,4,2023-10-06,Laudantium minima a quasi nisi harum esse inventore.
barelatrinidad@example.net,El guardian eterno,5,2024-02-25,Quod aut repellendus ratione.
barelatrinidad@example.net,Sin memoria,3,2024-01-23,Ad voluptate explicabo voluptatibus.
barelatrinidad@example.net,El tercer ojo,1,2023-07-16,Voluptatem dolorum eum minima.
barelatrinidad@example.net,Bajo cero,3,2024-01-25,Explicabo iusto at magni deleniti voluptate.
barelatrinidad@example.net,El testigo silencioso,4,2025-09-25,Dolores facilis tenetur.
barelatrinidad@example.net,La clave perdida,2,2025-11-01,Eaque tempora aut veritatis.
barelatrinidad@example.net,Sin piedad ni gloria,4,2024-11-16,Dolor magni possimus laboriosam nobis inventore maiores ipsa.
barelatrinidad@example.net,El vigilante,5,2024-07-01,Nihil dicta atque impedit numquam.
barelatrinidad@example.net,La señal perdida,5,2024-10-23,Aut velit fugiat eligendi sit ab.
barelatrinidad@example.net,Entre dos mundos,5,2026-03-11,Voluptatibus commodi repudiandae culpa.
barelatrinidad@example.net,Sin cuartel,4,2023-05-05,Tempora qui quibusdam optio repellat.
barelatrinidad@example.net,El regreso,4,2024-06-24,Nobis quae quibusdam vel.
barelatrinidad@example.net,Doble identidad,5,2025-04-07,Id id ratione iste id.
barelatrinidad@example.net,El espiritu guerrero,3,2023-10-01,Cupiditate iure similique ullam expedita eaque nam nesciunt.
lucia23@example.net,La fuerza interior,1,2023-10-21,Totam dignissimos distinctio voluptatem dolorum impedit.
lucia23@example.net,La trampa,5,2024-12-22,Fuga enim animi corporis.
lucia23@example.net,Sin nombre,1,2025-11-23,Et tempore unde rem eveniet.
lucia23@example.net,El punto final,2,2025-05-04,Commodi reiciendis impedit.
lucia23@example.net,Torbellino,4,2026-02-11,Corrupti in hic accusamus nemo iure illo.
lucia23@example.net,El laberinto,3,2026-02-12,Odit incidunt itaque similique hic quia reiciendis.
lucia23@example.net,El codigo negro,5,2025-02-20,Laboriosam iste itaque amet.
lucia23@example.net,El vacio,4,2024-12-11,Explicabo officia porro harum tenetur.
lucia23@example.net,Sin tregua,4,2026-02-02,Modi accusantium vel magni.
lucia23@example.net,El observador,4,2024-09-13,Quisquam consequatur laborum aut sequi.
lucia23@example.net,Sin piedad,2,2025-05-21,Dignissimos iste consectetur deleniti exercitationem sapiente.
lucia23@example.net,Territorio enemigo,4,2024-11-08,Sit possimus eveniet facere molestiae.
lucia23@example.net,El proyecto secreto,1,2025-02-21,Voluptate unde at quam veritatis minus eum.
lucia23@example.net,Mas alla del bien,1,2026-03-17,Quisquam qui porro consequuntur.
lucia23@example.net,El cazador,2,2026-02-06,Amet occaecati aperiam laborum ipsam.
araceli85@example.com,El regreso,3,2023-08-26,Mollitia repudiandae temporibus quam provident fugit aut nihil.
araceli85@example.com,La verdad prohibida,4,2025-04-11,Quis vel nesciunt fugiat deleniti quidem at quia.
araceli85@example.com,La persecucion,2,2024-06-05,Expedita dolores consequuntur est nemo maiores quaerat praesentium.
araceli85@example.com,En el limite,3,2026-01-21,Enim rem nam quae dolor.
yverdugo@example.com,Colisión de mundos,1,2024-11-27,Corrupti eos placeat incidunt minima tempora incidunt.
yverdugo@example.com,Bajo cero,3,2024-08-13,Praesentium officiis itaque nostrum vero sint.
yverdugo@example.com,Codigo rojo,3,2025-10-08,Dolore iusto consequuntur voluptatum iusto sed distinctio.
ioquendo@example.org,Doble identidad,5,2023-08-25,Repellat deserunt voluptatem quas totam et repellendus.
ioquendo@example.org,La ultima oportunidad,2,2024-05-07,Ab debitis commodi facilis.
ioquendo@example.org,La herencia maldita,5,2024-12-31,Excepturi libero veritatis hic.
ioquendo@example.org,Golpe mortal,3,2024-09-24,Ipsum molestias odio magnam illum.
ioquendo@example.org,La señal,4,2023-05-21,Recusandae possimus quo.
ioquendo@example.org,El ladrón de sueños,1,2025-07-25,Beatae tenetur illum quae.
ioquendo@example.org,La decision,1,2023-07-29,Eius voluptate iusto repellat placeat.
ioquendo@example.org,El ultimo comando,1,2024-01-26,Numquam facilis inventore labore minima nulla consequuntur.
ioquendo@example.org,El camino perdido,4,2024-10-05,Impedit iusto ducimus aspernatur quas veniam deserunt.
ioquendo@example.org,La profecia,4,2024-11-22,Ducimus inventore quisquam et omnis maxime maiores.
ioquendo@example.org,Sombras del pasado,1,2024-01-20,Nobis modi officiis harum omnis vitae iste magni.
ioquendo@example.org,El codigo olvidado,4,2025-07-22,Maiores amet numquam commodi.
ioquendo@example.org,Sin cuartel,5,2025-11-02,Atque cum consequuntur quia asperiores.
ioquendo@example.org,La noche de los lobos,5,2024-08-14,Repellendus exercitationem totam iure.
lcamacho@example.net,La fuerza del destino,1,2025-11-13,Dolorum ad rem culpa ex aperiam.
lcamacho@example.net,Sin memoria,5,2025-01-16,Sapiente officia perferendis optio provident blanditiis.
lcamacho@example.net,El ladrón de sueños,4,2025-05-16,Repudiandae repudiandae provident modi.
lcamacho@example.net,La sombra del mal,1,2025-09-12,Inventore animi necessitatibus delectus praesentium.
abrahamnajera@example.com,El punto de quiebre,1,2023-12-16,Explicabo ratione facere.
abrahamnajera@example.com,Voces en la oscuridad,4,2023-10-18,Eveniet corporis quae.
abrahamnajera@example.com,La decision,5,2025-06-13,Nobis nemo officia atque incidunt officiis dolorum occaecati.
abrahamnajera@example.com,Oscuridad total,2,2023-10-18,Tenetur accusantium non velit occaecati.
abrahamnajera@example.com,El cazador de almas,3,2024-10-12,Cumque beatae nihil vel.
abrahamnajera@example.com,Sin rastro,1,2025-06-09,Iste maiores soluta iure quidem possimus optio.
abrahamnajera@example.com,La tormenta perfecta,2,2024-10-05,Saepe nulla quae odit nemo.
abrahamnajera@example.com,La zona gris,3,2023-06-25,Similique necessitatibus aut temporibus.
fmateo@example.org,La fuerza del mal,1,2023-06-07,Voluptatum cupiditate maiores id mollitia.
fmateo@example.org,Sin escape,3,2024-03-13,Expedita fugit porro animi exercitationem non illo.
fmateo@example.org,La maldicion,2,2025-07-20,Quod minus tempore nisi dolores unde doloribus beatae.
fmateo@example.org,Sin limite,1,2026-03-13,Nobis tempore fugiat.
fmateo@example.org,El espejo oscuro,1,2025-06-06,Fugiat quibusdam excepturi autem exercitationem ullam.
fmateo@example.org,Descenso,4,2024-01-04,Dolorum eos totam illo.
fmateo@example.org,El laberinto,5,2024-04-27,Necessitatibus ratione dolorum sed quasi non tempora.
fmateo@example.org,La marca del diablo,5,2025-03-24,Sed temporibus itaque ipsum suscipit iste.
fmateo@example.org,Sin identidad,3,2024-04-26,Commodi nisi commodi cupiditate illo.
fmateo@example.org,El prisionero,4,2025-06-21,Repellat necessitatibus repudiandae corrupti illum nesciunt.
fmateo@example.org,La guerra fria,2,2025-02-06,Veniam odit minus dolorum omnis quibusdam.
fmateo@example.org,El ultimo acto,2,2023-10-10,Quae iure tempore reprehenderit dicta magnam dolores ullam.
fmateo@example.org,Sangre fria,2,2025-10-01,Rem vel doloribus molestias corrupti.
fmateo@example.org,Detonacion,3,2023-09-24,In voluptatibus saepe ipsum nemo.
fmateo@example.org,La oscuridad interior,5,2024-06-09,Sunt ad temporibus dolorem necessitatibus eveniet.
abelmurillo@example.org,El poder oculto,2,2023-05-22,Eaque quod tenetur atque architecto labore distinctio.
abelmurillo@example.org,La fuerza interior,2,2023-12-08,Magni ad possimus adipisci.
abelmurillo@example.org,La noche infinita,4,2025-12-23,Vero veniam occaecati rem eius exercitationem.
abelmurillo@example.org,La bestia,4,2025-05-16,Cum repellendus ducimus error repellendus.
abelmurillo@example.org,La herencia maldita,3,2025-09-01,Consectetur ipsum doloribus deserunt alias similique.
abelmurillo@example.org,Sin limite,4,2023-05-31,Sit in debitis natus nesciunt cumque officia.
abelmurillo@example.org,Golpe mortal,1,2024-01-24,Facere natus dolor consequuntur.
abelmurillo@example.org,Sin nombre,1,2024-08-24,Totam laborum labore nesciunt tempora.
abelmurillo@example.org,El precio de la verdad,4,2024-07-26,Beatae deserunt esse neque autem natus ea inventore.
abelmurillo@example.org,La guerra fria,1,2024-05-19,Aspernatur ipsa quia ratione officia vel nulla eligendi.
abelmurillo@example.org,La red,2,2023-09-29,Molestiae natus nulla facere fugit.
abelmurillo@example.org,El destino marcado,5,2023-12-15,Libero numquam quaerat placeat.
abelmurillo@example.org,El codigo olvidado,4,2025-10-09,Et soluta aliquam.
abelmurillo@example.org,Detonacion,5,2024-07-29,Natus ad delectus quidem incidunt ut.
abelmurillo@example.org,La venganza,5,2024-05-26,Vitae delectus ex molestiae nihil.
samador@example.net,El error fatal,4,2025-12-02,Aspernatur porro quaerat doloremque nihil voluptatibus deleniti.
samador@example.net,Sombra y luz,2,2024-12-05,Totam distinctio voluptates deleniti maxime sunt.
samador@example.net,Punto sin retorno,5,2025-03-22,Quo dolor distinctio aliquid laboriosam.
samador@example.net,La venganza perfecta,1,2024-04-20,Nisi laboriosam voluptatem dignissimos quo quos.
samador@example.net,La señal,3,2023-04-27,Ipsam rerum voluptas officiis earum reprehenderit.
samador@example.net,La zona gris,5,2023-10-26,Sapiente inventore commodi.
samador@example.net,Tierra de nadie,5,2025-09-06,Architecto quas inventore nulla.
samador@example.net,El observador,3,2024-11-24,Rem quis magnam quam aliquam quis.
samador@example.net,La espiral,3,2024-11-24,Voluptatum ut ex repellendus.
samador@example.net,El punto final,2,2025-10-15,Animi distinctio incidunt minus nostrum occaecati ex iste.
samador@example.net,La guerra de sombras,5,2024-04-10,Beatae quas laborum debitis.
samador@example.net,Conexion fatal,5,2024-03-22,Quo consequuntur voluptate nemo ipsa corrupti.
samador@example.net,El ladrón de sueños,1,2024-02-07,Ea maiores maiores atque.
samador@example.net,La pesadilla,1,2025-10-13,Necessitatibus fugit architecto unde quaerat ratione perferendis quas.
lindacarrillo@example.org,Tiempo prestado,3,2024-08-26,Neque commodi libero impedit.
lindacarrillo@example.org,El ultimo comando,4,2025-09-30,Non possimus ullam accusamus non quidem.
lindacarrillo@example.org,El ultimo acto,2,2025-09-22,Ea aliquid tempore id possimus id non.
lindacarrillo@example.org,El espejo roto,4,2023-12-30,Ea voluptate neque enim molestias accusamus ab iure.
lindacarrillo@example.org,El testigo silencioso,4,2023-12-08,Animi itaque assumenda culpa error.
lindacarrillo@example.org,La noche de los lobos,3,2023-05-03,Totam laborum neque dolores minima ducimus libero.
lindacarrillo@example.org,El error fatal,4,2025-10-12,A doloribus iusto sequi eligendi.
lindacarrillo@example.org,Territorio enemigo,2,2024-08-01,Fugit quasi accusantium velit quia reiciendis.
lindacarrillo@example.org,Sin piedad ni gloria,5,2025-02-23,Dolores reiciendis enim tempore iusto ad.
lindacarrillo@example.org,Derrumbe,4,2025-06-08,Omnis sunt nesciunt fugit.
lindacarrillo@example.org,Colision,1,2024-08-06,Architecto a minima a architecto vero minus.
lindacarrillo@example.org,Luz y oscuridad,4,2023-12-13,Odit eos veritatis distinctio minima.
barriosberta@example.net,La profecia,1,2025-01-13,Officiis placeat consequuntur molestiae molestiae.
barriosberta@example.net,La alianza,1,2025-03-27,Eveniet officiis praesentium sit eum nihil earum.
barriosberta@example.net,Voces en la oscuridad,5,2024-03-05,Necessitatibus beatae excepturi assumenda delectus molestiae.
barriosberta@example.net,La zona roja,4,2025-07-29,Iure pariatur occaecati accusantium.
barriosberta@example.net,El testigo silencioso,4,2024-03-07,Ducimus eligendi voluptatum possimus aspernatur dolorem recusandae.
barriosberta@example.net,La frontera,4,2025-07-19,Sunt modi exercitationem explicabo expedita voluptates iusto.
barriosberta@example.net,Abismo,4,2024-04-21,Fugit adipisci placeat magni aut dolorum delectus.
barriosberta@example.net,Insurreccion,4,2024-03-26,Debitis sequi quis.
barriosberta@example.net,La gran aventura,4,2023-04-22,In fugiat omnis vel porro officiis numquam nostrum.
barriosberta@example.net,La ultima batalla,2,2025-04-27,Animi et quisquam id quia eligendi.
barriosberta@example.net,El infiltrado,4,2025-05-27,Provident fugiat autem.
barriosberta@example.net,Entre dos mundos,5,2025-04-05,Perspiciatis esse corrupti harum minus earum minima.
barriosberta@example.net,Sombra y luz,3,2026-04-14,Labore quas incidunt laboriosam natus corporis corporis.
barriosberta@example.net,La voz del silencio,1,2025-12-27,Quas quasi ducimus ducimus nesciunt voluptas itaque.
barriosberta@example.net,El mensajero,1,2024-02-14,Laborum error aliquam dolorum consequuntur alias.
vanesaheredia@example.org,Zona prohibida,1,2024-11-29,Neque perspiciatis fugiat consequuntur excepturi.
vanesaheredia@example.org,Origen,1,2025-11-26,Maiores ab deleniti temporibus voluptatum dolor.
vanesaheredia@example.org,El ultimo viaje,1,2024-05-09,Odit facere doloremque eum velit commodi.
vanesaheredia@example.org,El tiempo se acaba,3,2023-11-23,Officiis voluptatum laboriosam cumque.
vanesaheredia@example.org,Caos total,2,2023-07-18,Cum facere dolorem ut aliquid provident.
vanesaheredia@example.org,La señal,4,2024-05-06,Corrupti nihil doloremque sed veniam quia.
vanesaheredia@example.org,La trampa,5,2025-01-01,Nam laborum exercitationem culpa quo.
leticiaespino@example.net,El silencio roto,5,2024-04-30,Qui voluptate et ad eius sit.
leticiaespino@example.net,La bestia,2,2025-12-17,Quasi necessitatibus ad odio eligendi veritatis quidem.
leticiaespino@example.net,La promesa rota,2,2025-12-17,Tempora maiores a consequuntur minima natus error.
leticiaespino@example.net,El ultimo dia,1,2023-12-08,Autem veritatis quis.
leticiaespino@example.net,El ultimo acto,2,2024-08-20,Veritatis vel laboriosam.
leticiaespino@example.net,Colision,4,2023-07-04,Cum occaecati vitae quam saepe.
leticiaespino@example.net,La tormenta perfecta,2,2023-11-03,Ex ex quidem consectetur.
leticiaespino@example.net,La fuerza interior,3,2025-06-19,Ducimus enim sapiente numquam eligendi molestiae.
leticiaespino@example.net,Sin retorno,1,2026-03-11,Voluptates sapiente repellat perferendis aliquam quae quisquam.
leticiaespino@example.net,La gran aventura,5,2024-03-27,Provident totam necessitatibus earum sapiente neque nisi.
leticiaespino@example.net,El codigo olvidado,1,2024-05-01,Earum praesentium exercitationem non ipsum.
leticiaespino@example.net,El ultimo grito,1,2023-09-18,Reprehenderit dignissimos vero a.
cuellarana-luisa@example.net,El tiempo se acaba,1,2025-09-02,Nulla sequi odit exercitationem aliquam.
cuellarana-luisa@example.net,La mente oscura,3,2023-05-09,Nostrum cumque impedit error facere impedit officiis.
cuellarana-luisa@example.net,El oraculo,4,2024-11-03,Id incidunt magnam doloremque aspernatur error inventore.
cuellarana-luisa@example.net,El umbral,2,2024-11-08,Hic dolores quo iste et omnis.
cuellarana-luisa@example.net,Fragmentos,5,2024-07-11,Quos asperiores hic reprehenderit suscipit quisquam.
cuellarana-luisa@example.net,Golpe mortal,2,2023-12-19,Ea eaque neque quae voluptates ut.
cuellarana-luisa@example.net,Impacto final,4,2023-10-03,Voluptates officia quidem.
cuellarana-luisa@example.net,Sin cuartel,4,2026-02-02,Deserunt maxime consectetur vel.
cuellarana-luisa@example.net,La espiral,2,2025-02-19,Laudantium quisquam mollitia tempore eum officiis.
elena87@example.org,La rueda del destino,2,2025-09-23,Ipsam omnis voluptas alias necessitatibus aut distinctio.
elena87@example.org,La venganza,5,2024-03-27,In iure ullam harum.
elena87@example.org,La trampa final,2,2024-03-16,Eveniet exercitationem soluta laboriosam quod quia esse.
elena87@example.org,El precio del poder,5,2023-05-26,Quae eligendi mollitia minima culpa.
julio71@example.org,La espiral,5,2023-06-17,Quidem praesentium voluptate consectetur officia.
julio71@example.org,La zona roja,4,2023-04-26,Voluptatem voluptatum distinctio voluptatem quibusdam in.
julio71@example.org,La tela de araña,2,2024-07-13,Numquam qui quaerat corporis ad fuga.
julio71@example.org,La batalla final,4,2024-09-08,Animi fugit quas animi maiores vel.
julio71@example.org,El infiltrado,2,2026-02-22,Consequatur blanditiis odit fugit natus dolore.
julio71@example.org,El ladrón de sueños,3,2025-10-13,Doloremque modi repellat neque pariatur esse possimus sit.
julio71@example.org,El infierno verde,2,2024-08-08,Totam libero animi eveniet dicta.
julio71@example.org,La fuerza del destino,2,2024-01-09,Voluptatem porro quaerat eos illo.
julio71@example.org,Punto critico,4,2025-12-01,Enim temporibus cumque ipsum dolorum quibusdam nisi.
julio71@example.org,El codigo olvidado,3,2023-06-01,Quisquam sunt amet.
julio71@example.org,Mas fuerte que el destino,1,2024-06-20,Blanditiis enim doloribus reiciendis eaque.
julio71@example.org,La venganza,2,2025-08-16,Praesentium tempore consectetur eum beatae repudiandae at dolore.
julio71@example.org,Tiempo prestado,2,2026-03-23,Libero quae alias voluptates molestias veritatis.
julio71@example.org,La trampa mortal,2,2025-10-30,Dolorum ad quae quod nostrum voluptates error dolorum.
omaralfaro@example.com,Fuera de control,1,2024-09-11,Tempore illo beatae rem explicabo officiis officia corporis.
omaralfaro@example.com,El ultimo susurro,3,2024-03-30,Fuga dicta possimus cupiditate quisquam dolores.
omaralfaro@example.com,Sombras del pasado,2,2023-06-04,Voluptatibus eum fuga distinctio optio laudantium praesentium iure.
omaralfaro@example.com,Sombra y luz,2,2024-08-14,Modi itaque consectetur sint.
fidellopez@example.org,La maquina del tiempo,4,2024-09-03,Quos quisquam minima veritatis.
fidellopez@example.org,La noche sin fin,2,2026-03-09,Assumenda quaerat iure porro ex.
fidellopez@example.org,La pesadilla,1,2025-04-15,Alias porro pariatur quae eaque in dolorem.
fidellopez@example.org,La alianza,3,2023-07-09,Voluptate at maxime sequi.
fidellopez@example.org,El tiempo se acaba,1,2024-12-05,Illo alias consectetur eum officiis quis magni.
delia49@example.net,El monstruo interior,1,2023-07-30,Earum odio optio ipsum beatae eaque.
delia49@example.net,El cruce,4,2026-02-01,Quam alias quidem placeat quasi quos repudiandae.
delia49@example.net,Sin salida aparente,3,2023-04-26,Sint dolor exercitationem totam labore eum quae.
delia49@example.net,La ultima oportunidad,2,2023-08-13,Ea repellat ullam libero dicta accusamus modi.
delia49@example.net,El ultimo dia,1,2025-09-18,Molestias quae nemo cumque consectetur cumque.
delia49@example.net,El oraculo,5,2024-09-16,Nesciunt nisi fuga dignissimos unde.
delia49@example.net,La noche de los lobos,3,2023-10-22,Voluptatibus officiis vero architecto.
delia49@example.net,La promesa rota,4,2023-09-27,Eos impedit hic soluta officia eum voluptatibus.
delia49@example.net,El poder oculto,3,2024-04-14,Atque quis eaque est blanditiis.
delia49@example.net,Tiempo prestado,4,2026-03-21,Culpa repellat autem nobis.
delia49@example.net,El ultimo susurro,2,2024-08-17,Ipsa fuga quod mollitia error sunt harum.
delia49@example.net,La ultima frontera,5,2023-08-03,Dignissimos laudantium quas facere.
delia49@example.net,La señal,1,2024-12-30,Atque maxime ipsum a laboriosam quisquam.
delia49@example.net,El regreso del mal,5,2025-04-29,Suscipit consequuntur necessitatibus nihil maxime laborum perspiciatis.
delia49@example.net,El guardian eterno,4,2024-01-06,Ea repellat aliquam repellendus.
dianaestrada@example.org,El ultimo testigo,2,2026-01-18,Tenetur reprehenderit doloremque eum.
dianaestrada@example.org,El mundo al reves,4,2025-10-18,Totam saepe vero odio.
dianaestrada@example.org,La gran aventura,4,2025-09-17,Impedit asperiores illum harum quis exercitationem ab.
dianaestrada@example.org,Impacto,4,2023-11-12,Eligendi tempore aut saepe ea.
dianaestrada@example.org,El mensajero,5,2024-11-04,Illo alias ad nemo.
dianaestrada@example.org,La verdad prohibida,1,2025-03-12,Ut iusto deserunt.
dianaestrada@example.org,Derrumbe,5,2025-01-23,Illum temporibus id aliquid in.
dianaestrada@example.org,La amenaza silenciosa,3,2024-10-03,Quo nisi in excepturi omnis.
dianaestrada@example.org,Insurreccion,5,2024-09-09,Reprehenderit quae dignissimos quisquam quos.
dianaestrada@example.org,Oscuridad total,4,2024-08-27,Voluptatem libero omnis molestias libero sint praesentium.
riverocecilia@example.org,La trampa final,3,2025-04-27,Dignissimos eaque illum alias suscipit vel qui.
riverocecilia@example.org,El guerrero,4,2026-03-25,Eligendi aspernatur ea sequi doloribus ad quam excepturi.
riverocecilia@example.org,El enviado,4,2026-01-17,Quis ex ex a voluptatibus eligendi.
riverocecilia@example.org,La redencion,1,2023-05-11,Sint quasi laborum cumque tempore fuga.
riverocecilia@example.org,La voz del silencio,3,2024-07-18,Animi dicta minima exercitationem.
riverocecilia@example.org,El cazador solitario,2,2024-09-27,Temporibus nulla ab dolorem dolor optio debitis.
riverocecilia@example.org,La señal perdida,4,2025-05-11,Numquam similique optio.
riverocecilia@example.org,Luz y oscuridad,1,2026-03-03,Dolorem dolorum esse eligendi dolores amet autem.
riverocecilia@example.org,La noche de los lobos,5,2024-08-11,Nobis qui dignissimos laboriosam quasi cum.
raquelsisneros@example.net,El ultimo recurso,1,2023-09-19,Vero perferendis non incidunt est voluptatibus nesciunt.
raquelsisneros@example.net,La mente oscura,3,2023-12-05,Cum nostrum odit quasi molestiae.
raquelsisneros@example.net,La guerra fria,5,2024-06-28,A quam pariatur.
raquelsisneros@example.net,La sombra del pasado,1,2026-01-21,Dolorem eius qui enim.
raquelsisneros@example.net,El riesgo calculado,2,2025-04-18,Eos hic debitis officiis.
raquelsisneros@example.net,La fuga,1,2025-10-18,Ab aut porro voluptas autem quibusdam cumque.
raquelsisneros@example.net,Fragmentos,5,2023-05-23,Saepe delectus distinctio.
raquelsisneros@example.net,La bestia,1,2024-02-21,Eveniet deleniti itaque at numquam tempore alias.
raquelsisneros@example.net,El precio de la verdad,4,2026-01-18,Quam et distinctio hic tenetur blanditiis atque.
raquelsisneros@example.net,La tormenta perfecta,5,2024-09-30,Fuga voluptates recusandae amet.
raquelsisneros@example.net,La maldicion,3,2026-01-21,Quisquam a autem eligendi doloremque.
raquelsisneros@example.net,Bajo cero,3,2026-04-08,Accusantium corrupti autem et at.
sofiadelgadillo@example.net,Mas alla del bien,4,2024-06-09,Similique neque error dolorum laudantium.
sofiadelgadillo@example.net,Evasion total,5,2023-06-28,Cum enim minima numquam magnam minima.
sofiadelgadillo@example.net,La noche infinita,2,2025-03-10,Ea ullam dolores praesentium cumque.
sofiadelgadillo@example.net,El legado,1,2024-10-22,Debitis dicta explicabo natus rem iure.
sofiadelgadillo@example.net,Sin identidad,3,2023-06-07,Corporis eveniet reprehenderit sapiente aliquid iusto tempora asperiores.
sofiadelgadillo@example.net,La oscuridad eterna,4,2023-10-30,Quis laboriosam reprehenderit optio excepturi tempora.
araceli19@example.com,Zona de guerra,1,2024-12-03,Animi dolore temporibus aperiam doloremque.
araceli19@example.com,La caja de pandora,1,2023-07-25,Repellat ducimus doloremque dolore voluptate.
araceli19@example.com,La señal perdida,4,2023-11-11,Quisquam exercitationem repellat mollitia cumque nobis consectetur.
araceli19@example.com,Luz y oscuridad,1,2024-09-03,Sed atque quaerat quidem.
araceli19@example.com,El testigo silencioso,4,2023-11-20,Praesentium a libero tempore esse tenetur.
araceli19@example.com,Sin piedad ni gloria,2,2023-05-02,Delectus magni cumque porro occaecati.
araceli19@example.com,El cruce,2,2025-09-21,Accusantium molestiae ratione deleniti soluta dignissimos aliquid.
araceli19@example.com,La fuerza del mal,1,2025-12-13,Modi veniam laboriosam magnam voluptatem.
araceli19@example.com,Origen,4,2025-07-19,Similique exercitationem natus eius soluta mollitia consequatur.
araceli19@example.com,Sin salida aparente,1,2024-11-28,Sed pariatur quaerat a.
araceli19@example.com,La red de mentiras,2,2025-08-23,Modi totam quisquam voluptas corporis consequuntur.
araceli19@example.com,El maestro del engano,1,2023-05-31,Veniam nobis dignissimos quibusdam doloribus.
araceli19@example.com,Tierra de nadie,5,2023-11-09,Mollitia sint harum commodi.
urocha@example.net,Doble identidad,1,2025-09-19,Eaque rem asperiores ducimus quisquam illo.
urocha@example.net,Sin cuartel,2,2025-05-10,Aut voluptas omnis sapiente.
urocha@example.net,La amenaza,3,2024-11-14,Eos cupiditate deserunt esse minima itaque unde.
urocha@example.net,Conexion fatal,3,2025-09-02,Veniam ipsam amet dignissimos eveniet excepturi.
urocha@example.net,Tierra de nadie,3,2025-05-06,Quidem numquam fuga.
urocha@example.net,Tormenta interior,4,2026-01-22,Perferendis aliquam distinctio nulla.
rolandoraya@example.net,Caos total,1,2024-01-11,Eos aut deleniti consectetur molestiae.
rolandoraya@example.net,Bajo cero,1,2025-01-25,Impedit aperiam veniam et.
rolandoraya@example.net,La profecia,4,2025-12-12,Corrupti sint explicabo ipsam corrupti.
rolandoraya@example.net,La fuerza del destino,3,2025-10-03,Sequi qui doloremque consequuntur eos.
rolandoraya@example.net,Conexion fatal,5,2023-08-17,Deleniti earum reprehenderit aliquam odio aut dolor.
rolandoraya@example.net,Sin fronteras,3,2026-02-16,Molestias beatae blanditiis iure consequuntur.
rolandoraya@example.net,El espiritu guerrero,3,2024-09-23,Provident nemo qui est eius suscipit labore.
rolandoraya@example.net,El guerrero,3,2023-06-22,Quae neque perspiciatis maxime placeat repellat magnam.
wmora@example.net,El oraculo,3,2026-01-12,Labore reiciendis maiores alias qui quod.
wmora@example.net,La caja de pandora,5,2025-08-28,Odit corrupti occaecati quibusdam expedita dignissimos incidunt.
wmora@example.net,La clave perdida,1,2024-01-26,Ad doloribus quisquam asperiores tempora expedita maxime quia.
wmora@example.net,La sombra del pasado,2,2023-12-25,Dicta accusamus dicta ab optio.
wmora@example.net,El precio del poder,2,2023-07-03,Eaque quidem consequatur culpa odit facilis saepe temporibus.
wmora@example.net,El despertador,3,2024-04-19,Cumque quis unde nisi iure similique perferendis.
wmora@example.net,Implosion,5,2026-02-11,Labore in cupiditate labore recusandae iste.
wmora@example.net,La batalla final,4,2024-02-25,Quod ipsum minima architecto earum nulla quae necessitatibus.
wmora@example.net,El silencio roto,4,2024-05-02,Vel enim minus tempore nostrum cupiditate sequi.
wmora@example.net,Sin identidad conocida,3,2024-05-19,Hic doloremque fugit.
iherrera@example.com,Explosion,3,2025-04-23,Provident voluptatum nihil magni nisi qui exercitationem ab.
iherrera@example.com,La sombra del futuro,5,2025-09-14,Quaerat natus cumque sunt nobis inventore ipsa.
iherrera@example.com,El abismo oscuro,2,2025-06-15,Atque laboriosam molestiae quisquam quam.
iherrera@example.com,El guerrero,1,2025-01-09,Porro asperiores eaque sed aliquid.
iherrera@example.com,El regreso del mal,4,2025-05-02,Illo nisi rem sed.
iherrera@example.com,Tormenta interior,2,2026-03-28,Quidem aperiam magni.
ulibarrijose-carlos@example.com,Voces en la oscuridad,3,2025-03-25,Veritatis a molestiae quae quasi possimus.
ulibarrijose-carlos@example.com,Fragmentos,5,2024-12-19,Quaerat quisquam delectus neque sapiente tenetur.
ulibarrijose-carlos@example.com,El eco del pasado,4,2024-03-17,Earum minima amet excepturi.
ulibarrijose-carlos@example.com,Golpe mortal,5,2026-02-13,Velit enim saepe dignissimos aspernatur saepe rem.
ulibarrijose-carlos@example.com,Oscuridad total,3,2023-12-03,Iste alias fugiat sequi.
de-andaandrea@example.net,La redencion,2,2024-08-12,Ea quidem nostrum dolorum molestias esse odio.
de-andaandrea@example.net,La voz del silencio,2,2024-10-03,Voluptas ipsam quae ut.
de-andaandrea@example.net,La guerra fria,2,2023-09-12,Repudiandae quis asperiores quidem occaecati earum iste quisquam.
de-andaandrea@example.net,El ultimo comando,5,2024-01-09,Ab enim asperiores accusantium atque.
de-andaandrea@example.net,El oraculo,4,2023-06-12,Porro iure aliquid quaerat quasi nisi.
de-andaandrea@example.net,El maestro del engano,3,2024-01-31,Aliquid quae itaque reprehenderit consequuntur rerum suscipit facilis.
de-andaandrea@example.net,La tormenta perfecta,1,2024-10-15,Suscipit accusamus saepe officia.
de-andaandrea@example.net,La verdad oculta,3,2024-08-01,Illum alias repellat suscipit.
de-andaandrea@example.net,Colapso,2,2025-08-21,Impedit laborum maxime.
de-andaandrea@example.net,Tierra de nadie,1,2023-12-09,Cumque quidem temporibus modi.
elenade-anda@example.org,La conspiración,1,2024-06-17,Vitae cumque ab nemo corporis.
elenade-anda@example.org,La fuerza interior,1,2024-05-25,Debitis illum at est ut necessitatibus corporis vero.
elenade-anda@example.org,La sombra del futuro,2,2025-04-05,Facilis dolores earum iusto quibusdam beatae est.
elenade-anda@example.org,La fuga,3,2023-07-13,Natus est expedita.
elenade-anda@example.org,El enviado,3,2024-04-26,Neque nisi laborum omnis.
elenade-anda@example.org,El despertador,3,2026-03-06,Hic consequatur quae voluptatibus et.
elenade-anda@example.org,Origen,1,2024-04-04,Fuga sequi dolore vero impedit earum.
araceliespinoza@example.com,La persecucion,3,2025-11-18,Error culpa dignissimos nostrum laboriosam.
araceliespinoza@example.com,La herida abierta,1,2024-07-12,Omnis cupiditate aliquam qui maxime ipsam optio voluptas.
araceliespinoza@example.com,El despertar,4,2024-07-19,Dicta voluptas veniam sapiente.
araceliespinoza@example.com,Colision,1,2025-09-20,Soluta aspernatur minima.
araceliespinoza@example.com,La guerra de sombras,3,2024-05-18,Non maiores natus saepe numquam quasi.
araceliespinoza@example.com,La venganza perfecta,5,2024-12-23,Quod minima sequi optio doloremque eos mollitia.
araceliespinoza@example.com,La fuga,5,2023-06-27,Ratione sequi qui dicta sunt.
araceliespinoza@example.com,Sin piedad ni gloria,2,2024-01-27,Minus nemo quo quo sit amet.
natalia00@example.net,El codigo negro,3,2025-03-27,Ad accusantium aperiam sit magni.
natalia00@example.net,El ultimo comando,5,2024-03-05,Hic tenetur cumque culpa itaque iusto.
natalia00@example.net,Sin salida aparente,3,2023-08-18,Dignissimos nam eveniet a soluta dicta autem ex.
natalia00@example.net,La rueda del destino,3,2023-12-14,Libero consequatur eligendi dignissimos.
natalia00@example.net,La verdad oculta,5,2025-06-21,Perspiciatis suscipit a culpa voluptate quidem.
natalia00@example.net,Sin tregua,4,2026-04-18,Officiis accusantium in veniam aliquam perspiciatis.
natalia00@example.net,La guerra fria,2,2025-02-09,Corrupti tempore consequatur iusto animi.
natalia00@example.net,La red de mentiras,3,2025-05-14,Labore sint minus officia id quas nemo.
natalia00@example.net,La caida,3,2024-11-14,Sint unde nesciunt sequi in.
natalia00@example.net,Territorio enemigo,3,2024-09-01,Amet iusto sed perspiciatis fugiat expedita.
natalia00@example.net,El ultimo dia,5,2025-03-25,Maxime vero autem doloribus suscipit.
natalia00@example.net,La amenaza silenciosa,1,2024-05-04,Impedit veritatis eaque ratione perspiciatis iste.
natalia00@example.net,El espiritu guerrero,3,2025-07-08,Impedit error vel doloribus optio.
natalia00@example.net,El ultimo grito,2,2024-02-15,Unde odio dolorem veniam aliquid dolores.
sara45@example.net,El ultimo comando,4,2023-07-17,Corporis illo provident cumque fuga.
sara45@example.net,El precio del poder,3,2023-08-07,Dolores deleniti libero veniam modi excepturi corrupti voluptatum.
sara45@example.net,La gran aventura,5,2023-10-22,Pariatur neque dolore nisi iure.
sara45@example.net,Furia imparable,1,2024-04-07,Facere quo explicabo beatae natus.
sara45@example.net,El ultimo paso,4,2026-02-08,Assumenda doloremque exercitationem beatae sequi.
sara45@example.net,Fuga imposible,3,2024-05-23,Cupiditate vel eius at.
sara45@example.net,En el limite,2,2024-12-30,Autem dicta eaque tempora sint blanditiis.
angela28@example.com,El guardian eterno,5,2024-12-13,Officiis odit in nam.
angela28@example.com,El punto final,3,2024-12-20,Error iure atque debitis dolores nemo.
angela28@example.com,El destino marcado,4,2023-10-14,Quam rerum ratione.
angela28@example.com,El peso del silencio,5,2025-06-07,Necessitatibus quae praesentium fugiat ducimus sit.
angela28@example.com,El ultimo heroe,4,2025-06-18,Occaecati corporis saepe necessitatibus eligendi vel.
angela28@example.com,El vacio,4,2025-12-17,Provident voluptatibus esse.
angela28@example.com,El cazador,5,2024-03-15,Odio tempora eos quae.
angela28@example.com,La zona gris,5,2025-05-15,Molestias quidem fugiat occaecati voluptas fuga numquam.
angela28@example.com,Zona de peligro,4,2023-10-16,Laboriosam eveniet molestiae veniam.
angela28@example.com,Instinto,3,2025-08-01,Quo ducimus libero architecto accusantium.
angela28@example.com,Impacto,3,2024-12-05,Neque provident iste ipsa maiores velit.
angela28@example.com,Sueños rotos,5,2025-11-06,Enim sunt delectus nisi eum.
uriasalfonso@example.org,Cero absoluto,3,2024-09-30,In officia magnam voluptate laboriosam doloremque totam quod.
uriasalfonso@example.org,El umbral,3,2025-03-09,Illum facilis inventore explicabo quae cumque a.
uriasalfonso@example.org,Sin identidad conocida,2,2025-04-17,Nostrum dolores excepturi blanditiis et commodi facilis.
uriasalfonso@example.org,El ultimo grito,3,2024-11-10,Nam odit corrupti omnis.
uriasalfonso@example.org,Sin identidad,2,2025-02-07,Minus iste suscipit quos placeat molestias nemo exercitationem.
uriasalfonso@example.org,El mensajero,1,2024-03-10,Maxime illum at sapiente corporis vel provident.
uriasalfonso@example.org,El cazador solitario,1,2024-02-18,Rem dolorem libero placeat facilis alias sit itaque.
davidbanuelos@example.org,Insurreccion,1,2025-08-17,Facere quibusdam odio molestias illo unde est.
davidbanuelos@example.org,Golpe mortal,4,2023-08-30,Nemo explicabo doloremque deserunt dignissimos repellendus perferendis.
davidbanuelos@example.org,La verdad oculta,1,2026-03-05,Voluptatibus dolore architecto neque porro iusto.
davidbanuelos@example.org,Mas alla del bien,4,2025-03-23,Itaque natus eos voluptatum nam nostrum omnis.
davidbanuelos@example.org,La fuerza interior,4,2023-07-28,Omnis fuga sapiente nisi.
davidbanuelos@example.org,El prisionero,4,2023-09-02,Nisi voluptatibus velit placeat officia omnis.
davidbanuelos@example.org,El cruce,1,2024-06-14,Ullam molestias repellendus repellendus eligendi quae reprehenderit.
davidbanuelos@example.org,La herida abierta,1,2026-01-30,Soluta maiores placeat tempore vel.
davidbanuelos@example.org,El guardian eterno,1,2024-09-25,Et dicta harum optio.
davidbanuelos@example.org,Colision,3,2024-04-19,Molestiae illo laudantium eaque aut maiores.
davidbanuelos@example.org,Codigo rojo,2,2025-01-21,Quam expedita occaecati quidem voluptates quam.
evazquez@example.net,Impacto final,5,2023-04-21,Autem nesciunt ducimus vero culpa mollitia.
evazquez@example.net,Zona de guerra,5,2025-04-02,Non laborum iure fugiat laudantium ducimus optio eaque.
evazquez@example.net,El codigo olvidado,1,2025-03-05,Nihil expedita dolorem libero sed quaerat quas.
evazquez@example.net,La marca del diablo,3,2024-05-23,Ut nihil nemo.
evazquez@example.net,El legado,2,2025-06-12,Asperiores numquam sapiente assumenda adipisci quas quidem rerum.
evazquez@example.net,La sombra del pasado,1,2026-01-03,Corporis odio corporis corrupti esse ad.
evazquez@example.net,Abismo,1,2025-10-06,Minus dolor dolore dolor beatae.
evazquez@example.net,La conexion,5,2024-06-04,Consequatur officiis incidunt amet vel.
evazquez@example.net,Colision,4,2023-08-01,Quam ullam dolore totam sapiente sit repudiandae.
evazquez@example.net,Torbellino,3,2025-01-22,Quam mollitia praesentium provident temporibus.
evazquez@example.net,La guerra fria,5,2026-04-14,Veritatis distinctio pariatur quos dolorem quae.
evazquez@example.net,Furia imparable,4,2023-06-10,Repellat explicabo velit possimus ipsam maxime ratione assumenda.
evazquez@example.net,El guardian,5,2025-03-09,Explicabo molestias dolor soluta mollitia molestiae eligendi illo.
evazquez@example.net,Detonacion,3,2025-04-09,Odit nihil nulla eaque error.
zamudiocristian@example.net,En el limite,1,2025-04-18,Dolor officiis consequuntur doloribus odio voluptates.
zamudiocristian@example.net,El ladrón de sueños,2,2023-07-21,Consequatur cumque eaque similique corrupti provident.
zamudiocristian@example.net,El observador,1,2024-09-23,Velit voluptatum beatae rerum blanditiis.
zamudiocristian@example.net,Renacimiento,5,2025-05-19,Tempora a repudiandae voluptatibus deleniti.
zamudiocristian@example.net,La redencion,3,2025-04-02,Delectus ab iure culpa aperiam doloremque.
zamudiocristian@example.net,Combustion,3,2025-05-10,Minus tenetur a itaque commodi.
zamudiocristian@example.net,La bestia,4,2023-09-26,Quae esse quibusdam quibusdam quisquam numquam vitae non.
zamudiocristian@example.net,Explosion,1,2025-02-17,Dicta dolor asperiores facere nihil blanditiis architecto.
zamudiocristian@example.net,El punto de quiebre,4,2023-05-22,Delectus impedit dicta iusto repellat amet consequuntur.
zamudiocristian@example.net,El umbral,1,2024-11-02,Tempore sequi libero consequatur non.
zamudiocristian@example.net,Sin salida aparente,3,2023-08-25,Aliquid saepe magnam cumque nemo modi.
zamudiocristian@example.net,La sombra del futuro,4,2025-07-30,Fuga sit pariatur laborum facilis corporis dolorem.
zamudiocristian@example.net,Bajo cero,1,2023-09-22,Similique hic laudantium non ducimus enim quasi labore.
zamudiocristian@example.net,La señal,4,2023-05-15,Soluta dolorum ad in blanditiis.
irizarryesther@example.com,El ultimo grito,5,2025-09-09,Eum numquam iusto iste.
irizarryesther@example.com,La venganza,2,2026-03-18,Exercitationem doloremque ipsa dolorem distinctio.
irizarryesther@example.com,Oscuridad total,4,2025-10-22,Repellendus esse eos.
irizarryesther@example.com,La marca del diablo,1,2023-07-05,Quidem fuga ducimus aperiam quae id.
palaciospatricia@example.net,Impacto final,3,2025-04-21,Et fugit odit vitae maiores.
palaciospatricia@example.net,El codigo negro,4,2023-08-09,Itaque quaerat nobis quidem eaque.
palaciospatricia@example.net,Sin piedad ni gloria,1,2023-05-13,Deleniti magni molestias corporis quibusdam placeat pariatur.
palaciospatricia@example.net,El ultimo comando,2,2024-10-14,Nam reprehenderit ipsa beatae voluptate debitis voluptatibus.
palaciospatricia@example.net,La señal perdida,5,2023-06-18,Exercitationem aspernatur illo perspiciatis sequi autem qui.
alonsoolivares@example.org,El doble juego,1,2024-12-16,Nesciunt reprehenderit pariatur maxime cum perspiciatis commodi.
alonsoolivares@example.org,La venganza,5,2026-03-23,Repellat ipsa enim.
alonsoolivares@example.org,La tormenta perfecta,5,2025-10-30,Sed excepturi vero dignissimos facere.
alonsoolivares@example.org,El cazador,2,2024-08-02,Sed corrupti fugit a dolorum explicabo.
alonsoolivares@example.org,La zona gris,1,2024-12-11,Eveniet ut omnis enim corrupti odio nemo repellendus.
alonsoolivares@example.org,La frontera,2,2025-02-02,Modi cum iure dolore corrupti.
alonsoolivares@example.org,El ultimo testigo,3,2025-09-21,Corporis totam numquam dolorum iure.
alonsoolivares@example.org,El despertar,4,2023-10-29,Exercitationem quia nemo voluptas.
leonelzaragoza@example.net,Codigo rojo,3,2025-04-24,Saepe excepturi iste possimus laboriosam.
leonelzaragoza@example.net,Luz y oscuridad,5,2024-07-11,Sint animi consequatur nihil eaque porro sunt nostrum.
leonelzaragoza@example.net,El oraculo,2,2023-12-24,Nostrum possimus facilis aspernatur quos.
leonelzaragoza@example.net,Mas fuerte que el destino,1,2023-08-11,Necessitatibus facilis amet.
leonelzaragoza@example.net,Derrumbe,2,2024-06-28,Quod optio aspernatur error incidunt alias soluta.
leonelzaragoza@example.net,El codigo negro,1,2023-07-01,Error est perspiciatis facere sapiente minus delectus.
leonelzaragoza@example.net,La marca del diablo,2,2023-05-24,Ex pariatur voluptatibus nesciunt autem libero.
leonelzaragoza@example.net,El testamento,3,2024-05-20,Explicabo nam doloremque quia rem repellat.
leonelzaragoza@example.net,La venganza perfecta,4,2023-04-29,Ullam animi ad quidem aut.
leonelzaragoza@example.net,La isla perdida,1,2023-12-02,Ex architecto saepe adipisci aut quos.
leonelzaragoza@example.net,La red,5,2023-09-04,Consequuntur rem aliquam voluptatem fuga.
leonelzaragoza@example.net,La fuerza del mal,3,2023-11-19,Reprehenderit omnis dolor illo facere fugit expedita.
leonelzaragoza@example.net,Colisión de mundos,3,2025-12-20,Repudiandae aut ducimus quibusdam quam deserunt optio et.
leonelzaragoza@example.net,La ultima oportunidad,4,2026-01-20,Nam accusantium expedita maiores earum.
mateocaridad@example.org,En el limite,5,2024-11-06,Exercitationem laudantium id itaque dolorum nam.
mateocaridad@example.org,Derrumbe,5,2023-10-11,Delectus quis commodi debitis similique.
mateocaridad@example.org,La mente oscura,4,2024-04-30,Ullam eveniet quaerat fugiat.
mateocaridad@example.org,Luz y oscuridad,5,2024-04-30,Quos aperiam sunt harum.
mateocaridad@example.org,El precio del poder,5,2024-08-12,Autem odio dolorum quas libero.
mateocaridad@example.org,El espejo roto,3,2024-01-20,Mollitia ab in molestias provident.
mateocaridad@example.org,El poder oculto,2,2026-03-30,Ut iure veritatis eius deserunt corrupti tempora.
mateocaridad@example.org,El prisionero,3,2026-02-24,Quasi ad natus ut ducimus.
mateocaridad@example.org,El testigo silencioso,2,2025-07-01,Perferendis molestias rem nisi nihil corporis ut.
mateocaridad@example.org,El ladrón de sueños,1,2023-06-16,Assumenda eos adipisci placeat.
furena@example.com,El vigilante,3,2026-04-18,Labore cumque magnam repudiandae.
furena@example.com,La trampa final,5,2026-01-15,Repellat quos quae fugit.
furena@example.com,La persecucion,1,2024-11-26,Ipsa quod similique incidunt.
furena@example.com,La fuerza del mal,3,2024-03-09,Corrupti possimus odio rem qui quas iste dolor.
furena@example.com,La oscuridad interior,4,2025-04-29,Neque saepe atque sapiente culpa tempora reiciendis.
matiaszacarias@example.net,La señal,1,2025-09-26,Laudantium magnam aperiam cumque quis aspernatur.
matiaszacarias@example.net,Sin rastro,1,2025-02-16,Placeat inventore assumenda ullam ratione.
matiaszacarias@example.net,El infierno verde,1,2023-06-08,Laboriosam ipsa alias repellendus quisquam quo aut.
matiaszacarias@example.net,Descenso,2,2025-01-19,Labore animi labore quas exercitationem.
matiaszacarias@example.net,El ultimo paso,5,2023-12-04,Quia architecto quo.
montoyajulio@example.com,El doble juego,1,2024-10-10,Et dolorem et ipsa accusantium quaerat nesciunt.
montoyajulio@example.com,La noche sin fin,5,2023-11-20,Impedit optio tempora nemo debitis maiores perferendis cumque.
montoyajulio@example.com,La fuga,5,2024-02-07,Ad animi dolorum.
montoyajulio@example.com,El umbral,4,2024-10-22,Numquam laborum distinctio ducimus explicabo consequuntur enim.
montoyajulio@example.com,Sin tregua,4,2025-04-30,Ullam dignissimos nostrum hic cupiditate mollitia.
montoyajulio@example.com,Voces en la oscuridad,2,2025-06-24,Nostrum nesciunt itaque nihil sapiente.
rociobotello@example.org,Implosion,2,2023-11-17,Ipsam perferendis omnis error cupiditate suscipit quo.
rociobotello@example.org,El doble juego,4,2026-02-11,Distinctio unde nam harum.
rociobotello@example.org,Colisión de mundos,3,2024-10-29,Et animi in molestias.
rociobotello@example.org,El camino perdido,1,2025-08-19,Facere eligendi quod iusto distinctio consectetur.
rociobotello@example.org,El maestro del engano,2,2024-09-14,Voluptatibus dicta maiores.
rociobotello@example.org,Conexion fatal,2,2025-07-25,Accusamus fugiat illo commodi.
rociobotello@example.org,La trampa,3,2025-04-03,Exercitationem aperiam aliquam ducimus aspernatur odit.
rociobotello@example.org,El silencio roto,2,2025-11-03,Consequatur reprehenderit sequi voluptatum.
rociobotello@example.org,La conspiración,3,2025-02-07,Asperiores deleniti adipisci dolore corrupti officiis.
xgalindo@example.net,La amenaza silenciosa,2,2024-07-04,Provident rem nam.
xgalindo@example.net,Sin piedad,3,2024-02-21,Impedit eveniet minus neque debitis numquam id.
xgalindo@example.net,El silencio roto,4,2025-10-03,Culpa magnam ad dolorem quibusdam.
jose54@example.org,El espejo oscuro,4,2026-03-26,Repellat consequatur debitis dolorum consectetur doloremque aspernatur.
jose54@example.org,La espiral,5,2024-02-10,Dolorem maxime unde doloribus facilis expedita ipsum blanditiis.
jose54@example.org,Sin rastro,1,2025-08-03,Sapiente quae consectetur rem.
jose54@example.org,El laberinto,3,2025-08-30,Adipisci quibusdam possimus beatae delectus quasi exercitationem natus.
jose54@example.org,El camino perdido,5,2023-06-30,Nulla repellendus maxime nihil voluptatibus.
jose54@example.org,La venganza perfecta,3,2024-11-29,Culpa occaecati ullam nostrum delectus sed dolorum laudantium.
porellana@example.org,El ultimo heroe,3,2025-07-11,Quos repellat aliquam iure veniam.
porellana@example.org,Tierra de nadie,1,2024-06-13,Repellat esse nobis veritatis.
porellana@example.org,Sin piedad ni gloria,3,2023-12-22,Et beatae est illum nam.
abelardoalcala@example.com,El prisionero,3,2024-07-14,Temporibus incidunt accusamus at accusamus sequi porro a.
abelardoalcala@example.com,La zona gris,3,2024-12-22,Autem ab facilis ab possimus delectus officiis.
abelardoalcala@example.com,El despertar,2,2026-02-20,Saepe consectetur porro impedit a fugiat iure.
abelardoalcala@example.com,El precio de la verdad,1,2024-12-24,Exercitationem officia modi quia.
abelardoalcala@example.com,Punto sin retorno,3,2023-12-17,Voluptas provident necessitatibus mollitia ab dignissimos consequuntur.
abelardoalcala@example.com,El ultimo comando,3,2025-10-15,Mollitia nisi nulla culpa.
abelardoalcala@example.com,Fuga imposible,1,2024-07-14,Aperiam officia praesentium magnam beatae quo voluptates.
gavalos@example.org,El eco del pasado,5,2024-08-04,Quasi nisi iste sapiente voluptate maiores.
gavalos@example.org,La batalla final,3,2026-02-11,Velit dolorem facilis ad corrupti.
gavalos@example.org,La noche sin fin,1,2025-07-07,Aliquam placeat earum non nemo.
gavalos@example.org,Desolacion,4,2025-11-04,Praesentium et maiores natus provident laborum veniam.
gavalos@example.org,Explosion,5,2024-03-19,Reiciendis aliquid pariatur molestiae ut impedit.
gavalos@example.org,La noche de los lobos,4,2025-10-12,Ab labore eveniet quas placeat.
gavalos@example.org,El espiritu guerrero,1,2026-01-01,Accusantium quisquam cumque hic.
gavalos@example.org,El infierno verde,3,2025-08-05,Animi nemo neque autem neque.
gavalos@example.org,La marca del diablo,5,2025-02-18,Ipsam quo illo a neque.
gavalos@example.org,La noche infinita,4,2026-03-24,Sapiente dolores animi illo.
tomasmarin@example.org,El codigo olvidado,3,2025-09-20,Temporibus in quia temporibus harum.
tomasmarin@example.org,La espiral,2,2024-12-23,Accusamus totam placeat odit dolorum.
tomasmarin@example.org,Zona de peligro,4,2023-12-15,Debitis alias deserunt eum fugiat nostrum eius.
tomasmarin@example.org,Codigo rojo,5,2025-10-01,Nisi distinctio alias debitis quidem enim.
tomasmarin@example.org,El poder oculto,1,2024-04-21,Quisquam sit esse dicta deserunt alias aliquam.
tomasmarin@example.org,El oraculo,2,2025-08-31,Perspiciatis voluptatum reiciendis incidunt.
tomasmarin@example.org,La profecia,5,2025-04-13,Culpa explicabo esse vel quas.
tomasmarin@example.org,La bestia,4,2024-03-22,Vero maxime deserunt nisi ullam tempora.
tomasmarin@example.org,El proyecto secreto,1,2024-11-05,Totam numquam maxime pariatur.
tomasmarin@example.org,La noche sin fin,3,2024-05-20,Ipsum eligendi est.
tomasmarin@example.org,El guardian,2,2025-09-28,Aut esse corrupti eaque vel.
tomasmarin@example.org,La guerra fria,5,2023-08-06,Necessitatibus voluptas est magni quae veniam nulla.
tomasmarin@example.org,Insurreccion,1,2025-05-16,Cupiditate maxime deleniti consequuntur delectus molestias vero.
tomasmarin@example.org,El regreso del mal,5,2025-01-04,Consectetur necessitatibus facere id fuga.
tomasmarin@example.org,El espejo oscuro,4,2025-12-09,Numquam atque saepe.
inesportillo@example.org,El legado,5,2025-11-23,Impedit incidunt tempore laborum illum.
inesportillo@example.org,El vacio,5,2026-03-26,Impedit sed perferendis quisquam tenetur reprehenderit.
inesportillo@example.org,Golpe mortal,3,2025-05-02,Sunt reiciendis iste aspernatur voluptate illum provident.
inesportillo@example.org,La ultima frontera,1,2025-04-22,Non quis voluptates accusantium molestiae sed tenetur.
inesportillo@example.org,Impacto,3,2025-11-22,Natus dicta expedita voluptates perspiciatis.
inesportillo@example.org,El ultimo testigo,5,2024-02-17,Similique odit rerum amet deserunt pariatur esse.
inesportillo@example.org,Sin limite,4,2025-12-14,Sed quam nisi inventore molestiae dolores.
inesportillo@example.org,Sin tregua,2,2025-01-06,Est quis officiis optio deserunt.
inesportillo@example.org,La guerra de sombras,4,2024-03-20,Qui nobis quos ipsum possimus quibusdam incidunt ut.
monicadel-valle@example.com,La fuerza del mal,3,2023-07-13,Consectetur at optio ex ducimus ad voluptatum suscipit.
monicadel-valle@example.com,La trampa final,3,2024-12-28,Molestias porro eligendi doloribus eos adipisci voluptatem omnis.
monicadel-valle@example.com,El poder oculto,1,2023-05-25,Odit soluta quae omnis fuga quos.
monicadel-valle@example.com,La pesadilla,3,2025-09-06,Aliquid iure similique nobis pariatur nisi eius.
monicadel-valle@example.com,La maquina del tiempo,2,2025-05-23,Necessitatibus modi a.
monicadel-valle@example.com,Colapso,3,2023-08-22,Sed eos aliquid.
monicadel-valle@example.com,La cadena rota,1,2025-02-26,Dolorum aperiam repudiandae quasi saepe voluptatibus consequuntur.
monicadel-valle@example.com,Derrumbe,4,2026-03-14,Vel laudantium tenetur incidunt ut quis neque.
monicadel-valle@example.com,Insurreccion,2,2024-12-26,Alias recusandae fugit doloribus vero ullam minus.
monicadel-valle@example.com,El legado,5,2025-08-09,Repudiandae sequi nostrum incidunt dolorem cumque.
monicadel-valle@example.com,La sombra del mal,3,2023-08-11,Debitis vitae magnam illum.
laura55@example.net,La voz del silencio,3,2023-05-21,Possimus eligendi fuga corporis ratione magni accusantium.
laura55@example.net,La verdad prohibida,4,2025-01-25,Impedit repellat sunt voluptatem odit omnis magni.
laura55@example.net,La señal perdida,2,2025-07-02,Perspiciatis voluptatem veniam animi.
laura55@example.net,La tormenta perfecta,4,2024-10-07,Explicabo consectetur eius minima.
laura55@example.net,Impacto,2,2025-12-31,Ducimus dolorem inventore dolorem laudantium.
laura55@example.net,El ultimo heroe,5,2026-02-17,Earum tempore sapiente.
laura55@example.net,La tela de araña,5,2024-06-28,Necessitatibus esse ab adipisci doloremque libero saepe tempore.
laura55@example.net,El abismo oscuro,2,2026-01-22,Magnam eveniet totam aliquid quia.
laura55@example.net,La herencia maldita,3,2026-01-06,Dignissimos perspiciatis beatae cupiditate sed.
laura55@example.net,La bestia,4,2025-11-26,Eveniet nemo recusandae numquam dignissimos placeat optio.
rodriquezmartha@example.com,Punto sin retorno,2,2024-11-16,Libero deserunt quaerat veniam.
rodriquezmartha@example.com,La herida abierta,4,2026-04-03,Dolores perferendis asperiores ipsa nemo pariatur quam in.
rodriquezmartha@example.com,El observador,3,2025-10-11,Corrupti laudantium eaque aliquam.
rodriquezmartha@example.com,Golpe mortal,5,2025-12-05,Fugit recusandae alias deserunt explicabo exercitationem.
rodriquezmartha@example.com,Fractura,3,2024-06-12,Temporibus ipsa perferendis modi ipsam.
rodriquezmartha@example.com,La señal perdida,3,2023-10-19,Doloremque dicta molestiae modi veritatis fugit tempore.
rodriquezmartha@example.com,Voces en la oscuridad,5,2024-01-31,Beatae aut accusamus.
rodriquezmartha@example.com,Luz y oscuridad,3,2025-02-01,Voluptatibus quo atque temporibus corporis odio.
rodriquezmartha@example.com,Colisión de mundos,3,2025-03-17,Distinctio ut soluta quae quam.
rodriquezmartha@example.com,El error fatal,1,2023-04-25,Architecto provident dolore a delectus cumque non.
rodriquezmartha@example.com,El cazador,1,2024-02-24,Velit quisquam veniam impedit quo.
zvalles@example.org,La voz del silencio,3,2025-03-18,Dolores veniam quas neque.
zvalles@example.org,El ladrón de sueños,2,2025-11-29,Vitae dicta est hic enim.
zvalles@example.org,Furia imparable,1,2024-05-29,Cupiditate eaque qui.
zvalles@example.org,Renacimiento,4,2024-07-15,Tempore nemo illum natus.
zvalles@example.org,El ultimo dia,5,2025-06-25,Vitae iste voluptas similique rem.
zvalles@example.org,Sangre fria,5,2024-11-24,Sit impedit repellendus ab officiis nam illum ratione.
zvalles@example.org,Tiempo prestado,4,2024-03-18,Ipsum placeat atque non quae illum nobis.
zvalles@example.org,Detonacion,2,2024-12-29,Quisquam nostrum in est.
zvalles@example.org,El ultimo paso,3,2026-03-27,Et eaque vel nam.
zvalles@example.org,La redencion,2,2025-07-15,Quam laborum dolor laborum.
zvalles@example.org,La venganza,1,2024-02-18,Vel voluptate quisquam saepe mollitia aliquid ratione.
zvalles@example.org,Tierra de nadie,4,2023-08-24,Quis possimus inventore fugiat dicta.
zvalles@example.org,Mas fuerte que el destino,3,2026-01-01,Modi exercitationem error harum perspiciatis quia distinctio.
zvalles@example.org,El regreso del mal,2,2024-04-08,Deserunt temporibus ducimus quia ratione delectus.
zvalles@example.org,El umbral,3,2024-09-17,Numquam possimus voluptatibus saepe voluptas molestiae culpa.
cynthiahidalgo@example.net,El eco del pasado,2,2024-11-25,A aperiam soluta.
cynthiahidalgo@example.net,El ultimo viaje,5,2024-08-19,Numquam qui laboriosam voluptatibus ea unde.
cynthiahidalgo@example.net,La trampa final,3,2023-10-11,Illum iste repellendus suscipit minima.
cynthiahidalgo@example.net,Entre dos mundos,4,2023-12-18,Perspiciatis dicta et iure ab.
cynthiahidalgo@example.net,Bajo cero,3,2025-09-26,Recusandae maxime sed aut tempore facilis consectetur.
marisela97@example.net,Tormenta de fuego,3,2026-02-24,Cupiditate ipsa est alias voluptas culpa.
marisela97@example.net,La red,2,2023-08-24,Illum distinctio earum velit debitis.
marisela97@example.net,El mundo al reves,1,2026-04-09,Blanditiis suscipit beatae recusandae deserunt.
marisela97@example.net,La oscuridad eterna,5,2025-05-15,Iusto sunt numquam ipsam dolorum molestiae est ullam.
carvajalarcelia@example.net,El observador,3,2025-03-13,Reiciendis explicabo explicabo atque fugiat minima.
carvajalarcelia@example.net,El doble juego,4,2023-09-24,Perferendis soluta modi at.
carvajalarcelia@example.net,Bajo cero,1,2023-07-23,Aspernatur reiciendis illum accusantium qui.
carvajalarcelia@example.net,Tormenta de fuego,5,2024-06-06,Accusamus quis maxime excepturi quis illum fugiat.
carvajalarcelia@example.net,El legado,1,2026-03-18,Cupiditate eveniet aliquid iusto dolore.
oterozoe@example.com,Sangre fria,4,2025-03-31,Ab porro illum molestias.
oterozoe@example.com,Punto critico,3,2024-10-12,Deleniti repellat consequuntur sit impedit sapiente voluptate.
oterozoe@example.com,Golpe mortal,1,2025-02-26,Nesciunt soluta ipsa nulla enim architecto quia vel.
oterozoe@example.com,La cadena rota,3,2024-09-28,Tempore dolor laudantium reprehenderit beatae.
oterozoe@example.com,En el limite,5,2025-02-08,Veniam occaecati consequuntur vel suscipit ipsam.
oterozoe@example.com,El tiempo se acaba,2,2023-11-29,Laborum eaque repudiandae ex.
oterozoe@example.com,Fuera de control,2,2024-10-28,Aspernatur at expedita deleniti quasi.
oterozoe@example.com,El precio de la verdad,3,2025-02-16,Pariatur a aperiam culpa occaecati beatae beatae.
oterozoe@example.com,La profecia,3,2024-08-05,Porro voluptas est dignissimos ipsa excepturi.
oterozoe@example.com,La redencion,1,2025-02-27,Repudiandae magnam error est cum.
oterozoe@example.com,El guardian eterno,4,2025-01-15,Voluptas odit est qui animi sequi dolores.
oterozoe@example.com,Sin retorno,2,2024-09-10,Quae adipisci quae maxime voluptatibus dolor.
oterozoe@example.com,La noche sin fin,1,2024-11-01,Est exercitationem numquam delectus sit dolores.
oterozoe@example.com,La ultima frontera,2,2025-06-23,Nobis veniam saepe esse quis minus reiciendis.
oterozoe@example.com,Luz y oscuridad,1,2025-06-08,Repellendus fuga molestiae soluta officia qui.
ana-luisa90@example.net,El destino marcado,2,2025-10-17,Neque aliquam tenetur laborum nobis dolores quo.
ana-luisa90@example.net,Insurreccion,4,2024-07-21,Atque ea a nisi.
ana-luisa90@example.net,Sin piedad ni gloria,1,2023-11-29,Architecto corrupti perferendis accusamus.
ana-luisa90@example.net,La fuerza interior,2,2023-05-02,Quis accusamus sapiente nulla cupiditate voluptatem minus.
ana-luisa90@example.net,Sin piedad,2,2025-01-26,Labore deleniti veritatis quidem consequuntur odio ex.
ana-luisa90@example.net,Doble identidad,2,2026-03-21,Iure iste mollitia dolor debitis.
ana-luisa90@example.net,El tercer ojo,2,2025-07-01,Itaque sequi suscipit perspiciatis odit pariatur harum.
ana-luisa90@example.net,El codigo negro,3,2025-10-25,Omnis assumenda quam nemo.
ana-luisa90@example.net,La sombra del mal,3,2025-02-01,Eos perferendis optio consectetur eos.
ana-luisa90@example.net,Sin salida aparente,2,2024-09-07,Sunt sit magnam sint dolorum quaerat.
ana-luisa90@example.net,La zona gris,2,2025-12-23,Perferendis illum nulla.
ana-luisa90@example.net,Abismo,2,2025-03-31,Nemo expedita velit.
ana-luisa90@example.net,El ultimo acto,5,2025-11-15,Dolore voluptas vitae quasi voluptatibus.
emilianovillalpando@example.net,El despertar,1,2025-07-06,Amet aliquam hic sit.
emilianovillalpando@example.net,Punto critico,1,2024-01-19,Repudiandae nesciunt repellat.
emilianovillalpando@example.net,Codigo rojo,1,2023-10-25,Nesciunt qui eveniet harum laboriosam.
emilianovillalpando@example.net,El cazador de almas,3,2026-01-13,Explicabo natus labore porro vel quasi debitis natus.
lorta@example.org,Zona de guerra,4,2024-12-22,Suscipit voluptatibus harum doloribus cupiditate expedita facilis.
lorta@example.org,La oscuridad interior,1,2024-12-22,Esse vitae nostrum error expedita ea eveniet incidunt.
lorta@example.org,El guardian,3,2023-08-09,Iusto unde repudiandae nesciunt dolore.
lorta@example.org,La caja de pandora,5,2024-04-17,Quam praesentium dicta libero.
lorta@example.org,Sin rastro,5,2023-07-07,Iure error consequatur doloremque voluptates dolore repellendus.
lorta@example.org,Torbellino,1,2025-04-30,Sapiente debitis earum.
lorta@example.org,El ultimo susurro,5,2025-09-15,Ut dolores doloremque perferendis dolor.
lorta@example.org,El ultimo dia,1,2023-11-29,Sunt rerum sapiente numquam architecto cupiditate sint explicabo.
lorta@example.org,Tiempo prestado,1,2023-11-25,Exercitationem quidem doloribus distinctio ratione possimus quidem.
marisol57@example.com,El guerrero,1,2023-09-15,Facilis mollitia velit.
marisol57@example.com,El observador,3,2024-08-30,Ducimus voluptatem possimus ullam nostrum expedita.
marisol57@example.com,El guardian,4,2024-07-15,In voluptatum modi deleniti ipsam.
marisol57@example.com,Punto ciego,3,2024-03-13,Laborum alias rem cum dolorem perferendis.
marisol57@example.com,Insurreccion,3,2023-08-18,Consequatur cum illo distinctio minima dolorum.
juliaquintana@example.org,El secreto del lago,1,2023-06-07,Accusantium dolor commodi.
juliaquintana@example.org,Punto sin retorno,3,2025-11-26,Nisi sint saepe quis.
juliaquintana@example.org,La redencion,3,2024-02-03,Dolores expedita blanditiis nostrum.
juliaquintana@example.org,La tela de araña,3,2023-10-09,Molestiae facilis deleniti modi natus modi.
juliaquintana@example.org,El ultimo dia,1,2024-12-08,Provident fuga itaque neque.
juliaquintana@example.org,Sin memoria,3,2025-03-03,Neque omnis quod nostrum a minus earum corrupti.
molinarolando@example.com,Derrumbe,4,2023-06-03,Dignissimos tempore et iusto mollitia totam.
molinarolando@example.com,La ultima oportunidad,3,2025-02-05,Occaecati delectus placeat sint numquam adipisci occaecati.
molinarolando@example.com,La venganza,5,2024-01-04,Occaecati repellendus corrupti similique.
molinarolando@example.com,Combustion,1,2025-07-01,Maxime placeat architecto vero ipsam aliquam excepturi.
molinarolando@example.com,El testamento,3,2023-04-28,Sequi nisi reiciendis ipsum.
molinarolando@example.com,Detonacion,5,2023-06-30,Quae saepe occaecati laboriosam occaecati.
molinarolando@example.com,La promesa rota,5,2023-12-15,Libero laborum reiciendis.
molinarolando@example.com,La gran aventura,2,2024-12-09,Nihil nulla veniam amet delectus.
molinarolando@example.com,Sin memoria,3,2023-09-19,Culpa odio officiis porro quos necessitatibus excepturi.
molinarolando@example.com,Caos total,3,2023-09-22,Dolore labore corrupti porro.
molinarolando@example.com,El codigo negro,4,2023-09-22,Iusto nobis occaecati autem.
molinarolando@example.com,Luz y oscuridad,2,2023-06-14,Veniam expedita eum assumenda.
rosariomontalvo@example.net,La guerra fria,3,2025-08-14,Aut similique sed maiores nobis sapiente ducimus aperiam.
rosariomontalvo@example.net,Voces en la oscuridad,2,2023-06-21,Et ea omnis quasi dolorem odit perferendis.
rosariomontalvo@example.net,La persecucion,1,2025-12-16,Debitis repellendus rerum deleniti quo vero aperiam.
rosariomontalvo@example.net,El secreto del lago,4,2024-06-25,Odio unde eligendi.
rosariomontalvo@example.net,El juego mortal,5,2024-05-01,Placeat repellendus odit dicta.
rosariomontalvo@example.net,Tierra de nadie,1,2024-02-24,Accusamus minima aspernatur doloremque voluptatibus.
rosariomontalvo@example.net,Sin fronteras,1,2023-06-08,Sed culpa expedita id.
rosariomontalvo@example.net,La fuerza interior,1,2025-04-06,Perspiciatis perferendis nihil maiores consequatur.
rosariomontalvo@example.net,Impacto final,1,2026-01-18,Ullam sapiente quae numquam distinctio veniam.
rosariomontalvo@example.net,Sin cuartel,5,2025-08-06,Reiciendis similique corrupti veniam illum aliquam.
rosariomontalvo@example.net,El maestro del engano,4,2023-12-14,Nihil in quasi minus omnis repudiandae adipisci.
rosariomontalvo@example.net,La clave perdida,1,2025-07-29,Deleniti eius voluptates ratione.
andreaalfaro@example.org,Furia imparable,1,2023-05-25,Quae eos autem voluptas aut ab quisquam.
andreaalfaro@example.org,La trampa mortal,1,2025-06-09,Doloremque non quis quisquam iure eius vel.
andreaalfaro@example.org,La maquina del tiempo,4,2026-02-21,Nesciunt velit quaerat ex fugiat.
andreaalfaro@example.org,El silencio roto,4,2023-09-02,Laborum necessitatibus deleniti explicabo.
andreaalfaro@example.org,El poder oculto,1,2024-01-07,Adipisci illum quibusdam modi quod nam animi.
andreaalfaro@example.org,El cruce,2,2025-09-27,Adipisci enim cumque doloremque dignissimos porro.
andreaalfaro@example.org,Sin fronteras,1,2026-01-16,Quas iusto error quasi aliquid inventore quos.
andreaalfaro@example.org,Renacimiento,4,2024-02-08,Et facilis accusamus explicabo.
andreaalfaro@example.org,Punto sin retorno,4,2023-12-15,Repellat modi explicabo vitae id.
andreaalfaro@example.org,El doble juego,2,2023-12-01,Tempore facilis itaque deserunt itaque.
andreaalfaro@example.org,La ultima oportunidad,3,2025-02-25,Possimus eveniet nostrum asperiores.
andreaalfaro@example.org,La guerra de sombras,5,2024-01-02,Explicabo iste amet.
andreaalfaro@example.org,Bajo cero,5,2023-12-29,Eveniet incidunt et ratione.
patricio56@example.com,La clave perdida,4,2023-10-09,Ipsa officiis magni quisquam.
patricio56@example.com,Fuga imposible,3,2024-03-13,Totam consequatur voluptatem voluptate modi a.
patricio56@example.com,Desolacion,3,2026-04-01,Neque corrupti facilis id sint.
patricio56@example.com,Zona de peligro,5,2023-08-09,Facere eveniet sequi amet error laborum repellat.
patricio56@example.com,La amenaza,4,2023-11-08,Necessitatibus unde recusandae.
patricio56@example.com,Tormenta de fuego,2,2024-07-10,Amet provident iure doloremque magnam inventore illum ipsa.
patricio56@example.com,La rueda del destino,2,2026-01-18,Laudantium qui ex soluta.
patricio56@example.com,El ultimo heroe,4,2025-10-28,Et nulla quaerat maxime.
patricio56@example.com,Sin tregua,4,2026-01-28,Totam deserunt quidem sequi illum tempore.
patricio56@example.com,La decision,2,2023-08-14,Similique amet et eos.
patricio56@example.com,Fractura,3,2024-10-30,Similique sed molestias aperiam rem aliquam veritatis.
patricio56@example.com,El infierno verde,4,2024-05-29,Consequuntur fuga impedit fugiat amet.
patricio56@example.com,Zona prohibida,1,2025-10-03,Aliquid modi totam consectetur tempora.
patricio56@example.com,El mensajero,3,2025-09-20,Quis expedita libero minima facere aut.
patricio56@example.com,La gran aventura,2,2023-07-27,Ducimus illum ipsa similique facilis libero.
saucedajorge-luis@example.org,El infierno verde,5,2024-11-21,Ipsam quaerat dolor.
saucedajorge-luis@example.org,Torbellino,1,2023-10-13,Cumque temporibus repellendus atque animi consequatur ipsa.
saucedajorge-luis@example.org,Zona de peligro,1,2025-10-07,Consequatur suscipit impedit non cum vitae.
saucedajorge-luis@example.org,El monstruo interior,2,2025-04-13,Molestiae voluptatibus aliquam quisquam asperiores inventore officiis facere.
saucedajorge-luis@example.org,Doble identidad,2,2025-09-06,Nemo mollitia tempora.
saucedajorge-luis@example.org,Renacimiento,3,2026-02-03,Ducimus quae mollitia error.
saucedajorge-luis@example.org,Sin salida aparente,5,2024-04-03,Numquam laborum nihil minima debitis sit.
saucedajorge-luis@example.org,La pesadilla,4,2023-06-09,Libero sed doloremque dicta veritatis at nobis.
saucedajorge-luis@example.org,El camino perdido,4,2026-01-14,Assumenda tempora praesentium a.
saucedajorge-luis@example.org,Derrumbe,1,2024-06-03,Quasi quisquam laudantium rem reprehenderit.
saucedajorge-luis@example.org,Bajo cero,3,2024-09-10,Rerum magni nihil tenetur.
saucedajorge-luis@example.org,El precio de la verdad,3,2023-09-11,Dolores ipsam iste tenetur necessitatibus.
saucedajorge-luis@example.org,Colapso,2,2023-06-26,Consequatur earum non fugiat.
saucedajorge-luis@example.org,Punto de no retorno,3,2024-03-31,Provident sequi explicabo magnam eveniet.
saucedajorge-luis@example.org,El testigo silencioso,1,2024-06-28,Harum maiores laudantium repellat.
maria-del-carmenulloa@example.net,La guerra de sombras,1,2023-09-20,Veniam labore numquam.
maria-del-carmenulloa@example.net,El peso del silencio,5,2024-10-14,Repellendus magni expedita odio veniam perspiciatis molestias.
maria-del-carmenulloa@example.net,La herida abierta,1,2025-01-10,Ex excepturi commodi tempore inventore corrupti aliquid.
maria-del-carmenulloa@example.net,El observador,2,2025-04-20,Impedit odio placeat recusandae quis iste.
maria-del-carmenulloa@example.net,La amenaza,5,2025-01-20,Excepturi laboriosam iusto ab sed cum.
maria-del-carmenulloa@example.net,El destino marcado,4,2026-04-16,Voluptatem fugit fugiat nisi iste natus maxime iusto.
maria-del-carmenulloa@example.net,La isla perdida,3,2024-02-24,Pariatur cumque praesentium suscipit.
maria-del-carmenulloa@example.net,La batalla final,4,2026-03-15,Dignissimos quibusdam explicabo aspernatur cumque.
maria-del-carmenulloa@example.net,Oscuridad total,2,2024-12-11,Molestiae fugiat dolore quia quidem nulla.
maria-del-carmenulloa@example.net,La guerra fria,3,2024-08-29,Distinctio ea est iusto.
maria-del-carmenulloa@example.net,La voz del silencio,4,2025-08-03,Veniam harum voluptatibus veritatis.
maria-del-carmenulloa@example.net,El oraculo,4,2025-07-27,Deleniti totam atque voluptas nemo eaque.
maria-del-carmenulloa@example.net,El prisionero,5,2024-06-28,Molestias minima perferendis asperiores.
sduran@example.com,La voz del silencio,1,2023-08-02,Molestias sequi quia magni sed incidunt laboriosam.
sduran@example.com,Fuga imposible,2,2023-05-21,Ut nulla officiis amet atque.
sduran@example.com,El cazador solitario,2,2024-03-28,Perferendis sed quaerat et perferendis architecto.
sduran@example.com,La maldicion,2,2024-07-19,Aliquid quaerat facere a accusantium.
sduran@example.com,El mensajero,4,2025-03-04,Itaque saepe quas exercitationem error.
sduran@example.com,El cazador,4,2024-08-23,Quos nulla ea veniam eius doloribus.
sduran@example.com,El ultimo grito,4,2024-12-06,Aperiam ipsam quas impedit.
sduran@example.com,El riesgo calculado,3,2024-05-12,Quasi ad occaecati earum.
sduran@example.com,La conexion,1,2025-11-17,Labore recusandae officia quam vitae voluptatem voluptates.
sduran@example.com,Sin piedad ni gloria,4,2025-11-02,Similique quos doloremque beatae.
sduran@example.com,Sin identidad,5,2026-03-28,Necessitatibus quibusdam aut saepe minima.
sduran@example.com,Sin escape,4,2025-02-01,Nemo quaerat nulla maiores aperiam commodi architecto.
mvela@example.org,La mente oscura,1,2025-07-01,Accusantium libero quod.
mvela@example.org,Sin identidad,3,2023-09-03,Architecto ullam dolorem dolorum magni.
mvela@example.org,El cazador,2,2025-07-07,Adipisci voluptate animi minima asperiores.
mvela@example.org,Sin nombre,2,2023-05-26,Officiis quisquam quis optio quod minima quos.
mvela@example.org,La verdad prohibida,5,2023-08-28,At dolorum provident maiores quam vitae commodi.
mvela@example.org,Colisión de mundos,1,2025-01-06,Nisi laboriosam vero fuga mollitia molestiae.
mvela@example.org,El cazador de almas,2,2024-05-23,Eum aliquam est.
mvela@example.org,La maquina del tiempo,1,2023-11-25,Ad voluptatibus provident esse dolorem tempora.
mvela@example.org,Instinto,2,2024-09-02,Minima illo repudiandae velit impedit accusantium voluptate nulla.
mvela@example.org,El ultimo heroe,5,2025-04-22,Dolores illo ad sunt fugiat totam blanditiis.
mvela@example.org,El camino perdido,3,2024-10-27,Eum dicta quaerat.
mvela@example.org,Entre dos mundos,4,2024-12-18,Labore quasi facere reprehenderit in.
mvela@example.org,La sombra del futuro,4,2024-11-05,Consectetur expedita dolor.
mvela@example.org,Fuera de control,2,2023-11-05,Earum fuga minus.
mvela@example.org,El umbral,2,2024-03-08,Facilis totam magnam ullam magni totam.
ymerino@example.org,La guerra de sombras,3,2026-02-24,Amet et in ipsam exercitationem aut culpa sint.
ymerino@example.org,El silencio roto,1,2025-10-18,Accusantium quaerat distinctio ipsam voluptatem eum molestiae.
ymerino@example.org,La fuga,2,2025-11-06,Autem numquam repudiandae cupiditate tempore dicta debitis.
ymerino@example.org,La isla perdida,4,2025-06-02,Cupiditate qui neque.
ymerino@example.org,El cruce,4,2024-01-19,Magnam iste aspernatur facilis totam.
ymerino@example.org,El ultimo recurso,3,2026-01-02,Hic illo nemo quidem autem enim.
ymerino@example.org,Colision,2,2023-08-13,Ipsam est dignissimos.
ymerino@example.org,El cazador solitario,4,2025-09-16,Quod non hic magnam.
ymerino@example.org,Mas alla del horizonte,5,2024-08-30,Rerum voluptatibus ullam nesciunt eos.
ymerino@example.org,La bestia,5,2023-06-01,Sunt voluptatem quasi consequatur tempore laboriosam.
ymerino@example.org,La oscuridad interior,2,2024-08-12,Voluptas delectus nisi voluptate officiis totam harum occaecati.
ymerino@example.org,La marca del diablo,4,2023-10-29,Incidunt omnis natus rerum.
ymerino@example.org,La ultima frontera,5,2023-05-30,Illum officiis ea dolores neque.
ymerino@example.org,La pesadilla,3,2025-04-09,Architecto iure debitis itaque.
ymerino@example.org,El precio de la gloria,2,2025-07-11,Dignissimos ut et maxime.
nadia94@example.net,La caja de pandora,2,2025-08-02,Consectetur similique et quam dolores.
nadia94@example.net,El infierno verde,3,2024-12-05,Nisi debitis laboriosam nisi laudantium quis blanditiis voluptatem.
nadia94@example.net,La tela de araña,5,2024-02-11,Velit ut consequuntur suscipit praesentium maxime.
nadia94@example.net,Territorio enemigo,1,2024-12-17,Aperiam minima assumenda eligendi error praesentium.
tcarvajal@example.org,Derrumbe,4,2024-07-26,Ipsam explicabo eius tenetur.
tcarvajal@example.org,La batalla final,4,2023-12-20,Atque fugiat odio dolore similique et explicabo.
tcarvajal@example.org,El doble juego,2,2026-04-07,Dolore facilis quae delectus dolor iste id.
marianaquezada@example.net,Sin identidad conocida,5,2025-08-15,Ratione amet laborum repudiandae quidem placeat alias.
marianaquezada@example.net,Sin identidad,2,2026-03-15,Voluptatem distinctio repudiandae libero ullam.
marianaquezada@example.net,Origen,3,2025-09-16,Voluptatibus aliquam et.
marianaquezada@example.net,La redencion,2,2023-05-12,At tempora optio distinctio.
marianaquezada@example.net,La caida libre,4,2024-10-22,In eaque facilis ipsum nihil atque dolore.
marianaquezada@example.net,El regreso,4,2025-06-09,Sequi doloribus iure ad debitis ab omnis esse.
marianaquezada@example.net,El tiempo se acaba,2,2023-07-09,Consectetur nostrum enim mollitia et.
oscar96@example.org,Sin tregua,4,2023-10-25,Nam eum deleniti numquam fugit dolorum magni.
oscar96@example.org,Sin escape,1,2025-05-02,Repudiandae repellat sunt voluptas asperiores.
oscar96@example.org,Colapso,1,2024-02-04,Voluptates vero reiciendis nostrum iure accusamus odio.
oscar96@example.org,La fuerza del destino,4,2026-03-30,Odit doloribus officiis cumque libero reiciendis eos.
oscar96@example.org,La rueda del destino,2,2024-11-07,Quos aut exercitationem a.
oscar96@example.org,El cazador de almas,4,2024-11-10,Dolores voluptates pariatur laborum officia.
oscar96@example.org,La noche sin fin,4,2025-12-28,Veniam veniam reiciendis.
oscar96@example.org,La caida libre,2,2024-08-05,Excepturi voluptates voluptates soluta libero optio ratione.
oscar96@example.org,Doble identidad,5,2025-12-12,Dicta rem voluptate voluptatem.
oscar96@example.org,Mas fuerte que el destino,3,2024-09-27,Repellat animi excepturi praesentium ex.
oscar96@example.org,Sin limite,2,2025-03-05,Cupiditate dignissimos ex error nam reiciendis quibusdam.
caridadcampos@example.net,El doble juego,1,2024-04-16,Facilis odit veniam unde expedita eveniet saepe.
caridadcampos@example.net,La pesadilla,3,2023-11-19,Culpa labore doloremque.
caridadcampos@example.net,Sin fronteras,4,2026-01-14,Nostrum alias quam libero.
caridadcampos@example.net,La ultima batalla,4,2025-10-20,Dolorem sint expedita mollitia.
caridadcampos@example.net,El cruce,5,2025-10-31,Fugiat perspiciatis eaque.
caridadcampos@example.net,El guerrero,2,2025-06-23,Odio tenetur recusandae dolores accusantium vitae.
caridadcampos@example.net,El observador,5,2025-03-30,Excepturi praesentium aut ullam quisquam eligendi distinctio.
caridadcampos@example.net,Furia imparable,4,2024-09-25,Repellat a expedita non.
caridadcampos@example.net,El destino marcado,5,2025-02-03,Architecto optio numquam ut occaecati autem maxime.
caridadcampos@example.net,Zona de peligro,3,2026-01-10,Illum sunt neque perferendis ullam soluta vero.
caridadcampos@example.net,La frontera,1,2023-09-06,Consectetur ea accusamus itaque inventore iste quaerat.
caridadcampos@example.net,La maquina del tiempo,1,2026-02-21,Molestias in est dolor cupiditate officiis.
caridadcampos@example.net,Instinto,3,2025-08-02,Enim veritatis inventore possimus vel.
caridadcampos@example.net,Renacimiento,2,2023-05-26,Rerum fuga odio doloribus perferendis.
caridadcampos@example.net,Caos total,4,2026-03-08,Ducimus earum maxime mollitia corporis repudiandae quibusdam.
aolvera@example.net,Colision,5,2024-02-12,Est voluptas delectus sapiente nisi autem.
aolvera@example.net,El ladrón de sueños,3,2024-09-29,Dolorem ducimus in aliquam numquam.
aolvera@example.net,Torbellino,2,2025-07-12,Iusto dicta necessitatibus fugit nihil.
aolvera@example.net,La sombra del pasado,1,2024-08-05,Sequi quod consequatur a ullam.
aolvera@example.net,La trampa final,2,2026-01-18,Animi id adipisci.
aolvera@example.net,El codigo olvidado,3,2024-08-19,Est expedita neque odit quasi dolor.
aolvera@example.net,La zona gris,1,2024-07-12,Sapiente dolorum et alias ab necessitatibus quod.
aolvera@example.net,El error fatal,1,2025-01-22,Expedita suscipit autem libero vero voluptatum.
aolvera@example.net,Zona de peligro,2,2025-06-30,Cumque quod delectus nesciunt atque.
aolvera@example.net,La bestia,2,2026-01-15,Culpa vero ipsam.
utrujillo@example.com,El legado,5,2023-12-20,Similique omnis consequuntur esse.
utrujillo@example.com,Sin limite,2,2024-07-04,Dolore rem dolores architecto impedit dolores rem.
utrujillo@example.com,La mente oscura,1,2026-03-25,Voluptates aperiam atque fugiat at consectetur.
utrujillo@example.com,La espiral,2,2025-03-19,Assumenda at aperiam in at.
utrujillo@example.com,Origen,1,2024-04-21,Numquam natus ad nihil impedit nulla.
utrujillo@example.com,La isla perdida,5,2023-05-27,Delectus magni dolore.
utrujillo@example.com,El proyecto secreto,2,2024-06-05,Perferendis nisi facere enim veritatis facilis quidem praesentium.
utrujillo@example.com,La amenaza silenciosa,2,2024-06-21,Ea est ut iste distinctio optio perferendis.
utrujillo@example.com,La tormenta perfecta,5,2024-02-07,Dolorem ipsa corrupti deserunt.
utrujillo@example.com,Oscuridad total,2,2025-12-01,Optio debitis molestias.
tcervantez@example.com,La noche de los lobos,2,2024-03-16,Iure excepturi ipsam dolorem dolore beatae.
tcervantez@example.com,El cazador de almas,3,2024-09-19,Quod eum voluptates maxime nulla.
tcervantez@example.com,Caos total,1,2024-05-13,Quas dolore voluptate quaerat inventore.
tcervantez@example.com,La ultima esperanza,3,2024-03-03,Laboriosam rerum cumque cupiditate.
tcervantez@example.com,Voces en la oscuridad,4,2023-06-19,Enim architecto dolores illo quam.
tcervantez@example.com,El abismo oscuro,3,2025-04-08,Possimus maxime minus.
tcervantez@example.com,La red,5,2025-05-10,Suscipit quaerat quas recusandae aperiam hic sint.
tcervantez@example.com,Implosion,2,2024-12-24,Magnam asperiores modi enim architecto facere tempore itaque.
eloisa59@example.com,La conspiración,2,2023-12-22,Cumque culpa pariatur optio ducimus.
eloisa59@example.com,El guerrero,1,2025-03-24,Quas repellat error.
eloisa59@example.com,El codigo olvidado,4,2023-09-21,Blanditiis earum similique in sunt veritatis.
eloisa59@example.com,Impacto,5,2025-09-18,Numquam itaque aliquam asperiores culpa.
eloisa59@example.com,La señal perdida,3,2025-03-22,Dicta eligendi praesentium similique magni excepturi eos.
eloisa59@example.com,Tierra de nadie,3,2025-04-28,Minus doloremque culpa ab nisi adipisci.
eloisa59@example.com,La red,3,2023-07-04,Quas laboriosam mollitia quis nam tenetur eum id.
eloisa59@example.com,El monstruo interior,3,2024-12-27,Veniam distinctio natus cumque quasi repellendus veritatis.
eloisa59@example.com,El cazador de almas,2,2025-06-12,Minus optio laudantium debitis repellat.
luis97@example.net,El tiempo se acaba,1,2023-07-25,Hic rem ab.
luis97@example.net,Descenso,4,2024-09-08,Sint dolorem vel nemo magni.
luis97@example.net,Tormenta de fuego,2,2025-05-11,Magnam accusantium nemo dolores.
luis97@example.net,La persecucion,4,2023-05-29,Fugiat harum dolore molestiae quibusdam distinctio.
luis97@example.net,El error fatal,1,2025-12-04,Repellendus ipsum eligendi libero voluptatibus quisquam porro.
luis97@example.net,El despertador,5,2023-08-24,Nesciunt iste porro aspernatur dolores consequatur.
luis97@example.net,Instinto,2,2023-05-17,Ipsam illo odit reprehenderit cupiditate unde nisi.
luis97@example.net,La gran aventura,5,2025-05-29,Qui molestiae modi quibusdam.
luis97@example.net,Territorio enemigo,3,2024-09-11,Tenetur molestiae magni sequi.
luis97@example.net,La promesa rota,3,2025-12-28,Amet exercitationem rem quibusdam.
luis97@example.net,Abismo,2,2024-05-11,Labore voluptas neque iste earum.
lebronlucia@example.org,Fuga imposible,3,2024-08-15,Placeat temporibus totam possimus tempore corrupti deleniti.
lebronlucia@example.org,El cazador solitario,5,2025-01-12,Voluptates eius sapiente beatae dicta.
lebronlucia@example.org,El testigo silencioso,2,2025-10-22,Impedit blanditiis odio nam doloribus a commodi.
lebronlucia@example.org,El laberinto,3,2024-11-27,Suscipit dolores repudiandae.
dolorespolanco@example.net,El ultimo paso,5,2024-12-08,Laudantium perspiciatis sed fugit.
dolorespolanco@example.net,El cruce,4,2026-03-12,Aliquam earum aut dolorem aliquid.
dolorespolanco@example.net,El ultimo comando,2,2024-01-17,Incidunt consectetur debitis error accusantium excepturi aliquam.
dolorespolanco@example.net,Colapso,2,2024-11-02,Reprehenderit vero delectus voluptatem facere quos.
dolorespolanco@example.net,La marca del diablo,5,2025-10-12,Dolor natus sapiente nisi esse.
dolorespolanco@example.net,La caida libre,4,2023-12-26,Repudiandae autem repellat.
dolorespolanco@example.net,El espejo oscuro,5,2025-06-13,Eius laborum mollitia.
dolorespolanco@example.net,El ultimo recurso,2,2024-02-03,Error ea facilis quos in delectus quia reprehenderit.
dolorespolanco@example.net,Renacimiento,1,2025-11-23,Itaque aliquam magni libero eligendi.
dolorespolanco@example.net,El observador,5,2025-12-25,At eaque distinctio.
dolorespolanco@example.net,Colisión de mundos,4,2024-04-25,Vero laboriosam mollitia magni unde non provident.
dolorespolanco@example.net,El testamento,3,2023-11-23,Iusto numquam voluptatibus commodi quia.
dolorespolanco@example.net,Origen,5,2026-02-24,Voluptatibus sunt officiis sed molestias odio sed.
dolorespolanco@example.net,Sombras del pasado,1,2025-07-23,Incidunt tempora voluptate saepe.
serafin35@example.net,La amenaza silenciosa,5,2023-06-10,Sit eligendi iste corporis.
serafin35@example.net,Instinto,1,2026-03-17,Dolorum minima dignissimos quia modi unde placeat.
serafin35@example.net,El infiltrado,4,2024-09-11,Velit nihil incidunt temporibus voluptates fugit error.
serafin35@example.net,El poder oculto,2,2024-06-04,Vitae amet molestiae.
gutierrezcamila@example.com,Sin fronteras,4,2025-06-03,At illum recusandae praesentium molestiae numquam.
gutierrezcamila@example.com,La caida,2,2026-04-12,Distinctio adipisci explicabo quo consequatur exercitationem dolore dolorum.
gutierrezcamila@example.com,La venganza,3,2024-12-05,Nisi doloribus nisi sit delectus rerum.
gutierrezcamila@example.com,La maldicion,4,2023-10-12,Dolorem ipsam minus magnam ipsum fugiat deserunt ipsa.
gutierrezcamila@example.com,La marca del diablo,1,2024-07-12,Voluptatibus itaque eligendi.
grendon@example.net,Sin salida,2,2024-01-27,Necessitatibus exercitationem cupiditate expedita molestiae.
grendon@example.net,La fuga,3,2025-03-04,Voluptatem dolorem fugit.
grendon@example.net,La amenaza silenciosa,5,2024-07-22,Voluptas tenetur tempore.
grendon@example.net,El enviado,1,2025-10-22,Voluptate quo ex quae.
grendon@example.net,El punto final,2,2024-06-29,Minus cumque sequi nesciunt maiores.
grendon@example.net,La cadena rota,1,2025-05-04,Eaque ipsum repellat quaerat.
grendon@example.net,El ultimo heroe,3,2024-03-08,Facere quos ipsam nemo.
grendon@example.net,El guardian,4,2025-02-16,Excepturi explicabo nostrum nulla laborum.
dzayas@example.org,El ultimo paso,2,2023-10-29,Accusamus ipsa doloremque est totam.
dzayas@example.org,La marca del diablo,2,2025-04-13,Est recusandae labore dolor.
dzayas@example.org,Punto critico,2,2025-12-04,Quam distinctio quo tempore.
dzayas@example.org,El testigo silencioso,3,2025-08-26,Laboriosam ipsum labore odit veritatis nihil.
dzayas@example.org,La isla perdida,3,2024-10-30,Quisquam in eligendi repudiandae vero fuga animi.
dzayas@example.org,El infierno verde,1,2024-04-11,Dolore quae est blanditiis dolorem.
dzayas@example.org,Bajo cero,2,2023-09-10,Deleniti ullam ducimus tenetur.
dzayas@example.org,El cazador solitario,4,2026-04-03,Alias exercitationem dicta nobis.
dzayas@example.org,Colision,5,2023-08-16,Praesentium consequatur accusamus eos distinctio veniam.
dzayas@example.org,Furia imparable,4,2023-10-18,Et voluptatibus laborum enim culpa.
dzayas@example.org,La trampa,2,2025-12-06,Ex possimus numquam consectetur.
rperez@example.com,El riesgo calculado,4,2024-09-14,Deleniti impedit id ab facere quisquam rem deleniti.
rperez@example.com,Zona de guerra,5,2026-01-25,Ab ipsam iusto reprehenderit temporibus quas exercitationem.
rperez@example.com,La tormenta perfecta,5,2024-08-29,Explicabo aperiam suscipit.
rperez@example.com,La pesadilla,2,2025-10-30,Reprehenderit numquam distinctio deleniti nam.
rperez@example.com,Sin retorno,4,2024-03-01,Ab alias numquam aut consequuntur.
elsa08@example.net,Insurreccion,5,2025-06-08,Nostrum doloremque accusamus alias tempora.
elsa08@example.net,Instinto,5,2024-12-30,Ipsa nam harum numquam doloremque nihil.
elsa08@example.net,El peso del silencio,4,2024-06-03,Cumque alias nisi.
elsa08@example.net,La red de mentiras,2,2024-10-22,Commodi consectetur consequatur labore ducimus.
elsa08@example.net,Sangre fria,1,2025-07-17,Pariatur illum a sit modi non.
elsa08@example.net,La ultima batalla,4,2025-09-14,Fuga pariatur eos maiores illo eligendi facere cupiditate.
adan34@example.com,La trampa,1,2024-04-06,Iure unde libero laudantium laudantium laudantium.
adan34@example.com,La sombra del futuro,5,2026-03-07,Vero occaecati consequuntur debitis excepturi.
adan34@example.com,Sangre fria,1,2025-11-22,Corporis nemo tempora soluta.
adan34@example.com,El silencio roto,3,2023-07-30,Fuga reiciendis tempora nisi nesciunt debitis quod.
adan34@example.com,Sueños rotos,1,2023-08-19,Deserunt sed animi nostrum veritatis nam quod.
adan34@example.com,El regreso,4,2024-12-11,Dolore nostrum assumenda eos architecto harum ducimus.
adan34@example.com,La fuga,3,2025-09-11,Fugiat quis corporis cum veniam possimus sed.
adan34@example.com,Fuga imposible,5,2024-07-13,Explicabo accusamus neque qui temporibus aut itaque.
britojaqueline@example.net,El cazador de almas,2,2025-10-09,Soluta laborum quis ut beatae nihil nulla.
britojaqueline@example.net,La persecucion,4,2023-11-29,Architecto et non animi.
britojaqueline@example.net,El monstruo interior,4,2025-02-12,Hic voluptatum maxime omnis delectus.
britojaqueline@example.net,Combustion,4,2024-07-29,Repudiandae itaque corrupti earum.
britojaqueline@example.net,Fractura,1,2026-02-15,Blanditiis neque animi vero nulla praesentium.
cresposoledad@example.org,Colapso,3,2025-10-28,Nostrum repudiandae exercitationem fugit quam.
cresposoledad@example.org,El riesgo calculado,3,2024-07-11,Nemo quisquam nostrum ipsum sapiente impedit earum.
cresposoledad@example.org,El ultimo susurro,5,2023-05-06,Cumque alias cum voluptatibus.
cresposoledad@example.org,El testigo silencioso,5,2024-03-26,Laborum error officiis blanditiis odio amet est.
cresposoledad@example.org,El infiltrado,4,2023-04-20,Recusandae quibusdam provident assumenda modi exercitationem ipsam.
cresposoledad@example.org,Implosion,4,2025-04-01,Tempora numquam delectus necessitatibus sint consequatur doloremque dolorum.
benavidezlucas@example.com,La noche infinita,5,2024-11-29,Occaecati provident maiores voluptate.
benavidezlucas@example.com,Explosion,3,2025-05-28,Mollitia amet ex ipsam nobis eius.
benavidezlucas@example.com,El maestro del engano,4,2025-06-11,Aspernatur id velit consectetur repellendus.
benavidezlucas@example.com,Sin cuartel,3,2024-11-06,Officiis cum repellendus dolorum fugiat vitae accusamus.
benavidezlucas@example.com,El precio de la verdad,4,2023-12-24,Minima necessitatibus vero officia modi unde quos quaerat.
ctorres@example.org,La fuerza del mal,5,2025-11-10,Culpa pariatur ut sequi velit.
ctorres@example.org,Colapso,2,2026-03-31,Sint porro nostrum veritatis nemo sequi.
ctorres@example.org,El despertador,5,2024-11-16,Quis commodi ad temporibus deserunt fugiat quasi.
ctorres@example.org,Cero absoluto,4,2023-05-18,Magnam quia quo odio nemo.
ctorres@example.org,Colision,1,2025-10-18,Iste dignissimos ipsum quia soluta fugiat.
felipede-la-torre@example.net,El codigo olvidado,1,2025-12-07,Temporibus odit enim inventore assumenda possimus in.
felipede-la-torre@example.net,Punto ciego,2,2025-06-13,Hic quasi perferendis officiis ullam repellat facere asperiores.
felipede-la-torre@example.net,Zona de peligro,5,2025-01-05,Id iure ex deleniti tempora.
felipede-la-torre@example.net,Sin fronteras,2,2024-08-01,Fugit quasi perferendis explicabo voluptatem vitae nisi.
fabiolasoliz@example.net,La sombra del futuro,1,2023-08-15,Itaque animi consectetur fugiat voluptas.
fabiolasoliz@example.net,El ultimo testigo,4,2023-11-30,Quisquam ipsum exercitationem esse.
fabiolasoliz@example.net,La conexion,3,2025-01-03,Placeat atque dolore tempore.
fabiolasoliz@example.net,El cazador solitario,1,2024-11-02,Perspiciatis a beatae voluptatem.
fabiolasoliz@example.net,Insurreccion,1,2024-01-12,Id amet odio ex ullam perspiciatis culpa at.
fabiolasoliz@example.net,El maestro del engano,5,2024-05-30,Porro ducimus nisi dolore quibusdam voluptatibus est.
fabiolasoliz@example.net,Caos total,2,2025-12-20,Eligendi facilis maxime minus nulla iste.
fabiolasoliz@example.net,La mente oscura,3,2025-10-21,Assumenda quas quia.
fabiolasoliz@example.net,La señal perdida,4,2024-03-16,Aperiam debitis quibusdam hic modi.
fabiolasoliz@example.net,Fuga imposible,3,2024-04-18,Eum totam facilis optio natus.
colladojos@example.com,Sombra y luz,3,2024-05-24,Veritatis nemo autem sed hic.
colladojos@example.com,Colapso,5,2025-12-03,Eum magni corporis ut sed sunt impedit velit.
colladojos@example.com,Implosion,5,2024-10-09,Iste deleniti eaque nihil recusandae placeat.
colladojos@example.com,Abismo,1,2026-04-13,Similique voluptates excepturi impedit officia quaerat neque.
colladojos@example.com,La ultima frontera,4,2025-03-22,Temporibus ab odit.
colladojos@example.com,La caida,5,2025-11-05,Aperiam quam quisquam earum maxime porro nisi hic.
colladojos@example.com,El error fatal,2,2026-01-06,Exercitationem dolore aliquam.
colladojos@example.com,Codigo rojo,2,2024-07-11,Aliquid quisquam velit repellat aliquid.
colladojos@example.com,El peso del silencio,1,2025-08-18,Inventore cum explicabo incidunt.
colladojos@example.com,La red de mentiras,5,2023-07-25,Fuga ducimus magnam tempora omnis non excepturi.
colladojos@example.com,El cazador solitario,3,2026-01-26,Nisi minima itaque sunt vitae explicabo.
colladojos@example.com,El punto de quiebre,3,2025-12-30,Animi perspiciatis quae sint error.
colladojos@example.com,La amenaza silenciosa,1,2026-04-03,Cum laudantium optio cumque.
veronica87@example.com,La fuerza interior,5,2024-03-28,Autem quis temporibus occaecati quidem velit.
veronica87@example.com,Mas fuerte que el destino,5,2025-08-23,Blanditiis excepturi aspernatur recusandae.
veronica87@example.com,Sombras del pasado,4,2024-10-04,Assumenda voluptas magnam.
veronica87@example.com,El horizonte perdido,4,2025-09-20,Iure corporis molestias numquam.
veronica87@example.com,El codigo olvidado,4,2025-12-14,Enim ducimus aliquid eligendi mollitia laudantium quam.
veronica87@example.com,El espejo roto,3,2024-10-28,Magnam aperiam aspernatur rem.
veronica87@example.com,Voces en la oscuridad,3,2024-04-06,Nisi aliquam quidem magni doloremque.
veronica87@example.com,La ultima esperanza,2,2025-12-23,Deleniti suscipit unde cupiditate expedita esse.
veronica87@example.com,Sin rastro,2,2025-10-29,Corrupti quod facere magni saepe.
veronica87@example.com,La verdad oculta,1,2024-03-16,Saepe placeat dolorem rem omnis perspiciatis veritatis.
veronica87@example.com,La redencion,3,2025-05-01,Nulla in ut quo consequatur deleniti possimus.
veronica87@example.com,La promesa rota,2,2023-06-17,Sit doloribus doloremque quia ex.
veronica87@example.com,La ultima oportunidad,3,2025-09-29,Animi nemo laborum voluptas itaque illo labore itaque.
veronica87@example.com,El proyecto secreto,1,2025-05-01,Aperiam eveniet nulla laboriosam doloribus earum.
veronica87@example.com,La herida abierta,4,2025-04-25,Similique quia quasi tenetur nihil quod laborum.
guillermo66@example.com,El ultimo paso,4,2023-05-26,Dolor a quas eaque laborum.
guillermo66@example.com,El cruce,4,2023-07-23,Aspernatur quo quis.
guillermo66@example.com,El ultimo viaje,2,2025-03-23,Minus dolores laborum exercitationem doloremque.
guillermo66@example.com,El ultimo acto,3,2025-06-29,Voluptatem deleniti quisquam quasi.
guillermo66@example.com,Doble identidad,1,2025-04-14,Doloribus ab eligendi.
guillermo66@example.com,Origen,5,2025-09-27,Iste eum amet animi ipsum.
guillermo66@example.com,El despertar,3,2025-10-20,Quibusdam ad fuga voluptatibus atque.
guillermo66@example.com,Impacto,5,2023-08-23,Optio nostrum sit nulla maiores.
ricardo93@example.net,La amenaza,3,2023-12-07,Ducimus architecto voluptate quas voluptas.
ricardo93@example.net,Implosion,4,2023-11-10,Ea ad ducimus amet commodi.
ricardo93@example.net,Tiempo prestado,2,2024-04-23,Maxime doloribus doloribus voluptate ex doloribus totam.
ricardo93@example.net,La fuerza del mal,4,2024-01-22,Illo hic laborum repellat voluptatum perspiciatis doloribus.
ricardo93@example.net,Impacto final,3,2025-08-11,Praesentium adipisci voluptas doloribus assumenda assumenda.
ricardo93@example.net,La verdad prohibida,3,2026-01-01,Nulla voluptatem cupiditate tempore.
ricardo93@example.net,La cadena rota,1,2023-07-24,Consequatur temporibus impedit.
ricardo93@example.net,El infiltrado,5,2025-07-03,Distinctio ut vitae neque eum.
ricardo93@example.net,Sin cuartel,3,2024-12-02,Eius voluptatibus optio ex reprehenderit rem.
ricardo93@example.net,La conexion,5,2025-01-11,Quod ipsa ipsa ullam quo nesciunt vitae.
ricardo93@example.net,El cazador,1,2023-10-08,Modi quasi totam labore.
ricardo93@example.net,La alianza,5,2024-01-13,Assumenda unde est voluptatem praesentium iusto distinctio.
ricardo93@example.net,La batalla final,4,2023-05-24,Atque sapiente beatae totam.
ricardo93@example.net,El horizonte perdido,2,2024-06-11,Eius tempora vitae nisi.
jorgeespinoza@example.org,La red,3,2026-01-28,Fuga perspiciatis ducimus numquam.
jorgeespinoza@example.org,La sombra del pasado,4,2025-05-11,Dolor culpa saepe reprehenderit.
jorgeespinoza@example.org,La trampa final,5,2023-06-03,Ipsum distinctio eum aspernatur autem reprehenderit enim necessitatibus.
jorgeespinoza@example.org,Sombras del pasado,5,2024-12-17,Nesciunt quos ipsum ea.
jorgeespinoza@example.org,Punto ciego,4,2023-05-18,Eaque possimus ad nesciunt voluptates.
jorgeespinoza@example.org,El elegido,1,2023-08-04,Nihil nisi beatae cum nemo magni nihil.
jorgeespinoza@example.org,La ultima frontera,1,2024-11-29,Doloremque consequuntur aliquam laudantium repellat vel totam.
jorgeespinoza@example.org,El ladrón de sueños,4,2025-11-26,Ipsa non eum quis.
jorgeespinoza@example.org,El umbral,2,2023-10-29,Eveniet iste totam accusamus iure iure.
jorgeespinoza@example.org,El despertar,2,2024-12-09,Veniam qui consectetur quisquam suscipit quasi est magnam.
jorgeespinoza@example.org,La batalla final,1,2023-10-09,Iusto omnis iste molestiae enim hic.
jorgeespinoza@example.org,El vigilante,3,2024-11-15,Quasi ipsum fugiat fugiat similique totam.
jorgeespinoza@example.org,Fuga imposible,3,2025-07-03,Corrupti facere quis reprehenderit.
rosalialimon@example.net,La marca del diablo,5,2026-03-23,Sequi quod necessitatibus quae.
rosalialimon@example.net,Fuera de control,3,2026-04-15,Iste amet alias ipsum nostrum minus ipsa ea.
rosalialimon@example.net,La maldicion,2,2025-12-11,Distinctio ab nihil.
yolandaarenas@example.net,El espejo oscuro,5,2024-07-03,Cum corrupti nemo corporis.
yolandaarenas@example.net,El monstruo interior,4,2026-01-10,Aspernatur neque architecto suscipit nobis laborum nemo.
yolandaarenas@example.net,Sin piedad ni gloria,2,2025-09-21,Animi facilis possimus tenetur.
yolandaarenas@example.net,La amenaza,3,2025-01-06,Quod aspernatur dolorum.
yolandaarenas@example.net,Doble identidad,4,2023-12-11,Aliquid magnam provident inventore ipsam minus iusto.
yolandaarenas@example.net,Descenso,1,2023-10-23,Quasi consequuntur amet eos.
yolandaarenas@example.net,La verdad oculta,2,2025-08-11,Beatae voluptas recusandae vel officia ab.
yolandaarenas@example.net,El laberinto,4,2024-10-16,Non rem soluta enim architecto sint ex.
yolandaarenas@example.net,El espejo roto,5,2024-09-09,Libero dignissimos odio dicta sint illo.
yolandaarenas@example.net,Impacto final,4,2025-09-30,Ipsam sed qui nostrum impedit corrupti.
yolandaarenas@example.net,Fuga imposible,3,2023-10-11,Dolor libero veniam rem quae maiores.
yolandaarenas@example.net,La venganza,1,2025-02-28,Cupiditate eius explicabo voluptas.
alvarobeltran@example.com,La sombra del pasado,1,2023-08-30,Numquam asperiores quaerat modi molestias praesentium.
alvarobeltran@example.com,El codigo olvidado,1,2025-03-03,Ex eius sunt ducimus consectetur aliquam iure dignissimos.
alvarobeltran@example.com,El espiritu guerrero,1,2023-10-25,Molestias optio hic itaque temporibus.
alvarobeltran@example.com,Sin nombre,5,2024-04-16,Culpa dignissimos deserunt.
alvarobeltran@example.com,La señal,4,2025-08-12,Fuga voluptate cum.
alvarobeltran@example.com,El camino perdido,3,2024-04-19,Eaque itaque qui rem.
alvarobeltran@example.com,La caja de pandora,1,2024-08-12,Ex exercitationem et nobis deserunt exercitationem qui.
alvarobeltran@example.com,Sangre fria,1,2024-06-11,Corrupti nostrum qui dolorem sapiente.
citlali92@example.com,El observador,5,2023-10-03,Rerum similique quasi est adipisci fugit ad sunt.
citlali92@example.com,El ultimo paso,4,2026-03-01,Vero delectus tempora praesentium unde minima.
citlali92@example.com,El despertar,4,2025-06-02,Tempore iure placeat provident.
citlali92@example.com,Zona de guerra,1,2024-10-06,Nisi autem soluta deserunt odit voluptates hic.
citlali92@example.com,El infiltrado,5,2025-01-17,Recusandae aperiam earum asperiores quam libero repellendus earum.
citlali92@example.com,El proyecto secreto,2,2024-10-02,Perspiciatis rerum rerum dolore.
citlali92@example.com,El ultimo viaje,4,2025-04-20,Expedita iste amet incidunt quisquam repellendus vel.
citlali92@example.com,Zona de peligro,1,2024-05-09,Recusandae quas mollitia cum minima esse.
citlali92@example.com,La sombra del mal,1,2024-12-08,Eligendi error voluptatibus tempore qui.
solizporfirio@example.com,Fractura,3,2026-03-16,Soluta dolorem nam.
solizporfirio@example.com,La verdad oculta,1,2023-11-02,Ex enim iusto explicabo libero voluptatibus.
solizporfirio@example.com,La pesadilla,5,2023-07-26,Culpa porro exercitationem.
solizporfirio@example.com,El codigo olvidado,5,2026-02-03,Autem voluptatum in cupiditate.
solizporfirio@example.com,La clave perdida,1,2025-05-12,Ex sed perspiciatis vero deleniti veniam reiciendis quod.
solizporfirio@example.com,El ultimo paso,2,2024-11-16,Veritatis quia voluptate saepe exercitationem perferendis.
solizporfirio@example.com,La caida,2,2025-02-08,Ipsum deleniti reiciendis voluptates earum quisquam.
solizporfirio@example.com,La conexion,4,2024-01-06,Deleniti culpa veniam facilis necessitatibus voluptatibus.
padillamaria-teresa@example.org,El silencio roto,2,2023-12-22,Incidunt laboriosam quas amet sed quidem aperiam.
padillamaria-teresa@example.org,El cazador de almas,3,2024-07-26,Cupiditate reiciendis ipsum laboriosam.
padillamaria-teresa@example.org,Explosion,4,2025-06-04,Labore rem ex expedita praesentium laborum.
kponce@example.org,La mente oscura,3,2025-02-08,Laudantium enim veritatis omnis explicabo eos asperiores.
kponce@example.org,Mas alla del horizonte,2,2025-11-17,Eos earum nostrum pariatur eaque.
kponce@example.org,Zona de guerra,1,2024-01-23,Itaque ad ducimus beatae.
kponce@example.org,Golpe mortal,5,2023-07-09,Quos sit earum provident non officia totam.
kponce@example.org,Descenso,1,2024-04-07,Repellat architecto dolorum.
kponce@example.org,El infierno verde,2,2023-12-15,Ratione fugit minus nesciunt incidunt.
kponce@example.org,La espiral,2,2026-03-08,Recusandae totam provident perferendis similique placeat magni.
kponce@example.org,El prisionero,3,2023-06-24,Nostrum nulla eveniet est ipsa soluta nesciunt.
kponce@example.org,La red,1,2023-08-30,Voluptates quam architecto natus quam consectetur incidunt blanditiis.
kponce@example.org,El ultimo heroe,1,2025-06-12,Vel dicta nesciunt rem laudantium ullam vitae.
kponce@example.org,El oraculo,3,2026-04-12,Voluptates esse pariatur unde.
kponce@example.org,Sin salida aparente,4,2023-11-18,Odit est asperiores itaque cumque iusto necessitatibus.
kponce@example.org,Punto sin retorno,3,2026-02-24,Saepe incidunt velit occaecati.
kponce@example.org,Punto ciego,1,2024-04-14,Quas repellat quae suscipit sed rerum sapiente.
robledoirma@example.org,La maquina del tiempo,4,2023-09-23,Quam rem facere quis eaque laboriosam tenetur.
robledoirma@example.org,La persecucion,4,2025-07-27,Aliquam ipsam totam.
robledoirma@example.org,Impacto,1,2023-12-29,Iure laborum aperiam officia voluptate maiores magni.
robledoirma@example.org,La fuga,2,2023-07-04,Asperiores veniam nobis voluptate voluptatem.
robledoirma@example.org,El guardian eterno,4,2025-02-26,Dolor voluptates laboriosam odio voluptatibus.
robledoirma@example.org,El laberinto,4,2025-02-12,Itaque sapiente totam.
robledoirma@example.org,El vigilante,2,2023-06-01,Aspernatur ea repellat et vel.
robledoirma@example.org,Punto de no retorno,1,2023-12-18,Laudantium porro voluptatem temporibus sapiente ea accusantium.
robledoirma@example.org,La mente oscura,5,2024-01-22,Voluptates aliquid laudantium tempore.
robledoirma@example.org,La señal perdida,1,2026-02-20,Quasi aliquam illo pariatur eligendi.
robledoirma@example.org,El precio del poder,5,2024-03-11,Incidunt quaerat nostrum quo recusandae est quae.
robledoirma@example.org,La ultima frontera,5,2023-10-28,Libero quo eaque sed quibusdam aut.
robledoirma@example.org,Colisión de mundos,5,2023-11-05,Explicabo tempora odit.
montoyacaridad@example.net,La caida libre,5,2024-02-26,Illo eligendi aliquid asperiores ut numquam at.
montoyacaridad@example.net,Doble identidad,2,2023-05-05,Saepe rem accusantium corporis architecto qui officia.
montoyacaridad@example.net,La caida,2,2024-11-16,Atque molestiae inventore maxime dolorem.
montoyacaridad@example.net,Mas alla del bien,5,2024-02-20,Corrupti optio voluptates nemo ut.
tellezteresa@example.net,La trampa mortal,4,2024-12-07,Totam asperiores voluptate ullam cumque.
tellezteresa@example.net,Abismo,2,2024-04-21,Molestiae modi eligendi rerum est alias et.
tellezteresa@example.net,La fuerza del mal,3,2024-01-31,Quas delectus iste error dolore perspiciatis.
tellezteresa@example.net,La bestia,3,2024-06-10,At molestiae nisi facere explicabo.
tellezteresa@example.net,El ultimo susurro,5,2024-02-06,Excepturi rem iure dicta.
tellezteresa@example.net,La persecucion,5,2023-04-22,Quidem repudiandae a fugit sint.
tellezteresa@example.net,Sin escape,2,2025-08-14,Cum dolores provident repudiandae optio.
tellezteresa@example.net,Voces en la oscuridad,1,2024-11-22,Dolorum aliquid culpa quaerat vitae blanditiis.
tellezteresa@example.net,La amenaza,4,2026-03-02,Officia odit autem sed aperiam.
tellezteresa@example.net,El enviado,3,2025-09-11,Eos veritatis ex aspernatur laboriosam tempora quod.
rolando46@example.net,La espiral,2,2024-01-08,Facilis aliquid veniam ipsa.
rolando46@example.net,Mas fuerte que el destino,5,2023-10-04,Iusto doloribus eligendi tempora ipsum ad minus incidunt.
rolando46@example.net,Sin identidad conocida,5,2023-12-28,Adipisci illum iusto nulla autem iure vitae suscipit.
rolando46@example.net,El ultimo viaje,3,2026-01-03,Doloremque laboriosam unde excepturi hic modi neque.
rolando46@example.net,Evasion total,2,2025-11-19,Iure ex perspiciatis quibusdam.
rolando46@example.net,El infiltrado,2,2024-02-11,Sint nostrum nesciunt maiores maxime.
ngarcia@example.org,Sin fronteras,2,2023-05-08,Magnam laborum nulla nostrum autem voluptatem quod error.
ngarcia@example.org,Abismo,3,2024-02-19,Dolores totam nesciunt culpa.
ngarcia@example.org,Punto ciego,4,2025-12-08,Reiciendis aspernatur voluptate eveniet nobis.
nmontemayor@example.org,El ultimo paso,5,2026-02-04,Adipisci veniam atque cupiditate quaerat illo quia.
nmontemayor@example.org,Renacimiento,3,2025-11-18,Occaecati autem voluptate voluptatum praesentium expedita.
nmontemayor@example.org,El tiempo se acaba,3,2025-10-30,Deleniti hic ea hic quod nobis.
nmontemayor@example.org,El precio de la gloria,2,2023-10-08,Pariatur recusandae rerum exercitationem dolor.
nmontemayor@example.org,El silencio roto,5,2023-12-28,Quas ipsam ipsum cumque itaque.
nmontemayor@example.org,La conspiración,3,2026-03-19,Maiores ut expedita a tempora voluptatem asperiores veritatis.
nmontemayor@example.org,Sangre fria,3,2023-06-07,Doloremque dignissimos iusto vel laborum soluta aspernatur.
nmontemayor@example.org,El espejo oscuro,1,2025-05-08,Eligendi laudantium modi perspiciatis.
nmontemayor@example.org,Sin memoria,4,2023-04-22,At aperiam sequi reiciendis distinctio.
nmontemayor@example.org,Bajo cero,4,2024-12-11,Fuga assumenda veritatis sint suscipit.
nmontemayor@example.org,Colision,2,2025-01-12,Esse repellendus ea delectus voluptatibus placeat.
nmontemayor@example.org,La decision,4,2025-12-13,Cum voluptatum saepe.
nmontemayor@example.org,Conexion fatal,2,2026-01-31,Voluptas eos ullam atque autem velit ea.
trujillomaria-jose@example.org,El ultimo dia,3,2025-11-10,Quas magnam reprehenderit beatae.
trujillomaria-jose@example.org,El ultimo acto,1,2024-09-03,Blanditiis deleniti expedita alias.
trujillomaria-jose@example.org,La rueda del destino,1,2026-01-18,Natus rem reprehenderit necessitatibus nulla voluptas.
reynaldo67@example.net,El cazador de almas,1,2025-12-22,Deserunt iure est molestiae aliquam.
reynaldo67@example.net,Mas alla del horizonte,1,2024-12-22,Officia sit error dolorem numquam.
reynaldo67@example.net,Torbellino,2,2024-10-17,Sed corporis ea sapiente iusto placeat.
reynaldo67@example.net,La oscuridad interior,1,2023-07-13,Provident illum nemo blanditiis sapiente ducimus sunt velit.
reynaldo67@example.net,La caida libre,4,2024-02-17,Dolor autem blanditiis odit.
reynaldo67@example.net,Sin fronteras,2,2023-07-13,Neque at quia eum culpa.
benavidezursula@example.org,El cruce,4,2024-02-24,Non porro porro.
benavidezursula@example.org,Sin identidad,5,2025-08-13,Exercitationem totam tempore ipsum.
benavidezursula@example.org,El peso del silencio,4,2025-06-28,Minima hic voluptates voluptates cum.
benavidezursula@example.org,El prisionero,1,2024-01-21,Illo recusandae consectetur maxime necessitatibus eius aliquid.
zaragozasandra@example.com,La mente oscura,2,2023-09-23,Nisi occaecati beatae quaerat quaerat voluptatem modi.
zaragozasandra@example.com,Oscuridad total,3,2026-03-09,Reiciendis quisquam occaecati officiis ad ea quaerat perferendis.
zaragozasandra@example.com,La batalla final,4,2024-09-17,Dolores ut quaerat dicta.
zaragozasandra@example.com,Colisión de mundos,3,2024-06-14,Libero rem natus exercitationem saepe.
zaragozasandra@example.com,La maquina del tiempo,4,2023-07-04,Eum nam tempore minus.
zaragozasandra@example.com,El espejo oscuro,4,2023-12-05,Sequi autem provident ex nobis.
zaragozasandra@example.com,Luz y oscuridad,1,2026-03-28,Beatae in maxime.
zaragozasandra@example.com,El regreso del mal,2,2025-11-26,Occaecati nemo nam iure.
zaragozasandra@example.com,La amenaza,3,2025-06-13,Consectetur illum numquam porro nemo suscipit.
zaragozasandra@example.com,El ladrón de sueños,1,2024-02-25,Quisquam minima suscipit ex repudiandae.
zaragozasandra@example.com,La rueda del destino,2,2024-04-25,Autem sunt magnam voluptates totam pariatur excepturi.
zaragozasandra@example.com,La tela de araña,1,2024-03-04,Rerum culpa dignissimos repudiandae nobis.
zaragozasandra@example.com,Tiempo prestado,4,2023-11-16,Eius odit omnis saepe nobis libero dolorem.
zaragozasandra@example.com,La ultima frontera,1,2024-08-21,Quod dicta accusamus eius debitis aut.
aldoanaya@example.com,La sombra del futuro,5,2024-09-06,Minima aliquid repellat illum.
aldoanaya@example.com,La bestia,1,2023-09-30,Iusto tempora aspernatur voluptatibus alias delectus a.
aldoanaya@example.com,Zona de peligro,5,2023-07-07,Quidem doloremque architecto asperiores maxime cum delectus.
aldoanaya@example.com,El laberinto,4,2025-05-18,Quae asperiores odit dolorem cum in alias eligendi.
aldoanaya@example.com,El guardian eterno,2,2023-06-22,Eum placeat ratione ipsa inventore iusto.
aldoanaya@example.com,El observador,4,2024-05-23,Labore debitis consequuntur beatae dolor nulla eum.
aldoanaya@example.com,Oscuridad total,1,2025-05-19,Quisquam dolor repudiandae ipsa culpa.
aldoanaya@example.com,Sin cuartel,5,2023-05-09,Laboriosam est quaerat esse.
mario54@example.com,Bajo cero,5,2025-04-05,Blanditiis veritatis quod ullam pariatur sit quibusdam unde.
mario54@example.com,La gran aventura,4,2023-08-30,Eligendi mollitia reiciendis.
mario54@example.com,Desolacion,3,2024-11-21,Ex temporibus et reprehenderit id aliquam.
mario54@example.com,La ultima esperanza,3,2023-05-02,Molestiae occaecati unde consequatur quae voluptatum.
mario54@example.com,Torbellino,2,2024-04-13,Fugiat earum ad maxime laudantium.
mario54@example.com,El ultimo heroe,1,2025-01-26,Sed deleniti deleniti eveniet nisi fuga.
mario54@example.com,Colapso,3,2025-05-08,Saepe nihil optio suscipit earum.
mario54@example.com,Caos total,2,2024-05-01,Suscipit qui ipsum.
madridcarlota@example.org,Sin fronteras,3,2024-06-27,Suscipit eveniet reiciendis corporis earum minima blanditiis laudantium.
madridcarlota@example.org,El ultimo paso,2,2025-07-01,Asperiores cum occaecati illum libero accusantium.
madridcarlota@example.org,En el limite,5,2023-10-09,Soluta ex eius asperiores ad aspernatur quibusdam.
madridcarlota@example.org,El ultimo testigo,3,2024-05-12,Numquam eaque quos hic sequi eius.
madridcarlota@example.org,Doble identidad,1,2025-03-22,Ea sint quaerat numquam ex harum officia.
madridcarlota@example.org,La ultima frontera,3,2023-05-16,Officia dicta enim facere incidunt.
madridcarlota@example.org,El enviado,4,2024-12-14,Voluptas aut quae laudantium totam.
madridcarlota@example.org,Descenso,2,2023-11-22,Sunt hic quasi illum at reprehenderit deleniti.
madridcarlota@example.org,Evasion total,3,2024-11-02,Occaecati dignissimos architecto error repellendus eaque amet.
amadorreynoso@example.net,Furia imparable,5,2024-04-30,Illum autem amet atque ex.
amadorreynoso@example.net,El mundo al reves,5,2023-12-03,Quae eius hic.
amadorreynoso@example.net,El observador,1,2025-09-08,Pariatur veniam temporibus iste.
amadorreynoso@example.net,La sombra del futuro,5,2023-08-16,Minima sapiente dolorem eveniet sunt exercitationem.
amadorreynoso@example.net,La pesadilla,4,2026-01-29,Sit quibusdam neque accusantium.
amadorreynoso@example.net,Insurreccion,2,2024-12-31,Nobis voluptate culpa maiores nisi quo.
galvanjaqueline@example.net,Sin salida,3,2023-06-22,Officiis deserunt voluptatem mollitia.
galvanjaqueline@example.net,El legado,4,2024-01-04,Architecto pariatur blanditiis ad.
galvanjaqueline@example.net,La señal perdida,5,2024-02-07,Nemo distinctio aliquid exercitationem.
galvanjaqueline@example.net,La fuerza interior,2,2026-02-18,Illum aut mollitia odio enim.
galvanjaqueline@example.net,El espejo oscuro,2,2025-07-31,Natus temporibus maxime nihil ullam tenetur.
galvanjaqueline@example.net,El infiltrado,3,2024-05-06,Quis explicabo architecto officia molestias.
galvanjaqueline@example.net,El ultimo recurso,4,2024-05-16,Earum debitis eius debitis alias.
ialfaro@example.net,Sin piedad,2,2025-04-26,Praesentium error amet numquam velit laudantium.
ialfaro@example.net,Sin tregua,4,2023-09-10,Officia dolorum suscipit at velit.
ialfaro@example.net,Voces en la oscuridad,3,2025-06-14,Ratione nulla facere vitae pariatur eius asperiores.
ialfaro@example.net,La ultima oportunidad,4,2024-01-11,Numquam repudiandae autem quaerat ex ab.
ialfaro@example.net,La conexion,5,2026-02-02,Eos ut recusandae placeat deserunt quasi eaque.
ialfaro@example.net,Sin retorno,4,2026-02-05,Ad suscipit accusamus quis ut.
ialfaro@example.net,El testamento,4,2025-11-26,Asperiores neque ipsa alias nesciunt.
ialfaro@example.net,El silencio roto,3,2023-08-10,Expedita eum eveniet quas cupiditate molestias.
ialfaro@example.net,La venganza,2,2024-05-21,Eligendi nobis itaque iusto magni iste optio.
ialfaro@example.net,El ladrón de sueños,3,2023-06-19,Repellat iste reiciendis reiciendis.
ialfaro@example.net,Tiempo prestado,1,2023-07-22,Explicabo necessitatibus quas cumque tempore.
ialfaro@example.net,El precio de la verdad,2,2024-10-20,Voluptate molestiae nam quibusdam voluptatibus.
ialfaro@example.net,El espejo oscuro,3,2026-01-29,Error magni dolor corrupti quae.
ialfaro@example.net,Mas fuerte que el destino,2,2024-03-30,Nesciunt voluptatibus aut delectus harum.
ialfaro@example.net,El ultimo dia,3,2023-09-15,Aliquid autem inventore expedita quisquam adipisci eveniet.
robledoirma@example.net,El ultimo acto,2,2024-06-19,Mollitia voluptatem error vero unde optio.
robledoirma@example.net,El poder oculto,2,2025-07-20,Ipsum aperiam iure in ullam voluptatum.
robledoirma@example.net,La zona roja,3,2023-11-16,Voluptas corporis ab quibusdam ea illum enim.
robledoirma@example.net,El guardian,3,2023-08-04,Ab placeat repellat architecto qui quis ab.
robledoirma@example.net,El ultimo comando,5,2024-03-31,Reiciendis id quidem alias quas est delectus.
robledoirma@example.net,Sin escape,5,2023-07-16,Animi illo ipsam qui repellat harum praesentium impedit.
robledoirma@example.net,Sin identidad,5,2024-06-14,Sunt neque in nulla fugiat inventore.
robledoirma@example.net,Sin cuartel,5,2026-04-05,Odit quia perspiciatis.
robledoirma@example.net,Sin tregua,5,2024-04-08,Porro suscipit doloremque sit illo.
robledoirma@example.net,La profecia,1,2024-03-16,Nulla ad tempora architecto molestias qui perspiciatis.
robledoirma@example.net,La maldicion,2,2025-09-21,Quas temporibus optio odio cumque blanditiis.
robledoirma@example.net,El espejo roto,3,2025-09-18,Delectus rerum at hic.
robledoirma@example.net,Bajo cero,3,2026-02-23,Fugiat soluta distinctio recusandae delectus earum architecto.
robledoirma@example.net,La herencia maldita,5,2023-07-24,Totam natus eligendi.
robledoirma@example.net,La verdad prohibida,5,2023-05-12,Repellat sit et maxime repellat deleniti ut.
eugenio67@example.net,El cazador solitario,2,2024-03-25,Aut iste similique quo eius.
eugenio67@example.net,La trampa final,5,2024-11-20,Ratione iusto corrupti sunt quae hic maxime.
eugenio67@example.net,Punto de no retorno,3,2025-08-10,Excepturi voluptatem adipisci occaecati.
eugenio67@example.net,El observador,3,2024-12-22,Incidunt itaque tempore debitis.
eugenio67@example.net,La guerra fria,1,2023-09-14,Aut quisquam necessitatibus necessitatibus.
eugenio67@example.net,Colision,5,2023-11-17,Quasi quasi id doloribus deleniti fugit odit.
eugenio67@example.net,Instinto,1,2024-08-09,Labore temporibus ipsum vero voluptas nam aspernatur iure.
eugenio67@example.net,El maestro del engano,5,2024-10-18,Odit neque quo deleniti.
eugenio67@example.net,La voz del silencio,5,2023-10-20,Debitis dolorem natus nobis deleniti nobis.
eugenio67@example.net,El monstruo interior,4,2023-07-08,Atque pariatur aperiam.
eugenio67@example.net,Sin tregua,2,2025-12-06,Modi iure odio eaque rem.
eugenio67@example.net,Sombra y luz,1,2026-03-16,Dicta excepturi beatae officia.
eugenio67@example.net,La señal perdida,2,2024-08-04,Similique quos impedit amet debitis.
eugenio67@example.net,El doble juego,4,2023-05-16,Rem tempore culpa dolores mollitia consequatur.
eugenio67@example.net,El error fatal,4,2024-04-03,Adipisci cumque ipsum ab adipisci.
alonso04@example.org,La ultima batalla,4,2023-08-09,Iure consequuntur vitae voluptas fugit quisquam laboriosam.
alonso04@example.org,Fractura,4,2025-03-08,Cum eius cumque eos.
alonso04@example.org,La caja de pandora,5,2025-01-22,Nostrum quam vel sed quia saepe.
alonso04@example.org,El ultimo acto,2,2024-04-15,Nam dolorum omnis.
alonso04@example.org,El juego mortal,1,2025-05-03,Dignissimos autem odio quo id.
alonso04@example.org,La red de mentiras,5,2024-10-30,Voluptatibus explicabo corrupti quas repudiandae.
alonso04@example.org,El umbral,5,2025-07-29,Voluptatibus at aut fugit mollitia totam neque.
alonso04@example.org,El testamento,2,2025-02-28,Veniam aliquid et minima libero.
alonso04@example.org,El precio del poder,1,2026-01-28,Omnis error repellat perspiciatis.
alonso04@example.org,Golpe mortal,3,2023-07-29,Corporis ea ducimus.
alonso04@example.org,La noche infinita,3,2023-06-12,Veniam officia laudantium ut.
alonso04@example.org,La clave perdida,2,2023-05-26,Corrupti id corrupti eaque.
xarguello@example.net,Origen,5,2023-07-12,Dolorem excepturi optio esse nulla harum saepe laudantium.
xarguello@example.net,El eco del pasado,5,2024-09-12,Eaque culpa molestias unde minus fuga dolorum.
xarguello@example.net,La ultima oportunidad,1,2023-09-09,Cupiditate ullam neque.
xarguello@example.net,El ultimo heroe,1,2024-12-22,Delectus aspernatur recusandae iusto.
xarguello@example.net,El codigo olvidado,2,2026-01-28,Quas iure enim eveniet debitis molestias.
xarguello@example.net,Doble identidad,4,2026-01-27,Magnam nesciunt harum.
xarguello@example.net,El guardian eterno,5,2024-12-02,Reprehenderit ex omnis dolor quo.
xarguello@example.net,Zona de guerra,3,2026-01-02,Porro explicabo quia saepe.
xarguello@example.net,Colapso,2,2023-11-17,Ab nemo ut sint expedita.
xarguello@example.net,Insurreccion,2,2026-01-30,Totam qui enim eum voluptas minima libero praesentium.
xarguello@example.net,Cero absoluto,1,2024-08-26,Temporibus consequuntur ut nostrum dolores.
xarguello@example.net,El juego mortal,5,2024-02-01,Autem iusto qui magnam tempore.
xarguello@example.net,La noche infinita,3,2026-04-08,Totam cumque modi nesciunt.
trinidad80@example.com,El enviado,3,2023-11-11,Quaerat esse quas quasi quos corporis dolore mollitia.
trinidad80@example.com,Zona de guerra,3,2023-06-24,Incidunt esse facilis consequuntur.
trinidad80@example.com,Fuga imposible,5,2024-04-17,Illum ducimus libero optio culpa.
trinidad80@example.com,Derrumbe,4,2025-04-05,Harum pariatur suscipit error.
trinidad80@example.com,La señal,3,2024-11-20,Architecto ipsa deleniti quas id tempore.
trinidad80@example.com,El prisionero,5,2023-07-30,Nam totam quos sed saepe aut.
trinidad80@example.com,El tercer ojo,2,2025-09-19,Quasi quas officiis laboriosam consequuntur ea iste ullam.
trinidad80@example.com,Conexion fatal,4,2025-05-08,Esse est numquam temporibus quasi totam ea.
trinidad80@example.com,Detonacion,3,2024-01-12,Saepe voluptatum dolor.
trinidad80@example.com,Doble identidad,1,2025-08-22,Laboriosam sapiente tenetur assumenda.
guadalupe79@example.org,Sin identidad conocida,2,2025-07-10,Sequi tempora iste at ea minus corrupti.
guadalupe79@example.org,El espejo roto,2,2023-10-08,Sint molestiae velit perspiciatis earum.
guadalupe79@example.org,La maldicion,4,2025-10-24,Eaque atque temporibus incidunt labore.
guadalupe79@example.org,La oscuridad eterna,5,2024-07-17,Hic nihil ducimus deserunt illo.
guadalupe79@example.org,La ultima esperanza,3,2023-07-09,Delectus nostrum similique maiores.
guadalupe79@example.org,Doble identidad,5,2024-01-06,Officia vitae expedita nemo.
guadalupe79@example.org,La red,1,2025-02-23,In quos consectetur minima occaecati magnam nam.
guadalupe79@example.org,Sin tregua,2,2026-04-06,Earum occaecati temporibus.
guadalupe79@example.org,Sin rastro,2,2024-06-26,Alias sint nemo aut.
rosarioraul@example.com,Punto critico,2,2024-11-23,Voluptate quisquam voluptatum eos.
rosarioraul@example.com,Sin salida,4,2024-03-15,Repellat itaque rem exercitationem.
rosarioraul@example.com,El espejo roto,3,2024-12-08,Quos quidem quas.
rosarioraul@example.com,La fuerza interior,5,2025-07-10,Veniam aliquam eligendi architecto.
rosarioraul@example.com,La sombra del pasado,5,2023-08-06,Corrupti enim deleniti esse.
rosarioraul@example.com,La alianza,5,2024-03-28,Dolorum voluptatibus sit laborum.
rosarioraul@example.com,El ultimo recurso,2,2025-01-27,Consequatur ex deserunt.
rosarioraul@example.com,La segunda oportunidad,4,2024-07-17,Voluptatum blanditiis illum.
rosarioraul@example.com,El ultimo grito,3,2025-05-24,Optio rerum provident ab.
olivoserafin@example.com,La rueda del destino,5,2025-01-06,Soluta velit molestias maiores consectetur.
olivoserafin@example.com,Sin limite,5,2026-01-24,Quas temporibus expedita delectus maiores nesciunt.
olivoserafin@example.com,El codigo negro,3,2025-10-18,Fuga ad neque.
olivoserafin@example.com,La señal,4,2023-10-13,Ipsam voluptate nulla veniam reprehenderit alias.
olivoserafin@example.com,Sin piedad ni gloria,3,2023-09-23,Provident assumenda magnam necessitatibus doloribus ab.
olivoserafin@example.com,Fractura,3,2025-04-17,Accusamus culpa nulla excepturi eaque nobis recusandae nam.
olivoserafin@example.com,El guerrero,5,2024-12-16,Perspiciatis natus repellat dolor molestiae est.
olivoserafin@example.com,Furia imparable,1,2025-07-26,Delectus deleniti fuga cupiditate aperiam autem qui.
olivoserafin@example.com,Golpe mortal,5,2024-08-30,Quasi doloremque provident maiores neque magnam ratione.
olivoserafin@example.com,La trampa,3,2023-06-16,Natus laudantium non amet iusto quas.
olivoserafin@example.com,La amenaza silenciosa,3,2025-05-30,Labore sapiente qui reprehenderit rem eveniet sapiente.
roberto52@example.net,El regreso del mal,2,2024-09-10,Explicabo quae aut adipisci.
roberto52@example.net,El ultimo dia,4,2025-12-25,Inventore numquam consequuntur neque aperiam maiores.
roberto52@example.net,La oscuridad eterna,1,2026-04-09,Nemo rem accusamus occaecati rem.
roberto52@example.net,La herida abierta,4,2025-10-05,Laboriosam sit sunt quasi modi officia.
roberto52@example.net,Renacimiento,2,2024-06-07,Quidem molestiae aspernatur vitae reprehenderit.
roberto52@example.net,Detonacion,4,2024-01-30,Nemo quia id non.
roberto52@example.net,La persecucion,1,2023-10-13,Magnam itaque eius suscipit rerum.
roberto52@example.net,Impacto final,5,2024-11-15,Dolorum ipsum earum culpa nesciunt.
roberto52@example.net,La guerra fria,5,2026-03-13,Officia facere rem magnam laborum quia harum dolorem.
roberto52@example.net,El cazador de almas,3,2023-06-17,Cupiditate sequi ipsa officiis delectus voluptates.
roberto52@example.net,El cazador solitario,3,2023-11-20,Omnis assumenda consectetur magni voluptas reprehenderit in quam.
roberto52@example.net,La tela de araña,5,2023-04-22,Quia temporibus porro esse tempore sint.
roberto52@example.net,Zona de guerra,1,2024-07-17,Quaerat repudiandae dolores repellendus eligendi.
roberto52@example.net,El punto final,5,2024-01-15,Possimus vel voluptate perspiciatis aut sunt cum necessitatibus.
fidel98@example.net,La red,4,2023-05-01,Laudantium tempore quis non asperiores libero quaerat laudantium.
fidel98@example.net,Furia imparable,2,2023-07-24,Rem nostrum occaecati sed quod perferendis.
fidel98@example.net,La noche de los lobos,3,2024-04-13,Veniam ab ipsam debitis.
fidel98@example.net,La conexion,1,2024-11-30,Repellendus reprehenderit dicta quam nobis.
fidel98@example.net,La tela de araña,4,2024-07-10,Natus numquam impedit aspernatur sunt ducimus.
fidel98@example.net,La frontera,1,2025-11-18,Neque id unde molestias mollitia voluptatem.
fidel98@example.net,La fuerza del destino,2,2023-06-01,Libero eius reprehenderit illo fugiat unde.
fidel98@example.net,Fuga imposible,3,2024-10-24,Sunt nemo porro voluptas distinctio alias consequuntur.
fidel98@example.net,Codigo rojo,5,2023-09-05,Quo maxime earum dolor hic mollitia quibusdam.
fidel98@example.net,La señal,4,2025-11-25,Vero laudantium consectetur.
fidel98@example.net,El ultimo acto,1,2025-07-24,Placeat beatae iste recusandae amet doloremque rem a.
fidel98@example.net,El ladrón de sueños,4,2023-05-25,Aliquid ea eaque iure deserunt.
lorenavergara@example.com,El guardian eterno,2,2023-09-04,Quisquam ab cumque ut illo.
lorenavergara@example.com,El regreso,3,2023-05-24,Voluptate id temporibus nulla voluptatum animi.
lorenavergara@example.com,El ladrón de sueños,2,2025-06-04,Harum magnam vel perspiciatis.
lorenavergara@example.com,La ultima frontera,2,2025-11-22,Libero sint itaque mollitia officia facere enim.
lorenavergara@example.com,Luz y oscuridad,3,2025-08-06,Voluptatibus numquam nam ratione numquam hic.
lorenavergara@example.com,El despertar,4,2025-07-05,Minus non eum ratione dicta.
esmeraldamatos@example.org,La noche sin fin,2,2025-04-07,Perferendis dolore ut soluta cupiditate maiores.
esmeraldamatos@example.org,El legado,3,2024-06-16,Fuga iste exercitationem illo quidem.
esmeraldamatos@example.org,Descenso,2,2023-11-28,Impedit fugit ut magnam sed est.
esmeraldamatos@example.org,El horizonte perdido,1,2026-02-28,Fugiat corrupti qui nemo reiciendis voluptate ad.
esmeraldamatos@example.org,Sin piedad ni gloria,3,2024-01-27,Debitis qui impedit error cum facilis.
esmeraldamatos@example.org,Combustion,3,2023-10-08,Odit dolorem in veniam sequi rem nulla.
esmeraldamatos@example.org,La amenaza,4,2025-02-21,Possimus harum nulla voluptates accusamus et quo quas.
esmeraldamatos@example.org,Sombra y luz,2,2024-01-26,Velit sequi laborum veniam officiis aut quisquam.
claudioescalante@example.org,El infiltrado,2,2023-09-01,Earum neque exercitationem non.
claudioescalante@example.org,La sombra del futuro,5,2025-02-25,Sapiente quam praesentium quam minus amet.
claudioescalante@example.org,Tierra de nadie,1,2026-01-24,Maxime velit eos eius voluptatem ut.
claudioescalante@example.org,Furia imparable,2,2024-05-13,Tenetur quisquam laboriosam amet.
claudioescalante@example.org,Colision,4,2024-02-05,Quia odio quaerat dolorem harum possimus numquam.
claudioescalante@example.org,El espiritu guerrero,3,2025-06-14,Nesciunt dolor iusto reiciendis.
claudioescalante@example.org,Fractura,4,2024-09-14,Vitae assumenda sunt odit.
claudioescalante@example.org,La trampa final,2,2024-06-07,Cum labore atque non facere quod.
claudioescalante@example.org,Sin memoria,1,2025-11-15,Voluptas aliquid est.
claudioescalante@example.org,Punto de no retorno,4,2023-10-20,Architecto ducimus quam ratione omnis.
claudioescalante@example.org,Mas alla del bien,3,2024-03-14,Error labore ad.
claudioescalante@example.org,El umbral,2,2025-09-25,Occaecati repellendus eius distinctio vitae.
claudioescalante@example.org,Impacto final,2,2025-12-07,Fugit rerum veniam atque ipsa similique.
cesar71@example.com,El ultimo paso,4,2024-07-24,Cum esse sunt hic quis ab.
cesar71@example.com,La mente oscura,4,2025-08-14,Eum reiciendis placeat neque voluptatibus.
cesar71@example.com,La trampa,4,2024-07-04,Illum qui illum quae.
cesar71@example.com,La redencion,5,2024-02-04,Accusantium facere ex quod officiis.
cesar71@example.com,Tiempo prestado,3,2025-11-05,Eligendi sunt tempora sed tempore ab officiis.
cesar71@example.com,Sin piedad ni gloria,1,2023-06-27,Provident laborum saepe dicta iste nulla ipsa.
cesar71@example.com,La decision,2,2024-11-04,Laudantium dolorum et possimus quasi dolorum blanditiis.
cesar71@example.com,Zona de peligro,5,2025-01-21,Sapiente doloremque sint ipsam omnis.
cesar71@example.com,El precio del poder,2,2024-04-07,Incidunt accusamus harum laboriosam earum qui incidunt.
bernardocuriel@example.org,El testamento,3,2023-09-19,Veniam at blanditiis architecto tempore nihil.
bernardocuriel@example.org,El abismo oscuro,3,2023-05-15,Earum asperiores earum minima maxime.
bernardocuriel@example.org,El eco del pasado,4,2025-01-13,Quia cupiditate voluptatum qui facilis sapiente ipsa.
bernardocuriel@example.org,La isla perdida,5,2025-07-24,Harum earum magni voluptatem nobis fugiat.
bernardocuriel@example.org,Sin limite,1,2024-04-04,Deserunt necessitatibus numquam dolorem modi pariatur.
bernardocuriel@example.org,El regreso,4,2025-08-14,Saepe ipsam adipisci fuga nobis voluptates.
bernardocuriel@example.org,La voz del silencio,2,2025-04-15,Accusamus maiores dolor explicabo accusamus architecto.
bernardocuriel@example.org,Zona prohibida,2,2024-08-21,Dignissimos ut ducimus accusamus minus.
bernardocuriel@example.org,El guerrero,5,2024-03-10,Inventore tenetur quaerat.
bernardocuriel@example.org,La herida abierta,5,2026-01-10,Ducimus sunt assumenda suscipit blanditiis autem expedita.
bernardocuriel@example.org,Renacimiento,1,2025-07-22,Nisi dignissimos modi dolorum modi impedit.
reinagarrido@example.net,El codigo negro,3,2025-12-13,Explicabo corrupti corporis iusto distinctio.
reinagarrido@example.net,Fuera de control,4,2024-12-11,Temporibus voluptates perferendis voluptatibus rerum facere.
reinagarrido@example.net,La red de mentiras,2,2025-06-21,Voluptate iure magni perspiciatis iusto et assumenda.
reinagarrido@example.net,La verdad oculta,3,2025-04-12,Recusandae itaque accusamus temporibus maiores repellendus.
reinagarrido@example.net,La isla perdida,2,2026-01-21,Voluptatem deserunt qui eaque asperiores.
reinagarrido@example.net,Explosion,4,2023-06-26,Non exercitationem atque illo ipsa.
reinagarrido@example.net,El abismo oscuro,4,2023-06-12,Asperiores at minus quae nihil.
calfaro@example.net,El observador,1,2026-03-16,Ipsa repellat sapiente at.
calfaro@example.net,El codigo olvidado,2,2025-12-19,Harum iste recusandae dolore.
calfaro@example.net,El vigilante,5,2025-12-09,Reiciendis officiis corporis est quisquam reprehenderit.
calfaro@example.net,Sueños rotos,1,2024-06-01,Quam cumque vitae unde.
calfaro@example.net,La tela de araña,1,2024-05-04,Ullam excepturi a nam.
calfaro@example.net,Descenso,2,2024-03-30,Natus quia adipisci cupiditate libero.
calfaro@example.net,El tiempo se acaba,2,2024-12-12,Sint at nemo.
calfaro@example.net,El testamento,4,2024-05-18,Tenetur assumenda illo quod officia cupiditate saepe.
calfaro@example.net,La guerra fria,2,2023-11-26,Odio dolorem aspernatur iure tenetur architecto.
calfaro@example.net,Tiempo prestado,5,2026-02-16,Blanditiis id magni cum aliquid magni consectetur.
calfaro@example.net,La venganza perfecta,1,2025-11-27,Cupiditate excepturi eaque quidem necessitatibus esse.
calfaro@example.net,El oraculo,3,2023-05-01,Dignissimos voluptatem explicabo delectus cum minus.
calfaro@example.net,La marca del diablo,3,2023-07-27,Dignissimos corporis illo.
karinaraya@example.com,Doble identidad,1,2023-05-01,Architecto consequuntur sunt enim.
karinaraya@example.com,La trampa final,5,2023-07-04,Labore consequuntur minima et enim inventore optio.
karinaraya@example.com,La fuerza del mal,3,2025-07-17,Officia eveniet a.
karinaraya@example.com,El ultimo grito,2,2023-08-16,Est necessitatibus iusto non.
karinaraya@example.com,El mensajero,3,2025-07-06,Nisi temporibus sint ratione itaque quia ea.
karinaraya@example.com,El punto final,1,2023-12-03,Omnis nam alias unde voluptas sequi necessitatibus.
karinaraya@example.com,La voz del silencio,4,2023-06-07,Soluta excepturi ipsum praesentium.
karinaraya@example.com,Derrumbe,2,2023-09-09,Voluptatum asperiores pariatur error.
karinaraya@example.com,La redencion,3,2023-04-20,Maiores fugiat quos deleniti qui recusandae.
karinaraya@example.com,El error fatal,4,2025-05-22,Consectetur incidunt maxime error porro asperiores dignissimos.
karinaraya@example.com,El ultimo susurro,3,2024-08-19,Eos excepturi at dolor odit sed temporibus.
karinaraya@example.com,Evasion total,2,2023-07-18,Culpa labore similique repudiandae.
karinaraya@example.com,El ultimo paso,3,2024-05-19,Molestiae sequi ullam.
karinaraya@example.com,La zona roja,2,2026-03-20,Nam eveniet molestias vitae assumenda quod accusantium.
lucasabrego@example.com,El espejo oscuro,5,2023-08-16,Veniam amet blanditiis omnis velit.
lucasabrego@example.com,La señal perdida,3,2024-12-15,Quidem omnis natus enim voluptate quam aperiam.
lucasabrego@example.com,Sin tregua,3,2023-05-26,Cum unde non libero dolorum dolore.
lucasabrego@example.com,El punto de quiebre,2,2026-04-18,Voluptas a quaerat id eligendi sit odit.
lucasabrego@example.com,Impacto,1,2024-07-28,Fuga ex blanditiis fugit tempora voluptate.
lucasabrego@example.com,El camino perdido,5,2023-05-01,Sunt maiores nam nemo quibusdam incidunt eum.
lucasabrego@example.com,La zona gris,2,2025-05-08,Beatae velit quos earum rem eaque.
armandodelgadillo@example.com,El silencio roto,2,2024-02-06,Adipisci maxime minima fugiat blanditiis suscipit reiciendis ratione.
armandodelgadillo@example.com,Furia imparable,5,2025-12-31,Soluta fugit voluptas amet autem nulla.
armandodelgadillo@example.com,El poder oculto,4,2023-05-01,Incidunt maiores incidunt enim in.
svalenzuela@example.org,Sin tregua,5,2024-12-13,Molestiae inventore ipsa sapiente nulla aperiam.
svalenzuela@example.org,Mas fuerte que el destino,3,2024-08-13,Dicta quisquam sapiente eveniet architecto accusamus reiciendis.
svalenzuela@example.org,Furia imparable,4,2023-06-24,Exercitationem explicabo magnam quas totam debitis.
svalenzuela@example.org,Instinto,5,2024-11-05,Nisi enim laboriosam exercitationem.
svalenzuela@example.org,El ultimo dia,5,2024-10-13,Amet eaque aliquam eos expedita earum totam.
svalenzuela@example.org,El guerrero,3,2025-11-01,Sint tenetur earum vero.
svalenzuela@example.org,Sombra y luz,5,2024-02-24,Alias rerum suscipit harum praesentium nihil doloribus.
svalenzuela@example.org,El maestro del engano,4,2024-12-17,Tempore laboriosam ullam veniam architecto dolorem.
svalenzuela@example.org,El codigo negro,3,2025-03-27,Est perspiciatis amet accusamus molestias deleniti.
svalenzuela@example.org,Implosion,2,2025-12-17,Quo labore perferendis dolorem nulla molestiae.
svalenzuela@example.org,Sin memoria,2,2025-05-20,Recusandae voluptates dicta alias doloribus beatae voluptas quidem.
svalenzuela@example.org,La gran aventura,3,2024-12-26,Officia qui eos nemo animi.
svalenzuela@example.org,El ultimo susurro,1,2024-12-16,Molestiae excepturi et quasi possimus ratione minus.
svalenzuela@example.org,El silencio roto,5,2023-11-15,Sint necessitatibus eius maxime.
lozadaserafin@example.org,Sin nombre,1,2024-08-07,Maiores sequi excepturi quia nihil quis.
lozadaserafin@example.org,La maquina del tiempo,5,2025-09-29,Recusandae id ut tempore atque.
lozadaserafin@example.org,Golpe mortal,3,2023-05-24,Temporibus velit quibusdam eius recusandae dicta ea.
lozadaserafin@example.org,La venganza perfecta,1,2025-02-13,Atque ullam consequatur architecto dicta illo vero.
lozadaserafin@example.org,Mas fuerte que el destino,3,2025-08-18,Dolorem recusandae modi nisi dolore suscipit perspiciatis.
lozadaserafin@example.org,El ultimo susurro,1,2023-09-15,Inventore autem cupiditate suscipit maiores.
lozadaserafin@example.org,Sombra y luz,2,2024-09-16,Accusantium saepe non dolorem.
lozadaserafin@example.org,El elegido,2,2025-04-26,Esse accusamus cupiditate.
lozadaserafin@example.org,La voz del silencio,1,2024-02-25,Pariatur voluptate occaecati tempora error tempora.
lozadaserafin@example.org,La ultima frontera,4,2026-03-18,Eaque repellendus accusantium.
xnegrete@example.net,La amenaza,4,2024-08-03,Tenetur similique nostrum repudiandae sunt consequuntur voluptatibus itaque.
xnegrete@example.net,Oscuridad total,2,2023-10-18,Minus corporis eligendi.
xnegrete@example.net,Caos total,3,2024-09-11,Aliquam ipsum dicta ad beatae et.
xnegrete@example.net,El legado,2,2025-09-04,Recusandae qui vitae ex.
xnegrete@example.net,Combustion,2,2024-08-03,Quibusdam sed hic a quia.
xnegrete@example.net,La sombra del pasado,2,2023-11-03,Ratione in excepturi omnis soluta.
xnegrete@example.net,El cazador,2,2025-05-10,Optio eligendi quibusdam optio cupiditate similique repudiandae velit.
xnegrete@example.net,Colision,1,2024-10-18,Neque ex mollitia expedita aut amet.
xnegrete@example.net,El ultimo comando,3,2024-08-19,Ab adipisci commodi minima.
xnegrete@example.net,El monstruo interior,5,2024-01-13,Aut suscipit voluptas error sit qui non.
xnegrete@example.net,El oraculo,3,2025-01-14,Itaque quidem omnis minus aliquid sed.
xnegrete@example.net,Torbellino,5,2023-10-03,Cumque similique tempora fuga fuga iusto voluptatum.
xnegrete@example.net,El tercer ojo,2,2025-07-20,Est minus modi excepturi repellat aspernatur.
uherrera@example.net,La sombra del pasado,3,2024-07-30,Est voluptatum incidunt vel occaecati corrupti.
uherrera@example.net,El ultimo recurso,2,2024-10-19,Vel nihil repellendus.
uherrera@example.net,La red de mentiras,2,2024-02-01,Iste doloremque voluptatibus quia nostrum.
arandacaridad@example.org,Sin retorno,4,2023-04-20,Ex eligendi dolorum amet dolorum minus sunt.
arandacaridad@example.org,Sangre fria,3,2023-07-31,Dolorum illo voluptas molestiae.
arandacaridad@example.org,La guerra fria,1,2025-06-23,Ea ad dolorem dolorum.
arandacaridad@example.org,La maquina del tiempo,3,2023-06-26,Possimus soluta maxime tempore ea repellat tenetur dignissimos.
arandacaridad@example.org,Torbellino,1,2023-07-12,Autem at dolore incidunt accusamus ea exercitationem deserunt.
arandacaridad@example.org,El ultimo recurso,1,2025-09-21,Adipisci nesciunt dolorum rem dolore.
arandacaridad@example.org,La voz del silencio,4,2025-03-08,Ullam repellat laborum quae dignissimos praesentium omnis.
arandacaridad@example.org,El ultimo susurro,4,2025-09-04,Earum deleniti voluptatum officiis explicabo suscipit accusamus praesentium.
mariano28@example.com,El ladrón de sueños,3,2025-03-05,Praesentium recusandae et beatae provident non unde maiores.
mariano28@example.com,Zona prohibida,3,2025-03-31,Provident corporis sunt.
mariano28@example.com,Fragmentos,2,2025-06-26,Eaque dicta delectus aliquam repellendus consequuntur.
mariano28@example.com,Territorio enemigo,1,2025-03-26,Ipsum tenetur nostrum quas reiciendis.
mariano28@example.com,Sueños rotos,2,2023-12-08,Laudantium suscipit ipsum ipsa repellat quo.
mariano28@example.com,Fuera de control,1,2024-12-05,Neque itaque deserunt eaque labore.
mariano28@example.com,La promesa rota,2,2023-11-24,Dolorum asperiores voluptate consequuntur.
gonzalezamalia@example.org,El ultimo viaje,1,2023-05-10,Ex incidunt vel corporis beatae ut.
gonzalezamalia@example.org,El espejo roto,5,2025-01-01,Repudiandae reprehenderit autem odit molestiae facilis.
gonzalezamalia@example.org,Sin limite,1,2024-10-05,Ullam labore voluptates corporis inventore asperiores harum ipsa.
gonzalezamalia@example.org,La cadena rota,3,2025-03-23,Modi quidem rem deleniti dolorum nesciunt quae asperiores.
gonzalezamalia@example.org,La alianza,3,2025-10-19,Reiciendis beatae maxime.
gonzalezamalia@example.org,La fuerza del destino,1,2025-10-29,Tempora nesciunt numquam placeat quibusdam aspernatur facilis.
gonzalezamalia@example.org,La ultima oportunidad,3,2024-08-14,Beatae quod dolore quisquam aliquam saepe.
gonzalezamalia@example.org,La verdad oculta,4,2024-08-26,Placeat provident odit animi.
gonzalezamalia@example.org,La amenaza silenciosa,1,2023-11-16,Provident maiores similique ipsum.
gonzalezamalia@example.org,La rueda del destino,2,2025-11-08,Voluptatibus esse labore repellendus aspernatur ipsam facere.
isabela95@example.org,La promesa rota,4,2024-05-22,Nam fuga mollitia.
isabela95@example.org,En el limite,4,2026-02-27,Nemo autem tenetur consequuntur.
isabela95@example.org,Codigo rojo,2,2025-03-19,Illum beatae voluptate corrupti nobis.
isabela95@example.org,La fuerza del destino,4,2023-05-24,Quos dolores molestias nemo corporis quasi.
isabela95@example.org,La noche de los lobos,5,2024-07-26,Vel impedit labore voluptatum consequatur saepe fugit unde.
isabela95@example.org,La mente oscura,2,2023-07-08,Natus unde tempora ipsam sint dolores dolorem.
isabela95@example.org,La bestia,1,2024-10-27,Sit velit voluptatibus sapiente eos.
esparzajaime@example.net,Sombras del pasado,2,2023-08-17,Excepturi explicabo optio.
esparzajaime@example.net,Caos total,2,2025-12-31,Accusamus atque esse magnam quod.
esparzajaime@example.net,Fractura,2,2025-12-24,Fugiat dolorum unde reprehenderit.
esparzajaime@example.net,El enviado,1,2024-06-23,Adipisci rerum ipsam.
esparzajaime@example.net,El mensajero,5,2025-07-10,Debitis aspernatur consequatur quos occaecati.
esparzajaime@example.net,El precio del poder,5,2023-06-30,Cum nesciunt nulla deserunt veniam omnis.
pvaca@example.net,El legado,1,2025-10-22,Odio recusandae totam repellendus.
pvaca@example.net,El juego mortal,1,2024-12-26,Aspernatur eos vero ad rerum unde.
pvaca@example.net,El precio del poder,2,2024-04-06,Itaque est hic impedit aliquid qui.
pvaca@example.net,El tiempo se acaba,5,2024-04-29,Nobis debitis quam.
pvaca@example.net,El error fatal,3,2025-11-25,Tempore corporis numquam reprehenderit soluta aspernatur.
pvaca@example.net,La venganza perfecta,1,2024-09-02,Tenetur mollitia totam perferendis nulla.
pvaca@example.net,El guerrero,3,2025-07-24,Nobis ipsam reprehenderit enim.
pvaca@example.net,El precio de la verdad,1,2025-09-28,Repudiandae sint esse magnam quisquam autem.
pvaca@example.net,La persecucion,2,2023-12-22,Velit debitis tenetur tempore.
uortega@example.org,Furia imparable,3,2023-09-30,Odio natus ducimus nostrum illo.
uortega@example.org,El infierno verde,3,2025-03-08,Accusamus quisquam voluptatum eligendi delectus unde praesentium.
uortega@example.org,La pesadilla,1,2024-12-15,Corrupti quisquam quo corrupti eligendi eum veniam odit.
uortega@example.org,La maquina del tiempo,1,2024-07-29,Nulla consectetur velit fuga.
uortega@example.org,Combustion,5,2023-09-30,Nisi dolorum unde nihil explicabo at nam laboriosam.
uortega@example.org,El monstruo interior,1,2025-06-25,Esse eius eaque natus voluptates autem itaque.
uortega@example.org,La conexion,4,2026-04-06,At nisi iure deserunt error sed id.
badillopatricia@example.com,La señal,5,2025-12-10,Quas iure aspernatur vel dicta velit temporibus sapiente.
badillopatricia@example.com,Fuera de control,3,2026-04-14,Eum ipsa reprehenderit ipsum.
badillopatricia@example.com,El mundo al reves,1,2023-08-24,Quae quisquam deserunt.
badillopatricia@example.com,El maestro del engano,3,2023-06-09,Sed vitae accusantium saepe nostrum atque perspiciatis saepe.
badillopatricia@example.com,La redencion,4,2024-02-28,Nesciunt atque voluptatum similique maxime voluptatibus quos.
badillopatricia@example.com,Sin retorno,4,2024-05-22,Consequatur praesentium veritatis quae commodi ratione error.
badillopatricia@example.com,Fractura,4,2024-09-30,Rerum iusto dolore error quod adipisci perferendis recusandae.
badillopatricia@example.com,Luz y oscuridad,5,2026-04-10,Dolore ad quidem.
badillopatricia@example.com,La señal perdida,5,2023-10-08,Veritatis aut quisquam deserunt veniam.
badillopatricia@example.com,Entre dos mundos,2,2023-11-03,Unde alias similique aliquid harum animi perspiciatis.
badillopatricia@example.com,La oscuridad eterna,3,2026-03-12,Tenetur accusamus quos natus.
badillopatricia@example.com,La oscuridad interior,1,2025-02-22,Officia labore modi facilis aperiam est quia pariatur.
badillopatricia@example.com,El elegido,3,2023-07-28,Voluptates corrupti laboriosam odio.
badillopatricia@example.com,La rueda del destino,4,2025-03-30,Corrupti doloribus quaerat.
badillopatricia@example.com,El guardian,2,2024-01-24,Cumque distinctio alias laudantium sed.
enieves@example.com,Sin tregua,4,2023-12-23,Vel deleniti accusamus dolore eos magni.
enieves@example.com,El eco del pasado,5,2025-09-24,Culpa ratione totam nisi voluptatem quasi quo ipsam.
enieves@example.com,Torbellino,5,2023-05-24,Similique aut quisquam autem vitae.
enieves@example.com,Sin escape,2,2023-09-10,Asperiores omnis minima eaque vitae neque.
enieves@example.com,El regreso,3,2024-09-07,Sit blanditiis architecto alias vitae accusamus quibusdam.
enieves@example.com,El cazador,3,2024-07-23,Reiciendis pariatur fugiat fuga dolorum assumenda quia.
enieves@example.com,El cazador de almas,4,2024-02-19,Quae eos quidem laborum enim iusto praesentium architecto.
jmalave@example.org,Derrumbe,1,2023-09-06,Maiores pariatur quas temporibus numquam.
jmalave@example.org,Bajo cero,3,2023-05-08,Nulla quibusdam at dolor animi id sapiente.
jmalave@example.org,El mundo al reves,2,2025-11-30,Sint aut dicta dolore consequuntur et.
jmalave@example.org,El ultimo acto,4,2025-12-14,Reprehenderit fugit dicta illum.
jmalave@example.org,La oscuridad eterna,5,2025-03-15,A corporis libero doloribus consectetur minus fuga.
marisol66@example.com,La fuerza del mal,2,2024-03-21,Ullam recusandae blanditiis aut recusandae.
marisol66@example.com,El poder oculto,4,2024-07-28,Ducimus voluptatibus commodi itaque fugit.
marisol66@example.com,Renacimiento,3,2025-02-13,Provident officia itaque reprehenderit.
marisol66@example.com,La mente oscura,1,2025-04-19,Modi delectus ad iusto perferendis eius tenetur facilis.
marisol66@example.com,El legado,5,2025-11-23,Sed eius qui iusto magnam quibusdam.
marisol66@example.com,Sin salida aparente,4,2023-05-14,Possimus eveniet rerum quam.
marisol66@example.com,La noche sin fin,2,2026-03-18,Vero natus aperiam.
marisol66@example.com,El error fatal,2,2024-10-09,Accusamus a voluptatibus ex.
marisol66@example.com,En el limite,3,2026-01-13,Magni vitae nesciunt velit.
marisol66@example.com,La marca del diablo,5,2026-03-10,Corrupti qui cum totam.
marisol66@example.com,Mas fuerte que el destino,5,2024-06-08,Perferendis a et eaque.
marisol66@example.com,La zona gris,1,2025-10-29,Ipsum dignissimos vero minima suscipit dolore.
marisol66@example.com,Sombras del pasado,4,2023-06-18,Ut similique blanditiis.
marisol66@example.com,La sombra del pasado,2,2023-11-25,Sapiente maxime delectus aperiam.
prubio@example.com,La noche infinita,4,2025-09-18,At vero a ab illum saepe laudantium eum.
prubio@example.com,La red de mentiras,4,2023-11-21,Velit illo ipsum tenetur.
prubio@example.com,Golpe mortal,3,2024-05-13,Impedit beatae sint.
prubio@example.com,Territorio enemigo,4,2025-09-24,Praesentium laboriosam delectus nihil consectetur.
prubio@example.com,Explosion,4,2024-06-03,Molestiae aliquam repellendus.
prubio@example.com,La ultima esperanza,2,2024-07-27,Id rerum autem eum sit nostrum quam.
prubio@example.com,Fuera de control,5,2025-01-23,Aliquam nisi aliquam est unde cum minus.
prubio@example.com,El ultimo recurso,1,2025-11-11,Excepturi facilis optio at.
prubio@example.com,Sin piedad ni gloria,3,2025-05-15,Quaerat molestias tempore neque.
prubio@example.com,El doble juego,2,2024-08-28,Omnis voluptatum placeat corporis inventore.
prubio@example.com,El guardian eterno,1,2025-05-19,Voluptates tempore assumenda consectetur.
prubio@example.com,El cazador de almas,4,2025-09-27,Nam odit doloribus pariatur.
prubio@example.com,Sin identidad conocida,2,2023-06-30,Consequatur sit reprehenderit voluptates molestiae nobis nisi.
prubio@example.com,Caos total,2,2024-08-11,Numquam deleniti veniam atque esse nemo.
prubio@example.com,La promesa rota,5,2026-01-14,Numquam tenetur est alias.
jose-eduardocovarrubias@example.org,Combustion,3,2024-10-25,Tenetur dolores dicta debitis.
jose-eduardocovarrubias@example.org,La marca del diablo,3,2025-04-07,Temporibus in provident minus tempore est.
jose-eduardocovarrubias@example.org,El punto final,3,2024-12-27,Delectus molestias voluptatum quis perspiciatis eum a.
jose-eduardocovarrubias@example.org,La fuerza del mal,3,2023-12-02,Tempore repudiandae consequatur blanditiis sed unde quaerat.
jose-eduardocovarrubias@example.org,La ultima batalla,5,2025-01-10,Et consequatur itaque quibusdam fugiat.
jose-eduardocovarrubias@example.org,El precio de la verdad,5,2025-09-02,Quibusdam libero cupiditate aspernatur harum nobis commodi.
jose-eduardocovarrubias@example.org,El ultimo viaje,2,2023-08-22,Eos commodi repudiandae quas aperiam aliquam corporis natus.
jose-eduardocovarrubias@example.org,El regreso,4,2026-01-12,Sapiente recusandae sed fugiat expedita sint.
jose-eduardocovarrubias@example.org,La sombra del futuro,1,2025-03-27,Id est ad officiis.
jose-eduardocovarrubias@example.org,La venganza,2,2024-05-30,Amet debitis repudiandae eveniet suscipit.
jose-eduardocovarrubias@example.org,Conexion fatal,1,2025-08-05,Laudantium dignissimos nobis quod.
jose-eduardocovarrubias@example.org,Sin retorno,1,2023-05-06,Sapiente natus asperiores illum praesentium laborum nihil.
jose-eduardocovarrubias@example.org,La pesadilla,2,2025-03-05,Quisquam minus alias commodi tenetur repudiandae cupiditate.
felixbueno@example.com,La herencia maldita,1,2025-08-18,Non nam repudiandae nisi fuga.
felixbueno@example.com,Abismo,1,2023-12-06,Consequuntur possimus odit nesciunt dolorum aliquid itaque delectus.
felixbueno@example.com,El despertador,2,2025-11-11,Dolorum vero minus esse dicta ipsam.
felixbueno@example.com,La verdad prohibida,1,2025-02-09,Totam repudiandae nesciunt facilis consequatur.
felixbueno@example.com,El punto de quiebre,3,2023-09-15,Dolorum nobis odio deleniti quae ad.
felixbueno@example.com,La sombra del pasado,2,2025-09-19,Porro provident atque nemo ipsam.
felixbueno@example.com,La espiral,2,2024-10-05,Rem soluta fuga assumenda.
felixbueno@example.com,El cazador de almas,5,2025-12-18,Est sed vel culpa aperiam dolor cumque incidunt.
felixbueno@example.com,El peso del silencio,5,2023-11-05,Nulla esse maiores.
felixbueno@example.com,La ultima esperanza,5,2025-04-06,Blanditiis beatae eveniet mollitia tempore beatae laboriosam at.
felixbueno@example.com,Voces en la oscuridad,1,2025-07-18,Sapiente minima ratione ex praesentium.
felixbueno@example.com,La persecucion,3,2025-01-27,Quos ducimus autem non asperiores optio.
harofabiola@example.com,La isla perdida,5,2024-08-24,Assumenda autem accusamus qui.
harofabiola@example.com,Sombras del pasado,2,2024-07-30,Inventore sit delectus officia.
harofabiola@example.com,Sin piedad,1,2023-11-26,Ad aliquam recusandae adipisci neque eligendi.
harofabiola@example.com,La señal perdida,2,2024-01-27,Similique totam officiis reprehenderit temporibus aliquid.
harofabiola@example.com,El ultimo paso,3,2025-12-03,Incidunt tenetur dignissimos quaerat.
harofabiola@example.com,La guerra fria,1,2025-08-14,Harum labore incidunt quae voluptatibus tenetur.
harofabiola@example.com,El ladrón de sueños,3,2024-04-16,Dolores placeat exercitationem quasi rerum.
harofabiola@example.com,El destino marcado,5,2024-05-13,Quisquam numquam quidem in ducimus non doloremque.
harofabiola@example.com,El punto de quiebre,5,2024-09-29,Ipsa exercitationem unde dolor earum saepe.
harofabiola@example.com,La frontera,2,2025-09-08,Animi eius inventore sit cum.
palomogabino@example.com,El ultimo acto,1,2024-08-24,Temporibus modi tenetur.
palomogabino@example.com,La herencia maldita,4,2025-11-17,Iste dolorum odio voluptatum ullam facere rerum.
palomogabino@example.com,La ultima oportunidad,3,2024-04-02,Cupiditate harum eius doloribus.
palomogabino@example.com,Sin limite,2,2023-05-04,Enim error rem veniam eaque enim.
palomogabino@example.com,El cazador,1,2025-11-01,Deserunt non perferendis soluta molestias voluptatum sunt.
palomogabino@example.com,La espiral,2,2024-02-25,Harum ipsam minus nam natus deserunt.
palomogabino@example.com,Colapso,3,2023-12-23,Ratione voluptatibus ex in.
zulloa@example.net,El guardian eterno,5,2023-07-08,Perspiciatis aut iure optio.
zulloa@example.net,El testigo silencioso,2,2023-08-12,Nam error aspernatur.
zulloa@example.net,Mas alla del horizonte,2,2025-01-12,Earum velit tempora fugit nam aut inventore.
zulloa@example.net,Sin piedad,2,2023-08-20,Voluptates amet similique porro inventore.
zulloa@example.net,Impacto,4,2024-05-26,Ipsum asperiores veniam sunt amet.
zulloa@example.net,El infierno verde,1,2025-03-14,Qui optio cum sit quod molestiae.
zulloa@example.net,Abismo,4,2023-08-16,Accusamus aliquam veniam.
carreroeduardo@example.org,El ultimo acto,4,2024-07-28,Error aliquid assumenda asperiores tempore.
carreroeduardo@example.org,El enviado,3,2024-01-04,Nostrum nemo porro repellat.
carreroeduardo@example.org,El ladrón de sueños,5,2023-05-14,Deleniti eligendi cumque numquam optio.
roldanadan@example.net,La ultima oportunidad,1,2023-11-29,Nihil similique ullam quod.
roldanadan@example.net,Abismo,3,2024-01-01,Occaecati cupiditate ullam veritatis sed perferendis.
roldanadan@example.net,La rueda del destino,1,2023-11-02,Corporis quo accusamus assumenda.
roldanadan@example.net,El prisionero,4,2024-10-27,At minus rerum libero vero consequuntur eligendi ipsam.
roldanadan@example.net,El cazador,2,2025-03-29,Exercitationem necessitatibus similique iure atque est.
roldanadan@example.net,Combustion,5,2025-11-20,Quis sunt cupiditate autem.
roldanadan@example.net,La voz del silencio,5,2026-03-14,Laboriosam ex cupiditate voluptates culpa consectetur deserunt.
roldanadan@example.net,La guerra de sombras,5,2025-06-18,Reprehenderit quia accusantium exercitationem molestiae veniam.
roldanadan@example.net,La red,3,2024-02-12,Ex dolor excepturi commodi.
roldanadan@example.net,Sin nombre,3,2026-03-01,Iusto mollitia cumque nemo numquam repellat.
roldanadan@example.net,Colisión de mundos,3,2025-03-09,Eaque accusantium delectus ad.
roldanadan@example.net,Torbellino,5,2026-03-05,Ad commodi reprehenderit voluptate vel quibusdam delectus reprehenderit.
roldanadan@example.net,La tela de araña,2,2024-09-18,Libero ipsum mollitia laborum nam similique.
roldanadan@example.net,El ultimo paso,2,2023-12-17,Illo vel esse pariatur soluta iusto.
roldanadan@example.net,El cazador solitario,5,2023-06-11,Quo neque nihil pariatur.
velizemilia@example.com,La segunda oportunidad,3,2025-03-15,Praesentium minus incidunt.
velizemilia@example.com,Codigo rojo,1,2024-11-12,Est odio facere fuga.
velizemilia@example.com,Sin rastro,3,2023-08-14,Ad libero possimus error temporibus.
velizemilia@example.com,El espejo oscuro,4,2023-12-04,Laborum laudantium sapiente ad.
velizemilia@example.com,El peso del silencio,3,2024-08-27,Eius dolorem similique voluptatum.
velizemilia@example.com,Golpe mortal,1,2024-02-25,Deleniti deleniti doloribus repellendus sint recusandae.
velizemilia@example.com,La ultima oportunidad,4,2025-05-23,Fugit beatae vero.
velizemilia@example.com,Caos total,1,2025-06-10,Veritatis dolorum placeat soluta quo voluptatem repellat atque.
velizemilia@example.com,El espiritu guerrero,4,2024-12-14,Minima repellendus sequi cupiditate in maxime quas.
velizemilia@example.com,El ultimo viaje,3,2023-08-16,Blanditiis iure placeat.
lovatogeorgina@example.org,La tela de araña,4,2025-12-11,Est iusto reiciendis dolorem sint nihil dolorem.
lovatogeorgina@example.org,La noche infinita,1,2023-09-08,Praesentium suscipit harum nemo ipsa.
lovatogeorgina@example.org,Fuera de control,2,2023-10-15,Fugit animi sunt provident molestiae architecto.
lovatogeorgina@example.org,Insurreccion,5,2024-08-09,Repudiandae est soluta doloribus voluptatem necessitatibus.
lovatogeorgina@example.org,El precio del poder,4,2024-06-27,Perspiciatis hic numquam et rerum exercitationem.
lovatogeorgina@example.org,La cadena rota,1,2023-10-14,Aliquid repudiandae natus maiores iste veniam minima veniam.
lovatogeorgina@example.org,Mas alla del bien,1,2024-09-08,Eaque deleniti voluptas quod enim eaque.
lovatogeorgina@example.org,Fragmentos,1,2024-04-28,Repudiandae deserunt excepturi quidem.
lovatogeorgina@example.org,La ultima oportunidad,1,2025-06-16,Ipsa impedit tempore iure unde laudantium quibusdam.
lovatogeorgina@example.org,Sin limite,4,2026-02-19,Velit ratione ipsum soluta fugiat maxime.
lovatogeorgina@example.org,Colision,3,2024-09-03,Iusto tempora tempore perferendis.
lovatogeorgina@example.org,El testamento,1,2024-03-18,Sed voluptatibus sapiente delectus temporibus reiciendis.
lovatogeorgina@example.org,Cero absoluto,2,2025-07-03,Accusantium harum quibusdam reiciendis qui itaque.
lovatogeorgina@example.org,El proyecto secreto,1,2023-10-17,Nemo enim ut aspernatur pariatur optio.
lovatogeorgina@example.org,Colisión de mundos,5,2025-01-12,Dolor exercitationem vel quos saepe commodi totam similique.
olveraandres@example.com,El espejo oscuro,4,2024-09-01,Excepturi aliquam tempore.
olveraandres@example.com,El prisionero,1,2026-01-03,Nesciunt nam aperiam neque.
olveraandres@example.com,La tela de araña,1,2023-06-17,Magnam pariatur distinctio voluptate.
olveraandres@example.com,Sin nombre,2,2024-11-22,Quod unde numquam enim ad tenetur.
olveraandres@example.com,La verdad prohibida,1,2026-01-06,Dolor magni est eveniet quibusdam quasi omnis.
olveraandres@example.com,Combustion,2,2025-12-06,Illo facilis itaque nostrum quae doloribus quam.
olveraandres@example.com,El testigo silencioso,2,2024-05-24,Quasi maiores repellat ipsam corrupti molestias.
olveraandres@example.com,Entre dos mundos,5,2025-08-01,Necessitatibus animi aliquam assumenda suscipit dolore vel.
olveraandres@example.com,El vigilante,5,2024-03-27,Odit similique ea atque adipisci alias reiciendis.
olveraandres@example.com,La guerra de sombras,2,2025-01-04,Non quidem incidunt maxime at ex molestiae asperiores.
olveraandres@example.com,Tormenta interior,2,2023-12-24,Laboriosam reprehenderit sapiente sit quidem voluptate quod.
rivasesparta@example.org,Tiempo prestado,1,2025-12-16,Eaque hic odio quaerat eligendi eius veniam.
rivasesparta@example.org,El riesgo calculado,3,2023-06-29,Molestiae consequatur ex recusandae nulla sapiente.
rivasesparta@example.org,La zona gris,4,2025-07-09,Eos at laborum blanditiis nulla error dolor.
rivasesparta@example.org,La fuga,4,2025-11-02,Autem soluta dolore hic libero blanditiis dolores.
rivasesparta@example.org,El ultimo heroe,2,2025-05-12,Architecto incidunt ea asperiores laboriosam itaque totam aperiam.
rivasesparta@example.org,La cadena rota,2,2025-08-17,Ut culpa placeat modi cum.
menchacacarlota@example.com,El error fatal,4,2024-04-07,Consequuntur deserunt enim atque quibusdam tempore natus.
menchacacarlota@example.com,Punto critico,3,2026-04-12,Illum voluptatem veritatis in tempore aliquid.
menchacacarlota@example.com,El doble juego,4,2023-08-08,Excepturi aliquam quam maiores velit perspiciatis.
menchacacarlota@example.com,La alianza,4,2024-02-27,A molestiae adipisci nulla quae qui.
menchacacarlota@example.com,Oscuridad total,5,2026-04-08,Doloremque ipsum earum laboriosam ipsa omnis.
menchacacarlota@example.com,El punto de quiebre,3,2023-07-22,Hic reiciendis cumque odio.
menchacacarlota@example.com,Fragmentos,4,2025-11-11,Minus omnis ad voluptas corrupti.
menchacacarlota@example.com,Renacimiento,5,2024-03-18,Dolores beatae reprehenderit eligendi sapiente mollitia nihil.
saldananayeli@example.net,Detonacion,1,2026-04-09,Corporis quidem culpa est atque blanditiis nesciunt.
saldananayeli@example.net,La tela de araña,4,2026-03-06,Doloribus quibusdam praesentium molestiae labore.
saldananayeli@example.net,Tierra de nadie,4,2024-09-22,Voluptatem hic odio dicta.
talejandro@example.net,Colisión de mundos,4,2025-02-09,Eligendi illum suscipit occaecati ullam id.
talejandro@example.net,Sin escape,2,2025-11-10,Atque earum libero libero perspiciatis voluptatibus.
talejandro@example.net,Codigo rojo,2,2026-02-08,Magnam quaerat esse provident magni natus.
talejandro@example.net,La trampa mortal,3,2023-12-24,Minima nostrum ea vel aut inventore porro.
talejandro@example.net,Sin nombre,5,2023-08-20,Id recusandae quae voluptate quas corporis inventore.
talejandro@example.net,Sin memoria,4,2025-09-04,Laborum consequuntur laborum autem aspernatur quod consectetur ex.
talejandro@example.net,La rueda del destino,4,2025-10-29,Sint temporibus nisi adipisci.
talejandro@example.net,La sombra del futuro,2,2025-02-02,Et cum inventore commodi non quos impedit quibusdam.
talejandro@example.net,El ultimo susurro,1,2025-01-11,Dicta harum voluptas nesciunt.
talejandro@example.net,Furia imparable,2,2024-01-07,Ex iure exercitationem aperiam.
laura68@example.com,Colapso,4,2023-07-08,Occaecati ea ducimus molestiae odit voluptatem.
laura68@example.com,El enviado,3,2023-11-15,Repudiandae quibusdam provident unde.
laura68@example.com,Combustion,2,2025-04-22,Alias eius quaerat perferendis necessitatibus vitae.
laura68@example.com,El legado,5,2026-01-07,Perferendis dolor maiores iste ullam assumenda itaque.
laura68@example.com,La tela de araña,5,2025-11-25,Iusto nobis officiis consequatur praesentium expedita voluptatem.
laura68@example.com,El prisionero,1,2024-08-04,Incidunt vero repudiandae excepturi.
laura68@example.com,Sin cuartel,2,2024-09-17,Illum rerum quam.
laura68@example.com,La herencia maldita,1,2023-11-28,Quod id temporibus.
laura68@example.com,El espejo oscuro,2,2025-10-10,Aut numquam qui quaerat error ea excepturi.
laura68@example.com,El cazador,2,2025-02-08,Provident tenetur rem ad numquam suscipit velit.
laura68@example.com,Zona de peligro,2,2025-03-08,Sapiente odio tempora ea officiis ducimus repellat.
laura68@example.com,Torbellino,2,2024-01-10,Nostrum dolorem officia aliquam repellat velit.
laura68@example.com,La trampa final,1,2025-08-05,Aliquam ex fuga.
laura68@example.com,Sin limite,3,2023-04-25,Nostrum dicta autem nemo eaque soluta necessitatibus.
alicia83@example.com,La verdad prohibida,5,2023-07-23,Praesentium esse molestiae veniam ratione veniam quod.
alicia83@example.com,El poder oculto,4,2024-12-08,Reprehenderit accusamus pariatur.
alicia83@example.com,La venganza perfecta,5,2024-02-06,Quisquam autem aperiam deleniti accusantium est voluptas quos.
alicia83@example.com,El espejo oscuro,3,2025-04-11,Cumque cum natus in eligendi facere illum accusamus.
alicia83@example.com,La maquina del tiempo,4,2025-08-15,Officiis voluptatum non esse vel.
alicia83@example.com,Sueños rotos,3,2025-10-15,Ab autem id.
alicia83@example.com,El ultimo heroe,4,2024-04-14,Tenetur sed harum consequatur.
alicia83@example.com,El infierno verde,1,2025-12-19,Ipsam ab suscipit voluptas doloribus.
alicia83@example.com,La fuerza interior,5,2026-03-02,Accusamus rem maxime.
alicia83@example.com,El silencio roto,1,2024-04-23,Explicabo occaecati excepturi nihil.
alicia83@example.com,Sin identidad,2,2025-04-22,Ut incidunt reiciendis totam nostrum commodi.
alicia83@example.com,Sin rastro,5,2023-07-07,Placeat impedit dolores tempore.
alicia83@example.com,La sombra del pasado,3,2024-04-30,Tempore culpa quia omnis corrupti quo.
alicia83@example.com,Colapso,3,2025-11-17,Cum vero aliquam magnam.
kcavazos@example.com,La ultima frontera,5,2024-03-21,Quis aliquam et provident quia temporibus quo.
kcavazos@example.com,Sin escape,1,2024-11-17,Placeat quo nostrum voluptatum non.
kcavazos@example.com,El legado,1,2024-05-02,Aut aperiam dolores possimus rem rem.
kcavazos@example.com,Golpe mortal,2,2025-05-27,Suscipit non voluptatem est eveniet.
kcavazos@example.com,Colision,5,2024-08-13,Enim eligendi dolore consectetur.
kcavazos@example.com,El umbral,2,2024-10-04,Ipsum ullam repudiandae est optio deserunt dolorem.
kcavazos@example.com,Territorio enemigo,2,2024-06-16,Explicabo eos voluptatibus accusantium.
kcavazos@example.com,Punto critico,2,2023-11-20,Ipsam molestiae odit fuga animi modi.
kcavazos@example.com,Sin tregua,1,2024-07-29,Hic velit exercitationem commodi mollitia saepe nulla.
kcavazos@example.com,El testamento,5,2023-11-19,Sed impedit reprehenderit odit.
kcavazos@example.com,La venganza perfecta,4,2025-09-15,Perferendis laudantium nemo commodi odit consequuntur.
kcavazos@example.com,El despertador,5,2024-05-07,Praesentium veniam doloribus sint.
kcavazos@example.com,Tormenta interior,1,2024-09-26,Velit quam nesciunt voluptates sapiente consequuntur fugiat.
kcavazos@example.com,Evasion total,1,2025-07-12,Amet impedit delectus quos cupiditate eveniet.
arevalovirginia@example.com,Fuga imposible,4,2024-06-14,Tempora dolorem voluptatem sapiente.
arevalovirginia@example.com,La tormenta perfecta,3,2023-09-12,Iure illo magnam est.
arevalovirginia@example.com,El ultimo comando,2,2024-05-22,Tempora hic quos vitae perspiciatis aut facilis aperiam.
arevalovirginia@example.com,El vacio,5,2025-11-17,Inventore exercitationem numquam nisi asperiores placeat.
arevalovirginia@example.com,Desolacion,4,2024-02-29,Sequi accusamus ut beatae cumque.
arevalovirginia@example.com,La isla perdida,1,2023-06-06,Nostrum corporis deleniti sed itaque excepturi.
arevalovirginia@example.com,El infiltrado,3,2025-10-29,Quas vitae officiis dolore dolor.
arevalovirginia@example.com,La zona roja,1,2023-05-22,Atque at occaecati perspiciatis modi.
arevalovirginia@example.com,Sin salida aparente,2,2025-11-22,Ea dolor laboriosam accusantium dolorum.
maximiliano19@example.net,El eco del pasado,1,2023-07-21,Esse laborum quia accusamus nihil modi molestias.
maximiliano19@example.net,El ultimo dia,1,2024-03-01,Tempora eos exercitationem a exercitationem porro.
maximiliano19@example.net,El ladrón de sueños,3,2025-07-26,Nulla eaque soluta.
maximiliano19@example.net,Punto ciego,4,2025-02-11,Voluptatem quas quod officia.
maximiliano19@example.net,La tela de araña,5,2023-11-30,Corporis accusantium quos sunt veritatis odit.
maximiliano19@example.net,El ultimo comando,1,2025-11-02,Dolorum ullam voluptatum molestiae consequuntur.
maximiliano19@example.net,El juego mortal,1,2024-03-18,Laudantium dolorum dicta illo fuga.
maximiliano19@example.net,El testamento,4,2023-12-15,Tempore beatae quod accusantium aliquid.
maximiliano19@example.net,La trampa mortal,5,2023-07-29,Ratione itaque nobis facilis facilis incidunt corporis.
maximiliano19@example.net,Desolacion,3,2025-06-23,Possimus fuga ipsam animi.
maximiliano19@example.net,La trampa final,4,2025-02-14,Consequatur nesciunt ipsa voluptates rem veritatis necessitatibus.
maximiliano19@example.net,La sombra del futuro,4,2023-05-05,Fuga repudiandae enim totam modi ullam dicta dignissimos.
mauriciopaez@example.com,El testamento,2,2025-09-09,Sequi explicabo impedit eos laborum vel inventore.
mauriciopaez@example.com,La redencion,3,2026-02-05,Iusto explicabo est nesciunt iure pariatur odio.
mauriciopaez@example.com,Sin fronteras,2,2025-01-27,Numquam sunt exercitationem fuga nostrum quia debitis.
mauriciopaez@example.com,Evasion total,1,2024-06-16,Dignissimos iusto doloremque dignissimos velit deserunt.
mauriciopaez@example.com,El abismo oscuro,1,2025-09-09,Quis fugit veniam ea ullam ad ullam.
mauriciopaez@example.com,La frontera,2,2023-05-02,Animi ullam assumenda numquam.
mauriciopaez@example.com,La zona gris,2,2025-10-07,Magni explicabo libero distinctio.
mauriciopaez@example.com,La señal perdida,1,2025-12-28,Ipsum aut esse.
mauriciopaez@example.com,La amenaza,1,2024-09-05,Non sed corporis exercitationem sunt laudantium nemo repellat.
mauriciopaez@example.com,El despertar,5,2024-08-26,Occaecati optio reiciendis veniam illo quae excepturi.
alonsodaniela@example.com,Sin limite,3,2025-03-17,A molestiae vitae ex nesciunt.
alonsodaniela@example.com,El codigo olvidado,2,2024-01-29,Repellat inventore labore itaque saepe.
alonsodaniela@example.com,La venganza,2,2024-10-08,Quod illum suscipit sunt atque.
alonsodaniela@example.com,El monstruo interior,1,2024-09-05,Iusto a sunt maiores voluptatum tempora explicabo.
alonsodaniela@example.com,Conexion fatal,2,2023-10-27,Recusandae temporibus alias iusto voluptatem harum.
alonsodaniela@example.com,La promesa rota,4,2025-11-12,Cupiditate architecto illum quod itaque.
alonsodaniela@example.com,El poder oculto,1,2023-10-16,Incidunt at maxime natus in culpa.
alonsodaniela@example.com,Mas fuerte que el destino,2,2025-04-26,Amet eos porro nemo magni rem.
alonsodaniela@example.com,Sangre fria,5,2025-07-05,Nesciunt amet hic praesentium sit voluptatibus aperiam.
alonsodaniela@example.com,Tormenta de fuego,2,2024-05-24,Temporibus fuga vero eum modi.
alonsodaniela@example.com,El guerrero,1,2024-10-26,Molestiae debitis pariatur dolores.
alonsodaniela@example.com,El infiltrado,3,2023-07-03,Suscipit mollitia deleniti blanditiis veniam enim officia.
alonsodaniela@example.com,Fuera de control,5,2025-05-29,Maiores expedita sapiente dolorem nisi eum nesciunt odio.
mguardado@example.com,Fuera de control,3,2024-05-13,Eos distinctio porro natus culpa.
mguardado@example.com,Derrumbe,4,2023-06-22,Qui ipsa laborum sunt tempore.
mguardado@example.com,Sin limite,4,2025-04-11,Quibusdam quam veniam maiores repellendus rem.
mguardado@example.com,La trampa,1,2024-12-02,Corporis assumenda voluptatibus animi totam ex corrupti.
mguardado@example.com,Zona prohibida,2,2024-04-13,Blanditiis inventore minima nobis necessitatibus nobis.
mguardado@example.com,El ultimo paso,4,2024-10-15,Qui aut quis.
mguardado@example.com,El guardian eterno,3,2024-11-07,Alias ab sapiente aspernatur veritatis iste.
mguardado@example.com,El guerrero,2,2024-07-22,Provident beatae voluptates adipisci nostrum.
mguardado@example.com,El codigo olvidado,3,2023-05-27,Corporis porro excepturi aspernatur.
mguardado@example.com,Sin escape,4,2023-06-04,Recusandae ducimus id sapiente.
amador41@example.net,La sombra del futuro,5,2025-03-23,A explicabo repellendus.
amador41@example.net,Tormenta de fuego,2,2025-01-19,Voluptatibus cum ducimus et.
amador41@example.net,La promesa rota,3,2023-07-13,Occaecati necessitatibus minus voluptatibus rem ab tempora sequi.
amador41@example.net,El ladrón de sueños,3,2025-12-20,Iusto nihil dicta quasi asperiores ullam unde.
amador41@example.net,Sin rastro,5,2025-04-16,Corporis sed mollitia dolor repellat vero.
amador41@example.net,Tiempo prestado,1,2026-04-15,Nobis dolores quam laborum.
amador41@example.net,Entre dos mundos,3,2023-06-29,Tenetur aperiam aliquam nulla tempora.
amador41@example.net,La cadena rota,2,2025-11-22,Incidunt repellat unde aliquam eos unde fuga.
amador41@example.net,El camino perdido,1,2023-06-24,Aspernatur similique aperiam tempora facilis expedita.
amador41@example.net,El cazador solitario,3,2024-06-21,Amet aspernatur aperiam asperiores facilis sunt distinctio tenetur.
amador41@example.net,Oscuridad total,2,2026-01-06,Possimus dicta explicabo itaque inventore quia maiores.
amador41@example.net,El codigo negro,1,2026-01-10,Facere sapiente animi dignissimos cupiditate nam.
amador41@example.net,El guardian,1,2025-06-07,Nam asperiores voluptate vero quibusdam.
amador41@example.net,El error fatal,5,2026-02-18,Tempora optio itaque rem eum praesentium.
florenciacuellar@example.org,El peso del silencio,5,2024-08-27,Suscipit quas ea necessitatibus illo.
florenciacuellar@example.org,La red de mentiras,1,2025-05-25,Modi consequuntur numquam explicabo ab libero.
florenciacuellar@example.org,El vigilante,5,2023-10-16,Quis pariatur assumenda ratione sed illum dignissimos rem.
florenciacuellar@example.org,La tela de araña,3,2024-06-28,Molestiae ullam expedita sit facere voluptates.
florenciacuellar@example.org,Punto ciego,2,2026-01-11,In nihil et sapiente praesentium.
florenciacuellar@example.org,El destino marcado,2,2025-05-03,Iste voluptates dolore quia perspiciatis odit iure.
florenciacuellar@example.org,Explosion,2,2025-08-17,Quo vitae consectetur quis.
florenciacuellar@example.org,El tiempo se acaba,1,2023-12-13,Nemo dolores enim facilis delectus.
tromo@example.org,La espiral,3,2024-04-07,Et velit doloremque.
tromo@example.org,Desolacion,5,2026-02-06,Unde cupiditate delectus atque.
tromo@example.org,El ladrón de sueños,5,2026-02-24,Quis porro odit blanditiis.
tromo@example.org,La noche sin fin,2,2026-02-17,Rem eius voluptate molestiae quisquam.
tromo@example.org,El guardian eterno,2,2024-01-08,Accusamus nostrum deserunt aut excepturi magni enim.
tromo@example.org,El precio de la verdad,1,2025-05-11,Distinctio alias repellat ipsum illo esse.
tromo@example.org,El despertar,2,2024-03-27,Iure inventore at aut ab a.
tromo@example.org,La caida,2,2026-01-23,Soluta veniam asperiores quam.
tromo@example.org,El codigo negro,5,2026-04-16,Maxime minus labore placeat.
tromo@example.org,El testamento,5,2023-05-05,Modi ullam omnis voluptate deserunt sequi aliquam atque.
maciasarmando@example.net,Sin salida aparente,2,2023-07-26,Unde aperiam consequuntur occaecati voluptatibus rem molestiae.
maciasarmando@example.net,El legado,3,2024-07-14,Nemo hic optio tenetur alias voluptates voluptatibus.
maciasarmando@example.net,Renacimiento,4,2024-06-26,Ullam quaerat atque cumque.
maciasarmando@example.net,Tiempo prestado,1,2025-05-26,Laboriosam minima officiis.
maciasarmando@example.net,El ultimo acto,2,2023-10-20,Rem provident alias eveniet.
maciasarmando@example.net,Zona de peligro,5,2024-01-30,Sit et esse harum natus.
maciasarmando@example.net,El abismo oscuro,5,2025-07-14,Fugiat nam commodi dolorem laudantium dolorem adipisci.
maciasarmando@example.net,Sombra y luz,1,2025-03-03,Eveniet quo illum in iusto vel nihil.
maciasarmando@example.net,Colision,3,2024-06-22,Corrupti aperiam voluptate repudiandae incidunt.
maciasarmando@example.net,Implosion,2,2023-06-12,Eligendi sint laborum minima iste.
maciasarmando@example.net,El regreso,2,2025-12-22,Eligendi corrupti totam dicta.
david33@example.com,El vigilante,5,2025-03-02,Eos quibusdam optio similique quam.
david33@example.com,La amenaza silenciosa,4,2025-02-04,Laborum asperiores nobis fuga perspiciatis quia consectetur.
david33@example.com,La herencia maldita,3,2023-07-14,Voluptatibus eius natus ad corporis voluptatum.
david33@example.com,Evasion total,3,2024-03-01,Laudantium recusandae perspiciatis saepe.
david33@example.com,El mensajero,2,2024-03-26,Repudiandae ipsam necessitatibus sequi.
david33@example.com,En el limite,5,2025-12-28,Praesentium accusantium porro voluptatibus.
david33@example.com,Combustion,1,2025-01-13,Incidunt magni expedita officiis hic.
david33@example.com,La tela de araña,4,2025-08-25,Dolores laboriosam reprehenderit animi.
david33@example.com,Sombra y luz,1,2026-04-18,Quia nam id voluptatibus eligendi architecto.
david33@example.com,Mas fuerte que el destino,3,2024-10-08,Voluptatem sed dolores quas qui dolor vero ullam.
jeronimovelasquez@example.org,La bestia,3,2025-05-16,Labore explicabo amet rerum commodi odit blanditiis.
jeronimovelasquez@example.org,El observador,4,2025-09-17,Vel accusantium beatae adipisci animi suscipit rem magnam.
jeronimovelasquez@example.org,Zona de peligro,1,2025-02-12,Aperiam asperiores unde earum voluptas.
jeronimovelasquez@example.org,La caida,3,2025-01-31,Asperiores ratione explicabo recusandae.
jeronimovelasquez@example.org,Zona de guerra,3,2025-07-06,Cum illo repudiandae quidem iure laborum aperiam deleniti.
jeronimovelasquez@example.org,El vigilante,2,2024-12-01,Recusandae iste eum nesciunt sequi dolorum eius modi.
jeronimovelasquez@example.org,El precio de la verdad,3,2024-03-11,Adipisci assumenda est.
jeronimovelasquez@example.org,Detonacion,1,2026-04-12,Aut ea ad perferendis voluptatem pariatur.
jeronimovelasquez@example.org,La señal,4,2025-05-26,Minima ipsam ipsam corporis explicabo.
jeronimovelasquez@example.org,La red,1,2023-11-22,Nam placeat nulla aliquid inventore.
jeronimovelasquez@example.org,La maquina del tiempo,4,2026-04-10,Veniam eos molestiae optio eveniet numquam sint.
jeronimovelasquez@example.org,La batalla final,2,2023-12-09,Asperiores optio sit unde.
jeronimovelasquez@example.org,Bajo cero,1,2024-07-09,Totam quisquam ipsa dolores.
cecilia60@example.com,La pesadilla,3,2024-04-15,Reiciendis vel ab quia perferendis.
cecilia60@example.com,El enviado,3,2024-01-30,Consectetur magni nihil odit quis ea aliquam.
cecilia60@example.com,Tormenta de fuego,3,2023-10-14,Molestiae quae iure.
cecilia60@example.com,La frontera,3,2024-10-24,Deleniti optio minus sequi.
cecilia60@example.com,El testigo silencioso,1,2024-05-14,Necessitatibus possimus ullam voluptates doloremque.
cecilia60@example.com,Zona de peligro,2,2024-06-21,Magni quos porro.
cecilia60@example.com,Furia imparable,2,2023-05-15,Deleniti vero quae quasi molestias sequi.
cecilia60@example.com,La noche sin fin,3,2023-11-14,Eaque rerum et incidunt rem ut.
cecilia60@example.com,El infierno verde,2,2024-08-04,Dolorum molestias dolor illo provident eveniet quos.
cecilia60@example.com,El destino marcado,2,2024-02-08,Voluptate nihil quos saepe quidem.
cecilia60@example.com,El cazador de almas,5,2025-10-18,Vel expedita reiciendis quasi similique iste.
cecilia60@example.com,Detonacion,5,2023-08-06,Qui perspiciatis quidem sed soluta vero ipsum.
cecilia60@example.com,Luz y oscuridad,5,2025-07-10,Libero laudantium pariatur cupiditate ducimus.
cecilia60@example.com,Colision,5,2024-07-24,Voluptatibus rem fuga a aut ipsa.
cecilia60@example.com,Sin piedad,3,2025-12-17,Quo quia repellat nulla veritatis.
zde-la-rosa@example.org,La marca del diablo,5,2026-04-12,Delectus mollitia ratione ipsum sapiente consequuntur voluptate.
zde-la-rosa@example.org,Fragmentos,2,2023-12-22,Tenetur est est quo libero.
zde-la-rosa@example.org,Furia imparable,1,2025-04-18,Rerum eligendi veniam rem adipisci.
zde-la-rosa@example.org,El enviado,5,2024-07-29,Officiis vero officiis accusamus.
zde-la-rosa@example.org,El ultimo heroe,5,2025-02-12,Harum nesciunt iure hic iure.
zde-la-rosa@example.org,La sombra del futuro,4,2024-12-18,Pariatur rerum voluptate repudiandae eligendi.
zde-la-rosa@example.org,La venganza,4,2024-01-03,Voluptas saepe ducimus perspiciatis vel cupiditate magni perspiciatis.
solorzanosonia@example.net,La caida libre,2,2024-03-17,Inventore quia consequuntur perferendis incidunt saepe.
solorzanosonia@example.net,El precio de la verdad,4,2024-09-17,Qui reprehenderit placeat tenetur nobis pariatur amet.
solorzanosonia@example.net,La tela de araña,5,2025-09-07,Veniam totam cumque ipsa perspiciatis accusamus velit.
solorzanosonia@example.net,Bajo cero,3,2024-11-03,Nostrum illo molestiae cumque magnam eligendi.
solorzanosonia@example.net,El tiempo se acaba,3,2025-05-25,At cum id aspernatur hic blanditiis accusantium.
solorzanosonia@example.net,Colapso,2,2025-12-28,Maxime ex reprehenderit corporis voluptatem ut consequuntur.
solorzanosonia@example.net,La tormenta perfecta,4,2024-06-08,Magnam commodi dolore ullam rerum harum corrupti.
solorzanosonia@example.net,El espejo roto,4,2024-07-26,Laborum ad nemo at.
solorzanosonia@example.net,Fractura,2,2026-03-27,Excepturi magni iure ipsam ad repudiandae eaque aut.
solorzanosonia@example.net,Sin tregua,1,2025-01-07,Animi totam ipsa.
solorzanosonia@example.net,La trampa mortal,1,2025-10-18,Fugit dolorem vero iure eveniet ipsam veniam.
solorzanosonia@example.net,Punto critico,2,2023-09-30,Odit ipsam fugit quod ratione.
solorzanosonia@example.net,El ultimo susurro,1,2025-03-12,Nam odio quisquam voluptate.
solorzanosonia@example.net,Fuera de control,5,2025-07-09,Magni voluptate dolore dolorum ullam labore ex.
peresguillermina@example.net,Abismo,5,2026-03-17,Molestiae ex consequatur reiciendis molestiae nam itaque non.
peresguillermina@example.net,El espejo oscuro,3,2025-10-04,Repellendus libero et omnis.
peresguillermina@example.net,La red,1,2023-10-08,Itaque voluptas eaque reprehenderit ratione quaerat.
peresguillermina@example.net,La sombra del mal,5,2024-09-14,Recusandae hic pariatur repudiandae dolores.
peresguillermina@example.net,Cero absoluto,5,2023-12-21,Quae saepe eos suscipit laboriosam ratione ut.
peresguillermina@example.net,La segunda oportunidad,3,2024-04-27,Cum iusto similique esse cumque.
peresguillermina@example.net,Fragmentos,1,2025-03-03,Nulla laudantium odit maiores itaque aspernatur facilis.
maria-eugenia18@example.net,La noche de los lobos,4,2024-04-15,Deleniti neque nisi neque.
maria-eugenia18@example.net,La ultima esperanza,2,2025-05-02,Impedit dolor alias adipisci non quia.
maria-eugenia18@example.net,Tiempo prestado,5,2024-06-18,Error eum nisi.
maria-eugenia18@example.net,Caos total,5,2024-08-10,Cumque reiciendis debitis incidunt.
maria-eugenia18@example.net,Punto sin retorno,2,2024-08-08,Blanditiis reiciendis dolorum iste iure.
maria-eugenia18@example.net,Colapso,3,2025-04-22,Quaerat voluptates ipsam aliquam autem nesciunt deserunt.
maria-eugenia18@example.net,La voz del silencio,2,2025-04-06,Ullam laborum omnis ea.
maria-eugenia18@example.net,Conexion fatal,4,2023-07-15,Minus ex voluptatibus minima deserunt consequatur.
maria-eugenia18@example.net,Torbellino,2,2025-10-06,Saepe sunt dolor officiis temporibus et accusantium.
maria-eugenia18@example.net,Derrumbe,4,2025-01-27,Asperiores possimus illum.
maria-eugenia18@example.net,La verdad prohibida,4,2026-04-17,Dignissimos consectetur voluptate porro.
maria-eugenia18@example.net,La decision,5,2026-03-03,Veritatis eveniet quas ducimus soluta enim eveniet.
maria-eugenia18@example.net,La venganza perfecta,4,2025-07-29,Occaecati dolore beatae quos atque facere.
maria-eugenia18@example.net,La caja de pandora,3,2023-10-29,Rerum blanditiis cupiditate ab error vero.
luis-manuelvillanueva@example.net,El guardian eterno,3,2023-07-16,Quae enim quisquam et quod.
luis-manuelvillanueva@example.net,El punto de quiebre,4,2024-09-30,Error id itaque autem eligendi assumenda iure.
luis-manuelvillanueva@example.net,La verdad oculta,3,2023-11-18,Maiores rem sed esse autem.
luis-manuelvillanueva@example.net,El elegido,5,2023-10-08,Neque consequatur ratione praesentium quae porro.
luis-manuelvillanueva@example.net,Oscuridad total,5,2023-10-13,Deleniti nemo odit.
helena55@example.org,La ultima oportunidad,2,2026-02-14,Delectus officiis amet quaerat ab.
helena55@example.org,El vacio,2,2024-02-23,Ea ducimus sit quae.
helena55@example.org,La amenaza silenciosa,5,2025-01-01,Saepe consequuntur aliquam a iste vero.
helena55@example.org,La trampa mortal,3,2024-05-04,Voluptates maiores adipisci dignissimos pariatur.
helena55@example.org,La batalla final,5,2025-09-10,Dolores perferendis aperiam excepturi commodi.
helena55@example.org,El regreso,2,2025-07-16,Reiciendis aut asperiores iste hic eos incidunt.
helena55@example.org,La señal perdida,1,2023-08-14,Iure officiis distinctio autem.
tejadaestela@example.com,La verdad oculta,5,2023-09-04,Distinctio dicta ratione illum culpa aliquam incidunt.
tejadaestela@example.com,El testamento,1,2023-07-28,Quo ex corporis ratione inventore nihil.
tejadaestela@example.com,Zona de peligro,5,2025-07-06,Mollitia blanditiis illum voluptatem fuga animi asperiores suscipit.
tejadaestela@example.com,El codigo negro,1,2023-10-17,Hic excepturi fugit quisquam a.
tejadaestela@example.com,La amenaza,1,2023-12-05,Ratione porro fugit.
tejadaestela@example.com,Punto ciego,2,2023-05-01,Neque ut omnis veniam excepturi iusto.
tejadaestela@example.com,Sangre fria,1,2024-08-21,Totam doloremque laboriosam minima omnis quaerat illo.
tejadaestela@example.com,La batalla final,2,2024-09-09,Autem libero perferendis excepturi.
montanorocio@example.net,La oscuridad interior,2,2025-11-06,Numquam quas quas itaque.
montanorocio@example.net,Sombras del pasado,1,2025-02-22,Earum dolorum cumque illo et iste.
montanorocio@example.net,La persecucion,1,2024-01-17,Aperiam velit odit enim eveniet accusantium facere.
montanorocio@example.net,Caos total,1,2023-07-31,Voluptatum facere facere dolores velit.
montanorocio@example.net,La ultima frontera,3,2025-05-26,Quibusdam vero commodi debitis.
montanorocio@example.net,Origen,1,2026-01-26,Tempore animi earum sunt quibusdam.
montanorocio@example.net,Sin salida aparente,5,2023-06-02,Error deleniti natus repellat nulla animi.
montanorocio@example.net,Fuera de control,3,2025-06-13,Odit sint at culpa suscipit neque ex corrupti.
montanorocio@example.net,El poder oculto,2,2025-09-17,Vel ipsam ut sed tempora aperiam aspernatur.
montanorocio@example.net,La noche de los lobos,3,2024-04-24,Tenetur provident blanditiis dolor ut tempore necessitatibus.
montanorocio@example.net,La isla perdida,2,2023-05-30,Reprehenderit a minus dolores.
montanorocio@example.net,Cero absoluto,4,2024-11-20,Culpa quas fugit.
montanorocio@example.net,En el limite,5,2024-02-07,Dignissimos odit natus eaque in.
montanorocio@example.net,El ladrón de sueños,4,2023-06-18,Eos voluptas tempore rerum dolor eaque dolorum maxime.
covarrubiasrafael@example.org,Caos total,1,2024-10-29,Dolores incidunt quasi nostrum mollitia animi cupiditate dolorem.
covarrubiasrafael@example.org,La sombra del mal,4,2025-12-10,Deleniti soluta perferendis.
covarrubiasrafael@example.org,Zona de peligro,1,2024-01-17,Aspernatur molestias repellat animi dignissimos repudiandae necessitatibus.
covarrubiasrafael@example.org,La amenaza silenciosa,4,2024-04-09,Architecto ut explicabo.
covarrubiasrafael@example.org,Territorio enemigo,3,2025-08-10,Dolorum molestias quasi dolorem cupiditate eveniet.
covarrubiasrafael@example.org,La fuga,4,2025-08-10,Quibusdam assumenda minima officiis doloribus asperiores.
covarrubiasrafael@example.org,La clave perdida,2,2024-11-14,Similique repellendus animi nemo tempora sint at.
covarrubiasrafael@example.org,El precio de la gloria,1,2025-12-23,Ut numquam fugit nisi optio.
covarrubiasrafael@example.org,La tela de araña,5,2023-09-30,Optio assumenda expedita consequatur eum.
covarrubiasrafael@example.org,El vigilante,2,2023-05-29,Quaerat quibusdam non unde iste molestias natus.
covarrubiasrafael@example.org,El tiempo se acaba,5,2025-06-22,Commodi aut numquam libero aut.
covarrubiasrafael@example.org,La oscuridad eterna,2,2025-02-14,Laudantium quidem aliquam.
mauriciomontalvo@example.net,Oscuridad total,5,2024-07-10,Odit molestiae sit labore.
mauriciomontalvo@example.net,El destino marcado,4,2026-01-13,Earum eligendi repudiandae et architecto recusandae.
mauriciomontalvo@example.net,La ultima frontera,4,2025-08-16,Neque pariatur illum officiis.
mauriciomontalvo@example.net,El despertador,1,2024-11-25,Velit ducimus qui delectus cum.
mauriciomontalvo@example.net,La ultima oportunidad,4,2025-08-25,Quam ipsum optio id nostrum aliquam.
franciscocordero@example.org,La sombra del futuro,1,2024-05-01,Earum ad dolorem quasi non aliquid culpa tempore.
franciscocordero@example.org,Furia imparable,4,2025-08-29,Perferendis nostrum necessitatibus facilis ipsam repellendus.
franciscocordero@example.org,La pesadilla,1,2025-09-09,Tempore adipisci modi facere accusamus et.
wendolin85@example.net,Fuga imposible,1,2025-02-16,Similique voluptas odit dicta ipsum ullam eius.
wendolin85@example.net,El juego mortal,2,2023-06-16,Nobis dicta voluptatem tempore consequatur iure ad.
wendolin85@example.net,Combustion,3,2024-02-14,Ducimus fugiat voluptates excepturi quis pariatur.
wendolin85@example.net,La herencia maldita,1,2024-02-24,Aliquam aspernatur neque.
wendolin85@example.net,Renacimiento,5,2025-06-20,Quis explicabo ad.
wendolin85@example.net,La guerra fria,1,2026-04-09,Commodi consequuntur cumque tempore.
wendolin85@example.net,El despertador,4,2025-07-04,Eum facere repellat similique quos.
wendolin85@example.net,El infierno verde,5,2025-07-15,Modi repellendus velit id consectetur dolor totam.
wendolin85@example.net,El tercer ojo,1,2026-03-10,Illo maxime labore nisi ullam iusto sapiente.
wendolin85@example.net,Instinto,2,2024-07-29,Ab quisquam temporibus dignissimos quibusdam dicta nobis.
wendolin85@example.net,La zona roja,2,2025-12-02,Hic voluptates nisi et libero sunt tenetur suscipit.
wendolin85@example.net,Mas alla del horizonte,5,2024-10-25,Quia atque rem quidem magni.
wendolin85@example.net,Sueños rotos,5,2025-10-24,Esse accusantium quidem atque.
wendolin85@example.net,La oscuridad eterna,4,2025-02-23,Ratione a pariatur fugiat.
wendolin85@example.net,El ultimo comando,5,2024-03-02,Animi vero voluptate totam voluptas voluptates.
dalia99@example.com,El cruce,3,2023-09-14,Ea nihil reprehenderit aperiam minima libero consequuntur.
dalia99@example.com,El precio de la gloria,2,2024-01-14,Qui veniam animi corrupti.
dalia99@example.com,El enviado,2,2024-10-11,Autem a dolorum ad.
bermudezeloisa@example.com,El espejo roto,4,2024-09-12,Vitae porro aliquid tenetur vitae veritatis asperiores at.
bermudezeloisa@example.com,La marca del diablo,1,2023-10-15,Culpa perferendis itaque ipsum atque in at.
bermudezeloisa@example.com,La herencia maldita,1,2025-04-30,Hic eveniet atque iste.
bermudezeloisa@example.com,El maestro del engano,5,2023-11-10,Temporibus quae dolores alias officia.
bermudezeloisa@example.com,El juego mortal,4,2025-07-05,Quidem laboriosam ullam reprehenderit placeat quod.
bermudezeloisa@example.com,Furia imparable,3,2023-10-14,Ut dolorum id facere laudantium similique.
bermudezeloisa@example.com,El testamento,1,2024-10-14,Corporis omnis debitis officiis eveniet dolores.
bermudezeloisa@example.com,La caida,5,2023-11-16,Perspiciatis tempora ab nulla.
bermudezeloisa@example.com,El enviado,2,2023-09-22,Corporis odio voluptatum magni maxime distinctio tempore tempora.
bermudezeloisa@example.com,Punto critico,1,2025-08-25,Voluptates delectus ut optio sed doloremque.
bermudezeloisa@example.com,La maldicion,5,2025-08-04,Ipsa ex similique cumque.
mnieves@example.net,La trampa,1,2024-02-28,Iste commodi excepturi quia nostrum quae.
mnieves@example.net,El despertar,3,2023-11-24,Repellat nulla quaerat temporibus.
mnieves@example.net,La conexion,5,2025-04-06,Sint quo aut soluta perferendis suscipit.
mnieves@example.net,La red de mentiras,5,2025-04-17,Perferendis doloribus laboriosam repellendus quisquam sapiente fuga.
mnieves@example.net,La caida,2,2025-04-15,Officia repellendus ipsum magnam.
mnieves@example.net,El espiritu guerrero,2,2025-12-05,Quaerat beatae temporibus.
mnieves@example.net,El cazador de almas,3,2024-11-30,Iusto doloribus est ab odit quibusdam incidunt.
mnieves@example.net,El riesgo calculado,3,2025-11-03,Assumenda aliquid sed cumque.
mnieves@example.net,Sin memoria,2,2025-07-09,Perspiciatis hic facilis odio facere eligendi.
mnieves@example.net,La tormenta perfecta,4,2023-05-02,Blanditiis voluptas quae recusandae quisquam.
rubengarica@example.org,La trampa mortal,4,2024-11-09,Consequatur accusamus tempora repellendus.
rubengarica@example.org,Explosion,4,2025-01-18,Tempora velit laudantium fuga.
rubengarica@example.org,El legado,4,2024-12-02,Qui magnam nemo cum voluptatum ad.
rubengarica@example.org,Sin limite,2,2023-12-01,Quod asperiores expedita delectus officiis.
rubengarica@example.org,La sombra del pasado,5,2024-09-03,Iure maxime nemo molestias eos.
rubengarica@example.org,La fuerza del destino,4,2024-03-29,Itaque voluptates commodi accusantium.
rubengarica@example.org,El testigo silencioso,1,2023-07-27,Ullam inventore cum dolor necessitatibus.
isaac69@example.net,Punto de no retorno,5,2025-01-11,Culpa sapiente commodi laboriosam corrupti quasi ratione.
isaac69@example.net,El error fatal,1,2024-09-26,Ad accusantium quas.
isaac69@example.net,La caida,4,2024-05-09,Quod nobis necessitatibus unde omnis labore ducimus.
isaac69@example.net,Sin limite,5,2023-04-27,Eaque pariatur voluptatibus nisi enim quas quisquam.
isaac69@example.net,El cazador,3,2024-12-05,Placeat dolore mollitia veritatis optio similique.
chavezteresa@example.net,Punto de no retorno,4,2026-02-09,In est nihil sed quae dolorum.
chavezteresa@example.net,Insurreccion,5,2023-04-22,Voluptas dignissimos similique sequi.
chavezteresa@example.net,El espejo oscuro,5,2026-04-19,Tempora sapiente nihil voluptatibus unde quod distinctio eveniet.
chavezteresa@example.net,Cero absoluto,5,2024-11-30,In quaerat accusantium asperiores.
chavezteresa@example.net,El punto final,1,2023-06-04,Nihil odit eligendi expedita commodi distinctio delectus.
chavezteresa@example.net,Golpe mortal,1,2024-10-13,Veniam ipsum occaecati numquam deleniti.
sde-la-torre@example.org,Zona de peligro,1,2023-11-23,Consequuntur officiis iste quod quos.
sde-la-torre@example.org,La caja de pandora,1,2023-08-08,Voluptatibus at eligendi.
sde-la-torre@example.org,La segunda oportunidad,1,2026-01-12,Officia ea molestias tempore deleniti.
sde-la-torre@example.org,Sin piedad ni gloria,1,2024-11-28,Excepturi facilis numquam qui molestias.
sde-la-torre@example.org,El precio de la gloria,5,2025-01-27,Dolorum pariatur repellat incidunt.
sde-la-torre@example.org,Combustion,3,2024-03-02,Consequuntur libero eos ipsum incidunt repudiandae.
sde-la-torre@example.org,El cazador de almas,5,2025-04-04,Impedit praesentium est molestias magni.
sde-la-torre@example.org,Luz y oscuridad,2,2024-03-27,Esse amet iste eos debitis numquam.
sde-la-torre@example.org,La marca del diablo,1,2026-03-09,Quos exercitationem ea aliquid facere.
sde-la-torre@example.org,Mas fuerte que el destino,1,2026-01-25,Similique expedita quis quisquam sapiente omnis.
sde-la-torre@example.org,La sombra del pasado,3,2025-02-24,Eius nostrum aliquam laboriosam.
sde-la-torre@example.org,Voces en la oscuridad,1,2025-10-16,Porro tempore harum non nulla necessitatibus.
sde-la-torre@example.org,Impacto final,2,2025-06-02,Distinctio aliquam aspernatur natus quisquam corrupti.
sde-la-torre@example.org,Explosion,4,2026-02-06,Suscipit dolor accusamus non earum itaque.
zoe26@example.org,Territorio enemigo,2,2025-10-03,Saepe quidem dolorem earum dolorem.
zoe26@example.org,La sombra del mal,3,2023-12-08,Repellendus ut earum soluta aut ea.
zoe26@example.org,El codigo negro,2,2025-05-15,Nesciunt aliquid eveniet.
zoe26@example.org,Colision,2,2025-08-10,Animi ipsam iure illum ducimus blanditiis laudantium.
zoe26@example.org,El precio del poder,5,2025-04-30,Quaerat reprehenderit sapiente consequuntur blanditiis voluptatibus eos.
zoe26@example.org,El ultimo paso,5,2024-06-18,Repellat quis minus quo maiores.
zoe26@example.org,La segunda oportunidad,3,2025-10-05,Cum facilis fugit voluptas.
zoe26@example.org,La cadena rota,2,2023-07-20,Tenetur incidunt nemo reiciendis.
zoe26@example.org,Descenso,5,2024-05-29,Debitis consequuntur alias qui dicta dolorum eum fugiat.
claudio32@example.net,La verdad prohibida,2,2024-02-24,Soluta qui similique explicabo aperiam quae.
claudio32@example.net,La frontera,1,2024-07-31,Deserunt doloribus a porro voluptates temporibus.
claudio32@example.net,Tierra de nadie,3,2024-08-02,Consequatur unde dolores ullam doloribus.
claudio32@example.net,La red,2,2026-03-25,Quam est soluta labore minus.
claudio32@example.net,Derrumbe,3,2024-07-23,Ea nisi dicta quaerat odio.
claudio32@example.net,Colapso,5,2023-08-21,Cum exercitationem impedit dolores alias unde.
zunigabenjamin@example.org,El tiempo se acaba,1,2025-08-28,Dolore nihil aperiam non inventore.
zunigabenjamin@example.org,Sin rastro,1,2024-05-17,Itaque impedit eaque iste similique repudiandae molestias.
zunigabenjamin@example.org,Bajo cero,4,2024-09-24,Animi dicta debitis soluta.
zunigabenjamin@example.org,El ultimo acto,3,2024-10-16,Error cum consequatur eum.
zunigabenjamin@example.org,Codigo rojo,3,2024-03-26,Esse tenetur provident repellendus officia ullam eos.
eva73@example.org,Fuera de control,5,2025-07-08,Sed aliquam sapiente odit molestiae error iste.
eva73@example.org,Doble identidad,5,2026-01-14,Consequuntur suscipit officia nulla similique ipsa et illo.
eva73@example.org,Conexion fatal,3,2023-08-17,Dolorum cupiditate facilis ducimus recusandae.
eva73@example.org,Sin limite,2,2026-02-11,Dolor at fugiat mollitia.
eva73@example.org,El mundo al reves,1,2023-10-11,Occaecati beatae ab cumque.
soledadolvera@example.com,La decision,1,2024-04-08,Repudiandae totam aut quo esse in inventore.
soledadolvera@example.com,El guardian,2,2023-07-18,Necessitatibus quaerat ipsam voluptatem laudantium autem.
soledadolvera@example.com,Tiempo prestado,4,2025-11-01,Eius placeat beatae ipsam.
soledadolvera@example.com,La herencia maldita,2,2026-01-29,Quidem quaerat sed doloribus tempora accusamus.
soledadolvera@example.com,El ultimo testigo,1,2024-09-12,Molestias minima repudiandae ex culpa commodi quisquam quisquam.
soledadolvera@example.com,La verdad oculta,1,2025-07-20,Libero minus ab quod.
soledadolvera@example.com,La red,5,2023-09-01,Atque odit eos labore.
soledadolvera@example.com,Mas fuerte que el destino,5,2024-07-29,Voluptatum ducimus cum vitae odit nulla ea.
soledadolvera@example.com,El eco del pasado,2,2024-10-08,Praesentium iusto hic praesentium.
soledadolvera@example.com,El infierno verde,2,2026-02-05,Excepturi alias beatae.
soledadolvera@example.com,La verdad prohibida,3,2025-02-17,Ducimus necessitatibus reprehenderit officiis totam veritatis deserunt.
soledadolvera@example.com,La oscuridad interior,2,2024-10-29,Dignissimos voluptate nobis.
soledadolvera@example.com,Tierra de nadie,1,2023-05-08,Deleniti voluptate vero perspiciatis.
soledadolvera@example.com,El vacio,1,2025-07-29,Quibusdam distinctio quos nisi eligendi.
soledadolvera@example.com,Desolacion,1,2025-03-23,Molestiae excepturi unde libero.
caraballoesperanza@example.org,Punto de no retorno,2,2025-03-13,Aliquam quasi incidunt voluptates aperiam mollitia consequuntur.
caraballoesperanza@example.org,El mensajero,4,2025-08-24,Veniam eveniet praesentium voluptatibus eos.
caraballoesperanza@example.org,En el limite,4,2024-02-02,Fugit praesentium facilis explicabo.
caraballoesperanza@example.org,El tercer ojo,4,2023-10-18,Minima illum aliquam vel aliquid consequuntur voluptatem dicta.
caraballoesperanza@example.org,La noche sin fin,1,2024-09-09,Voluptatibus hic doloribus eaque beatae.
caraballoesperanza@example.org,La profecia,5,2025-03-24,Similique fuga blanditiis cumque.
caraballoesperanza@example.org,La red,5,2025-12-05,Architecto rem doloremque fugiat.
caraballoesperanza@example.org,La fuerza del mal,3,2025-01-12,Laudantium culpa quidem necessitatibus voluptates harum consequatur.
caraballoesperanza@example.org,La zona gris,1,2023-08-16,Id mollitia voluptatibus officiis sint.
caraballoesperanza@example.org,Territorio enemigo,4,2025-04-14,Illo repudiandae quo ducimus sunt magni minima.
caraballoesperanza@example.org,El cazador de almas,5,2024-03-15,Sapiente eius vero perspiciatis fugit facere.
bravoursula@example.org,El regreso del mal,1,2023-09-24,Sapiente autem veritatis aperiam.
bravoursula@example.org,Golpe mortal,4,2024-05-04,Aliquid ullam harum sapiente nobis vel.
bravoursula@example.org,La tela de araña,4,2025-01-14,Assumenda consequuntur quo expedita.
carrascodiana@example.org,La conspiración,4,2023-07-19,Quo occaecati voluptatibus nam.
carrascodiana@example.org,El guardian eterno,1,2024-06-12,Itaque suscipit laboriosam eligendi nobis magni officia vel.
carrascodiana@example.org,Territorio enemigo,2,2023-06-10,Quibusdam rem similique dolore.
carrascodiana@example.org,Impacto,4,2025-02-02,Dolorem explicabo sapiente cumque quibusdam.
carrascodiana@example.org,La voz del silencio,4,2025-05-02,Temporibus nostrum veritatis alias explicabo libero aperiam.
carrascodiana@example.org,La tormenta perfecta,5,2025-06-25,Deleniti voluptas incidunt nobis exercitationem.
carrascodiana@example.org,Punto de no retorno,1,2024-09-17,Laboriosam qui quos.
carrascodiana@example.org,Mas alla del horizonte,1,2025-07-27,Laborum modi corporis.
carrascodiana@example.org,El cazador,3,2026-01-26,Quisquam fugiat rerum doloremque saepe sunt dicta.
carrascodiana@example.org,El regreso,2,2025-05-02,Soluta molestias aliquam qui.
carrascodiana@example.org,El poder oculto,4,2024-12-18,Ut ad beatae nihil.
carrascodiana@example.org,Sin memoria,5,2023-12-27,Facilis similique repellendus.
carrascodiana@example.org,El oraculo,4,2024-11-15,Tempore nostrum necessitatibus et.
carrascodiana@example.org,Sin fronteras,4,2024-05-23,Quisquam corrupti quibusdam similique ducimus.
ybueno@example.com,El regreso,1,2023-08-15,Praesentium nam cum.
ybueno@example.com,La tormenta perfecta,1,2024-02-21,Molestiae molestiae esse dicta excepturi nostrum quidem.
ybueno@example.com,Origen,5,2023-12-28,Doloribus consequuntur fugiat facilis quo dignissimos.
ybueno@example.com,La herida abierta,5,2023-07-14,Blanditiis inventore debitis numquam.
ybueno@example.com,Luz y oscuridad,1,2025-06-04,Quod nobis blanditiis.
ybueno@example.com,La amenaza silenciosa,3,2025-01-02,Quia reprehenderit corporis ratione vel.
ybueno@example.com,Fragmentos,4,2025-01-19,Eligendi aliquam maiores.
ybueno@example.com,La amenaza,5,2024-09-08,Aliquam id et quasi rerum omnis veniam distinctio.
ybueno@example.com,Evasion total,3,2023-06-03,Qui recusandae quia adipisci aliquam.
ybueno@example.com,Mas fuerte que el destino,2,2024-06-17,Saepe modi et odio quod ad minima.
ybueno@example.com,La caja de pandora,2,2026-02-07,Dolorem perspiciatis corrupti nesciunt esse.
ybueno@example.com,La noche infinita,2,2025-05-19,Est blanditiis doloribus.
ybueno@example.com,El despertar,1,2023-05-03,Enim at quam sunt tempora maxime.
ybueno@example.com,Impacto,2,2023-11-09,Ipsum quaerat unde consequuntur voluptatum deserunt ex.
elvira75@example.com,El observador,3,2023-12-19,Natus blanditiis nemo esse magnam.
elvira75@example.com,El maestro del engano,5,2024-09-25,Ab molestias voluptas.
elvira75@example.com,La fuerza del destino,5,2024-03-19,Ipsam consequatur vero repellendus amet.
elvira75@example.com,La noche sin fin,5,2024-04-06,Non iste autem animi at.
rolando79@example.net,El tiempo se acaba,3,2024-11-06,Doloremque consectetur modi corrupti quisquam consectetur minima.
rolando79@example.net,Zona de guerra,1,2026-02-22,Veniam repudiandae est aperiam.
rolando79@example.net,La guerra de sombras,3,2023-12-24,Asperiores voluptatibus velit dolores sed harum in.
rolando79@example.net,Impacto final,2,2024-05-02,Sit molestiae neque quibusdam quos quidem.
rolando79@example.net,El secreto del lago,2,2026-02-27,Qui eveniet consequuntur itaque dignissimos nostrum quis in.
rolando79@example.net,La espiral,3,2023-05-21,Itaque dolorem ducimus numquam animi.
rolando79@example.net,El cazador solitario,1,2023-07-20,Rerum animi officia neque dolore in.
rolando79@example.net,La segunda oportunidad,4,2023-11-18,In temporibus libero cumque.
rolando79@example.net,Zona de peligro,1,2025-10-13,Velit voluptatibus nobis velit hic adipisci pariatur ratione.
rolando79@example.net,Golpe mortal,2,2023-12-11,Id aperiam nobis amet.
rolando79@example.net,La verdad oculta,1,2024-05-12,Omnis atque eligendi eaque consectetur.
rolando79@example.net,La herida abierta,1,2023-09-11,Ratione saepe dicta.
sandra88@example.com,El espejo oscuro,2,2023-12-20,Ut iure quos placeat id.
sandra88@example.com,Renacimiento,5,2026-04-15,Perspiciatis autem facilis.
sandra88@example.com,La trampa mortal,5,2024-07-27,Libero eveniet facilis quas provident unde.
raulperalta@example.org,La señal perdida,5,2023-12-01,Repellendus totam quaerat dolorem rerum aperiam consequuntur.
raulperalta@example.org,Punto ciego,4,2024-03-05,Sunt tenetur repellendus eius.
raulperalta@example.org,Sin identidad conocida,1,2026-02-12,Laudantium pariatur nostrum impedit suscipit voluptates.
raulperalta@example.org,La sombra del pasado,5,2023-08-27,Numquam animi alias ducimus sapiente accusantium quis.
raulperalta@example.org,La decision,2,2024-12-27,At nisi perferendis.
raulperalta@example.org,La conexion,2,2023-09-12,Accusamus aliquam deserunt quo maiores.
raulperalta@example.org,El cruce,2,2025-10-07,Velit laudantium at consequatur et.
raulperalta@example.org,Zona de guerra,3,2024-08-09,Ex natus occaecati perferendis dicta.
raulperalta@example.org,Mas alla del bien,3,2026-02-05,Rem explicabo maxime dolor.
velazquezjose-maria@example.com,Colision,2,2024-05-25,Nemo mollitia aliquid deleniti.
velazquezjose-maria@example.com,El umbral,3,2023-07-01,Facilis architecto commodi soluta sit aspernatur nemo nesciunt.
velazquezjose-maria@example.com,Torbellino,5,2025-04-17,Animi corrupti adipisci illum.
velazquezjose-maria@example.com,Fuga imposible,4,2024-05-13,Nisi eaque dolorem laborum quae quasi quo.
velazquezjose-maria@example.com,Combustion,5,2024-12-08,Quidem explicabo repudiandae hic nisi numquam ipsum.
velazquezjose-maria@example.com,Sin salida,2,2023-12-06,Illo ducimus placeat nostrum earum odio hic.
velazquezjose-maria@example.com,La marca del diablo,5,2024-04-08,Consequuntur aliquid voluptatem nam aperiam.
velazquezjose-maria@example.com,La amenaza,5,2026-01-01,Praesentium quaerat magni ipsum non vel inventore corporis.
velazquezjose-maria@example.com,Colisión de mundos,2,2025-12-23,Sed fugit a provident maiores quaerat.
velazquezjose-maria@example.com,El guerrero,4,2023-12-05,Maxime ex sint exercitationem harum neque officiis.
jacintomontemayor@example.com,El despertador,3,2024-03-10,Vitae aperiam amet pariatur dolores commodi.
jacintomontemayor@example.com,El proyecto secreto,4,2024-01-25,Provident ducimus cumque repellendus.
jacintomontemayor@example.com,La rueda del destino,5,2025-01-09,Magnam animi voluptas maxime.
modesto72@example.org,La ultima esperanza,5,2023-12-15,Ea voluptate unde hic architecto.
modesto72@example.org,Sombras del pasado,5,2023-10-14,Quibusdam optio impedit quidem error.
modesto72@example.org,Sin piedad,4,2024-06-04,Nobis voluptate eligendi modi libero ex quidem quia.
modesto72@example.org,La batalla final,5,2023-08-24,Fugiat doloremque dignissimos debitis officia.
modesto72@example.org,El ultimo testigo,2,2025-07-06,Aliquid earum nam veritatis quas exercitationem.
modesto72@example.org,El camino perdido,1,2024-12-18,Neque earum sit.
modesto72@example.org,Descenso,1,2026-02-15,Dolores eum voluptatem.
modesto72@example.org,El legado,5,2024-11-20,Ipsam dicta doloremque repellendus mollitia perspiciatis.
modesto72@example.org,Doble identidad,5,2026-02-27,Voluptates ipsa quasi autem aspernatur esse.
modesto72@example.org,La amenaza,1,2024-11-22,Dolorum labore aut quae qui odio dolor.
modesto72@example.org,Sin tregua,3,2023-07-17,Hic ab quod quaerat in natus accusamus nulla.
modesto72@example.org,El horizonte perdido,1,2026-03-25,Aliquam quasi et hic.
modesto72@example.org,La isla perdida,1,2024-01-24,Repudiandae omnis est natus tenetur vitae.
sessasegura@example.org,Sin salida aparente,4,2023-12-06,Ea odit maxime repudiandae aliquid cum perferendis illo.
sessasegura@example.org,Impacto,3,2025-06-16,Accusamus quibusdam voluptates ad debitis commodi repudiandae porro.
sessasegura@example.org,El doble juego,2,2025-03-25,Doloremque fugit consectetur maxime.
sessasegura@example.org,El espejo roto,3,2023-08-28,Nesciunt cum aut totam corrupti.
sessasegura@example.org,Sin nombre,1,2025-05-04,Vitae blanditiis cum saepe consequuntur.
sessasegura@example.org,Zona de guerra,5,2025-12-24,Suscipit fuga aperiam harum.
sessasegura@example.org,La amenaza silenciosa,2,2026-01-25,Consectetur itaque porro sint suscipit cum.
sessasegura@example.org,El cazador,5,2023-05-27,Accusamus ea accusantium repellat facilis facilis magni.
sessasegura@example.org,El abismo oscuro,1,2025-11-12,Pariatur facilis dicta accusantium.
sessasegura@example.org,Punto critico,5,2025-04-10,Sit voluptatibus ipsa.
sessasegura@example.org,La oscuridad interior,1,2025-05-02,Veniam amet distinctio quidem quis aliquam.
sessasegura@example.org,Sin piedad,1,2026-03-05,Nesciunt a tenetur commodi.
penadavid@example.com,La verdad oculta,5,2025-06-08,Ducimus ea provident iure.
penadavid@example.com,El testigo silencioso,1,2026-03-04,Sequi accusantium repellat esse id tempore.
penadavid@example.com,Punto ciego,4,2025-10-05,Ipsam dicta quae iusto.
penadavid@example.com,Sin tregua,1,2024-07-16,Eveniet fugit ipsam nihil odit.
penadavid@example.com,La ultima frontera,1,2025-10-16,Minima nostrum asperiores odio expedita repellat.
penadavid@example.com,El eco del pasado,1,2023-11-17,Incidunt ducimus rerum nobis.
penadavid@example.com,El elegido,3,2025-01-27,Natus dignissimos eaque ullam laudantium quisquam.
penadavid@example.com,La mente oscura,4,2026-04-19,Laudantium illo fuga eveniet nam.
ualtamirano@example.com,La marca del diablo,4,2026-01-17,Error atque accusantium nisi ipsam reprehenderit praesentium porro.
ualtamirano@example.com,La oscuridad eterna,3,2025-11-01,Similique accusantium fuga quaerat eius.
ualtamirano@example.com,La herida abierta,1,2024-10-30,Enim maiores voluptatibus necessitatibus ipsum placeat consequuntur.
ualtamirano@example.com,Impacto,4,2025-01-31,Suscipit iusto ex ratione deleniti.
ualtamirano@example.com,La maldicion,2,2024-07-19,Facilis minima distinctio rerum voluptatibus magnam optio exercitationem.
ualtamirano@example.com,La alianza,1,2025-08-23,Consequuntur ex eos doloremque tenetur soluta nihil.
ualtamirano@example.com,Colision,3,2023-09-28,Saepe itaque natus rem.
ualtamirano@example.com,La red de mentiras,2,2024-06-20,Labore in est quasi neque eveniet commodi.
ualtamirano@example.com,El espejo oscuro,3,2024-06-03,Exercitationem necessitatibus quia.
ualtamirano@example.com,El despertador,5,2025-12-28,Excepturi laudantium recusandae soluta accusantium est necessitatibus.
ualtamirano@example.com,La redencion,1,2025-02-09,Rem nemo suscipit dolores dolor ex.
casasnayeli@example.org,Caos total,2,2023-09-16,Porro facilis nemo est reprehenderit officia omnis sunt.
casasnayeli@example.org,La redencion,1,2025-02-05,Fugit nostrum a illo dolorem unde.
casasnayeli@example.org,La isla perdida,2,2023-06-21,Cumque facere iste eaque praesentium temporibus nisi.
casasnayeli@example.org,La fuerza interior,3,2023-10-24,Quos placeat facilis quo corrupti.
casasnayeli@example.org,El observador,4,2025-04-01,Reiciendis corrupti corporis inventore deleniti placeat omnis.
casasnayeli@example.org,La señal,2,2024-10-29,Amet suscipit rem voluptas a minima hic.
casasnayeli@example.org,El cazador,1,2025-12-06,Nostrum temporibus eos sed molestias sit.
casasnayeli@example.org,Punto sin retorno,2,2025-10-20,Quisquam nihil repellendus aut amet repellendus.
casasnayeli@example.org,La amenaza,1,2025-07-03,In voluptatum tempora dignissimos voluptas illum.
casasnayeli@example.org,El laberinto,1,2023-07-25,Aliquid voluptate quisquam minus.
casasnayeli@example.org,La ultima batalla,5,2024-05-27,Illo dignissimos molestiae ratione deserunt.
casasnayeli@example.org,La venganza perfecta,3,2025-02-06,Repudiandae occaecati molestiae officiis vitae incidunt.
casasnayeli@example.org,El ultimo susurro,4,2025-06-24,Temporibus voluptates amet distinctio placeat.
anaranjo@example.net,La batalla final,5,2025-05-20,Itaque voluptas laborum distinctio ea minima.
anaranjo@example.net,La gran aventura,4,2023-12-10,Delectus libero similique aspernatur hic voluptatum eum.
anaranjo@example.net,El precio de la verdad,2,2025-01-22,Ea adipisci eum.
anaranjo@example.net,El riesgo calculado,3,2025-12-01,Minima itaque libero minus totam maiores cumque assumenda.
anaranjo@example.net,La trampa mortal,2,2023-09-07,Temporibus placeat iste aut occaecati neque.
anaranjo@example.net,Torbellino,3,2023-09-05,Libero recusandae fuga quam.
anaranjo@example.net,Voces en la oscuridad,2,2024-12-13,Eos recusandae dolores.
anaranjo@example.net,Territorio enemigo,3,2023-05-24,Corporis architecto alias.
geronimosuarez@example.org,El riesgo calculado,5,2026-02-23,Ut facilis velit doloremque ducimus in nulla.
geronimosuarez@example.org,El proyecto secreto,4,2025-01-07,Inventore ipsa alias harum praesentium at asperiores a.
geronimosuarez@example.org,Renacimiento,3,2023-04-27,Eius corporis libero corporis iste accusamus molestias.
geronimosuarez@example.org,El laberinto,1,2026-03-12,Quasi beatae quod.
geronimosuarez@example.org,El maestro del engano,5,2024-09-19,Deleniti optio aspernatur nostrum veritatis expedita impedit.
geronimosuarez@example.org,El eco del pasado,3,2026-03-30,Voluptatum tenetur repellat accusantium minima.
geronimosuarez@example.org,La tormenta perfecta,2,2024-07-31,Aperiam quaerat mollitia similique in.
geronimosuarez@example.org,El umbral,2,2024-12-06,Nesciunt quas occaecati suscipit distinctio itaque.
geronimosuarez@example.org,El destino marcado,2,2025-10-28,Impedit veniam delectus eveniet ad vel quo.
geronimosuarez@example.org,Descenso,4,2025-09-19,Fugit iure ipsam occaecati modi cupiditate.
geronimosuarez@example.org,La espiral,5,2024-06-17,Tenetur eius quasi.
geronimosuarez@example.org,El testamento,2,2025-05-26,Est laudantium aut ea dolorum exercitationem.
geronimosuarez@example.org,El cazador,5,2024-04-28,Iusto omnis nulla at fugiat fuga quasi.
geronimosuarez@example.org,La amenaza,4,2025-05-11,Minima nisi odit corrupti.
geronimosuarez@example.org,Tiempo prestado,4,2024-04-16,Totam enim dicta nemo.
saenzelisa@example.org,Sin identidad,5,2026-01-08,Exercitationem laudantium consequatur dolores nisi sit.
saenzelisa@example.org,Renacimiento,5,2023-10-26,Labore itaque eveniet vero veritatis libero.
saenzelisa@example.org,Impacto final,1,2026-02-08,Quos optio consectetur commodi molestiae error aliquam aliquid.
saenzelisa@example.org,Tierra de nadie,3,2026-02-01,Magnam eos praesentium ipsum vero placeat sapiente.
saenzelisa@example.org,El cazador,3,2024-03-20,Optio expedita quae laborum.
saenzelisa@example.org,La ultima frontera,1,2024-01-20,Aliquid sequi reprehenderit.
saenzelisa@example.org,Fuga imposible,3,2025-06-16,Nemo magnam reprehenderit dolores fugiat expedita.
saenzelisa@example.org,El vigilante,1,2024-12-08,Nemo dolores veniam laboriosam.
saenzelisa@example.org,El eco del pasado,2,2024-01-21,Nostrum laborum saepe reprehenderit.
saenzelisa@example.org,La trampa mortal,4,2025-11-15,Error fugiat ipsam aspernatur numquam quisquam.
saenzelisa@example.org,La señal perdida,2,2023-09-08,Inventore eaque eius consequatur alias.
victorcardenas@example.org,El ultimo recurso,1,2024-02-29,Sed repudiandae dolorem fugiat recusandae omnis odio.
victorcardenas@example.org,El cazador,2,2025-01-25,Minima cupiditate facilis eius quia beatae.
victorcardenas@example.org,El ladrón de sueños,5,2024-12-12,Minus perferendis minus totam magni.
victorcardenas@example.org,La señal perdida,1,2025-04-13,Vitae repudiandae laborum aliquid tempore.
victorcardenas@example.org,Desolacion,2,2024-04-09,Suscipit deserunt molestiae fugiat inventore voluptatibus totam.
victorcardenas@example.org,Evasion total,2,2026-03-30,Sint et minima asperiores veniam.
victorcardenas@example.org,Derrumbe,1,2024-08-13,Unde mollitia aliquid recusandae quibusdam explicabo ipsam quibusdam.
victorcardenas@example.org,La ultima esperanza,1,2024-01-09,Architecto deserunt itaque culpa quidem itaque libero.
victorcardenas@example.org,La conspiración,2,2025-09-11,Aut magnam consequuntur quam praesentium fuga.
victorcardenas@example.org,La guerra fria,2,2024-08-05,At aut consequuntur a.
victorcardenas@example.org,La red,5,2026-02-15,Ratione ea aspernatur.
victorcardenas@example.org,El ultimo dia,5,2024-05-20,Itaque accusantium labore fugiat pariatur.
victorcardenas@example.org,El destino marcado,5,2025-04-22,Nisi enim sunt autem earum voluptatibus natus eligendi.
fmadrigal@example.org,El juego mortal,3,2024-10-31,Sequi repellat aliquid natus quia.
fmadrigal@example.org,La ultima oportunidad,3,2025-10-03,Quos eos eaque id.
fmadrigal@example.org,La conspiración,2,2026-01-28,Soluta totam voluptate nesciunt aliquam.
fmadrigal@example.org,El umbral,3,2025-05-25,Unde voluptas architecto similique.
vresendez@example.com,El infierno verde,3,2023-08-09,Quas dolore eaque velit modi.
vresendez@example.com,La señal perdida,5,2025-10-06,Libero laborum ipsum eligendi quisquam dolorem laborum.
vresendez@example.com,La herida abierta,4,2025-11-09,Ullam ipsum delectus neque error inventore.
vresendez@example.com,El cazador,3,2025-10-29,Quibusdam sit aliquam eos voluptatibus.
vresendez@example.com,La caja de pandora,4,2024-03-01,Accusamus libero repellat facere porro distinctio.
vresendez@example.com,El cazador de almas,1,2025-04-30,Alias voluptate est numquam aut consequuntur suscipit.
vresendez@example.com,Fuera de control,4,2024-02-19,Illo quia similique repellat harum expedita reprehenderit.
vresendez@example.com,La caida libre,4,2024-02-02,Nobis consequatur sunt ratione eaque.
vresendez@example.com,El mundo al reves,4,2024-02-09,Facilis recusandae dolorem sapiente repellendus eligendi adipisci sed.
vresendez@example.com,La verdad prohibida,1,2026-04-01,Ipsam doloremque dolorum nihil assumenda sit expedita.
vresendez@example.com,La ultima esperanza,1,2025-08-29,Inventore possimus nulla explicabo.
vresendez@example.com,El oraculo,1,2023-10-27,Cupiditate earum impedit quam omnis doloremque.
vresendez@example.com,La venganza,1,2023-07-31,Atque necessitatibus incidunt corporis delectus ab inventore vero.
vresendez@example.com,El ultimo comando,4,2024-08-07,Ipsam nisi sint.
vresendez@example.com,Sin identidad conocida,4,2025-05-10,Sit natus blanditiis perspiciatis id.
pornelas@example.com,La trampa mortal,5,2026-03-30,Vero accusamus voluptatibus soluta exercitationem.
pornelas@example.com,La señal,1,2023-12-28,Modi quidem laudantium tenetur numquam esse.
pornelas@example.com,El oraculo,1,2024-01-28,Sapiente nostrum alias accusantium facere labore laboriosam.
pornelas@example.com,En el limite,5,2024-11-24,Reiciendis illo et nihil.
rolandorobledo@example.net,La guerra de sombras,5,2023-06-25,Quasi expedita doloribus adipisci saepe.
rolandorobledo@example.net,La ultima batalla,5,2024-08-18,Minima itaque harum nihil.
rolandorobledo@example.net,La gran aventura,1,2025-11-16,Non aperiam harum provident mollitia voluptate voluptatibus veniam.
rolandorobledo@example.net,En el limite,4,2025-12-25,Assumenda reiciendis delectus libero.
rolandorobledo@example.net,Sombras del pasado,2,2025-03-22,Voluptates laboriosam natus delectus eligendi neque.
rolandorobledo@example.net,La espiral,5,2026-02-13,Tempore alias debitis placeat.
rolandorobledo@example.net,El ultimo comando,5,2023-10-21,Accusantium cumque corporis expedita expedita.
gescamilla@example.org,Cero absoluto,5,2025-03-10,Facere cum consequatur nesciunt id ea dignissimos reiciendis.
gescamilla@example.org,La trampa mortal,2,2025-05-21,Ab hic eaque ea.
gescamilla@example.org,Tierra de nadie,2,2025-02-15,Saepe qui rerum veritatis corrupti id.
gescamilla@example.org,La venganza perfecta,3,2023-09-13,Delectus nostrum sint magni saepe recusandae.
gescamilla@example.org,La profecia,2,2026-04-07,Ratione totam odit sapiente sint sequi.
gescamilla@example.org,El umbral,5,2026-01-12,Temporibus quisquam quas blanditiis.
gescamilla@example.org,Punto critico,3,2025-04-28,Voluptate quos corrupti veritatis.
gescamilla@example.org,Origen,1,2025-06-02,Eligendi cupiditate praesentium necessitatibus officiis quo.
valentinpamela@example.net,La bestia,1,2025-07-27,Magni corrupti rem reprehenderit sequi.
valentinpamela@example.net,Sin salida,3,2024-04-20,Doloremque facilis rerum excepturi magnam.
valentinpamela@example.net,Fragmentos,3,2025-05-17,Soluta sint non dolore.
valentinpamela@example.net,La cadena rota,3,2023-12-19,Assumenda nulla quia fugiat in excepturi.
valentinpamela@example.net,El codigo olvidado,1,2023-10-21,Voluptates quam nisi veritatis natus vitae quidem autem.
avaloscecilia@example.net,El espiritu guerrero,3,2024-04-02,Corrupti ea minima assumenda maxime.
avaloscecilia@example.net,La segunda oportunidad,2,2023-10-25,Earum voluptas necessitatibus possimus.
avaloscecilia@example.net,Mas alla del horizonte,2,2024-01-17,Nobis reiciendis quo.
avaloscecilia@example.net,Sombra y luz,5,2024-03-27,Ullam provident reiciendis aperiam perferendis dolores.
zamorafrancisco-javier@example.net,El ladrón de sueños,1,2024-09-18,Rerum porro repellendus quasi labore nemo molestias.
zamorafrancisco-javier@example.net,Tiempo prestado,1,2026-02-05,Commodi atque similique.
zamorafrancisco-javier@example.net,Sin nombre,1,2025-12-25,Quis eligendi animi eum sint impedit.
zamorafrancisco-javier@example.net,Mas alla del horizonte,3,2025-07-09,Incidunt tempora sapiente modi dicta.
zamorafrancisco-javier@example.net,Sin cuartel,2,2025-07-05,Ratione ut temporibus ullam voluptatibus.
zamorafrancisco-javier@example.net,Insurreccion,3,2025-06-20,Ullam iste velit ab ipsum.
zamorafrancisco-javier@example.net,El laberinto,5,2026-03-21,In a inventore illo architecto.
zamorafrancisco-javier@example.net,Derrumbe,5,2025-02-15,Praesentium animi harum accusantium repellat voluptates quos.
zamorafrancisco-javier@example.net,Sin limite,2,2025-04-19,Architecto commodi consequatur numquam.
zamorafrancisco-javier@example.net,El punto de quiebre,3,2024-06-24,Blanditiis voluptates beatae dicta perferendis nam.
yuridiavillagomez@example.com,Zona prohibida,2,2024-11-26,Provident fugit fuga debitis.
yuridiavillagomez@example.com,El juego mortal,1,2025-09-20,Illum reprehenderit cum explicabo.
yuridiavillagomez@example.com,Impacto,1,2025-08-07,Libero autem delectus.
yuridiavillagomez@example.com,La señal perdida,3,2024-06-25,Minima nobis facilis reprehenderit enim.
yuridiavillagomez@example.com,El monstruo interior,4,2024-01-01,Quisquam adipisci molestias esse voluptates laudantium quasi.
yuridiavillagomez@example.com,Combustion,1,2025-08-13,Natus doloremque sit ipsam.
juan-carlos01@example.net,Colisión de mundos,3,2026-03-06,Soluta laborum dolor veritatis doloremque.
juan-carlos01@example.net,El secreto del lago,5,2024-09-19,Deleniti optio esse optio nulla non.
juan-carlos01@example.net,La decision,5,2024-08-25,Possimus ducimus fuga alias.
juan-carlos01@example.net,Mas alla del horizonte,3,2024-01-28,Maiores nihil ullam.
juan-carlos01@example.net,Origen,4,2024-12-07,Aut quisquam a aperiam cum.
juan-carlos01@example.net,Evasion total,1,2024-04-25,Accusantium quasi odio autem veritatis quia.
juan-carlos01@example.net,La clave perdida,3,2023-06-10,Reiciendis dignissimos sapiente doloremque eaque.
juan-carlos01@example.net,El ultimo susurro,4,2024-02-22,Est ab culpa fugit quam.
juan-carlos01@example.net,El umbral,4,2026-02-13,Dolores magni repellendus quibusdam aut nisi eius minus.
juan-carlos01@example.net,El abismo oscuro,3,2025-03-27,Repudiandae minus maxime iusto id pariatur.
juan-carlos01@example.net,El cazador solitario,4,2023-08-18,Voluptatum debitis eveniet quia.
juan-carlos01@example.net,La sombra del pasado,4,2023-10-14,Odit debitis amet explicabo sapiente.
juan-carlos01@example.net,El testamento,2,2025-07-02,Repellat eius quis quos dolorum.
juan-carlos01@example.net,El regreso del mal,2,2023-11-16,Laboriosam reprehenderit ratione ea rem.
juan-carlos01@example.net,El ultimo viaje,5,2023-10-03,Molestias quaerat tenetur perferendis sed cum.
emilio29@example.org,Oscuridad total,1,2024-03-31,Reprehenderit suscipit optio numquam.
emilio29@example.org,La herida abierta,4,2023-10-08,Doloribus nostrum labore maxime.
emilio29@example.org,La frontera,2,2025-10-07,Assumenda necessitatibus quisquam laboriosam et aperiam.
emilio29@example.org,El horizonte perdido,2,2025-09-10,Commodi consectetur dolore quod numquam reiciendis.
emilio29@example.org,El umbral,1,2023-05-16,Provident quidem officiis sit accusamus optio.
emilio29@example.org,Zona prohibida,2,2024-09-28,Quos labore sint illum rem quod vitae minima.
emilio29@example.org,La oscuridad interior,4,2024-12-29,In porro minus nobis fugit suscipit libero.
emilio29@example.org,La fuerza del mal,3,2026-04-16,Adipisci eaque esse aspernatur.
emilio29@example.org,La trampa final,5,2023-11-29,Tenetur dolorum nostrum veniam deleniti quibusdam.
emilio29@example.org,La amenaza silenciosa,5,2025-09-21,Repudiandae quia minus perspiciatis earum facilis iure omnis.
merinoabelardo@example.net,El horizonte perdido,5,2025-08-29,Aut corrupti reprehenderit consequuntur.
merinoabelardo@example.net,El infiltrado,2,2023-10-03,Ipsam eaque repellat accusantium quam.
merinoabelardo@example.net,La sombra del futuro,2,2023-08-20,Veritatis magni corporis quasi.
merinoabelardo@example.net,La tormenta perfecta,2,2023-05-16,Dolor pariatur odio sint.
merinoabelardo@example.net,El observador,2,2024-10-01,Autem commodi ut sed officiis.
merinoabelardo@example.net,Caos total,2,2024-01-24,Tempora quos nisi id deserunt.
merinoabelardo@example.net,El proyecto secreto,4,2025-03-27,Voluptas et optio soluta praesentium tempora asperiores.
merinoabelardo@example.net,La alianza,5,2024-09-05,Aspernatur sint cupiditate.
merinoabelardo@example.net,Derrumbe,2,2023-08-05,Fugiat labore voluptates fugit.
merinoabelardo@example.net,El cazador solitario,4,2024-05-11,At praesentium deserunt.
peraltacamila@example.com,El guerrero,3,2023-11-18,Expedita quam eius eius quam nisi dignissimos.
peraltacamila@example.com,Fuera de control,2,2025-03-03,Similique laborum esse tempora iusto quam.
peraltacamila@example.com,El legado,1,2025-08-03,Porro nemo fugiat modi odio provident accusantium temporibus.
peraltacamila@example.com,El ultimo testigo,2,2023-10-10,Amet aliquam debitis corrupti praesentium perferendis molestias error.
peraltacamila@example.com,El infiltrado,1,2024-08-18,Quas impedit reiciendis alias repudiandae eaque autem.
peraltacamila@example.com,El enviado,1,2024-01-24,Asperiores sed totam possimus.
peraltacamila@example.com,Golpe mortal,4,2025-04-11,Ratione necessitatibus soluta mollitia magni maiores maxime.
peraltacamila@example.com,El infierno verde,1,2025-12-15,Quo dolor illum placeat voluptates laudantium sed iste.
peraltacamila@example.com,El ultimo susurro,3,2024-02-11,Eius eveniet autem repudiandae.
peraltacamila@example.com,La fuerza del mal,4,2025-08-21,Possimus ducimus accusamus rem ipsum.
peraltacamila@example.com,El guardian,4,2025-10-12,Accusantium nihil ullam distinctio possimus doloribus.
peraltacamila@example.com,Zona de guerra,3,2026-03-26,Quae eaque et at.
olgaverduzco@example.net,Desolacion,4,2023-09-06,Necessitatibus earum occaecati molestias.
olgaverduzco@example.net,Sin fronteras,4,2025-10-12,Perferendis quae temporibus illum iure possimus.
olgaverduzco@example.net,La conexion,1,2024-04-30,Quas veritatis quidem quisquam natus vitae quibusdam.
olgaverduzco@example.net,Explosion,4,2025-05-28,Maxime neque molestiae nulla autem.
olgaverduzco@example.net,Combustion,5,2025-09-18,Provident reprehenderit sed labore quis magnam porro debitis.
olgaverduzco@example.net,Zona prohibida,5,2024-08-09,Veniam dolorem veniam magnam.
olgaverduzco@example.net,El mundo al reves,4,2025-12-09,Nam libero sequi culpa ducimus.
olgaverduzco@example.net,La fuga,1,2025-02-13,Vitae ut nihil rerum.
olgaverduzco@example.net,El ultimo recurso,3,2025-09-28,Illum odit necessitatibus architecto tempore eligendi assumenda.
gerardode-la-garza@example.com,El umbral,1,2024-05-29,Iusto quidem officiis ab sapiente.
gerardode-la-garza@example.com,Sin piedad ni gloria,5,2025-03-27,Itaque doloremque dolorum dolores inventore odit earum.
gerardode-la-garza@example.com,El secreto del lago,2,2026-04-16,Fuga quidem atque quos quae ipsa.
gerardode-la-garza@example.com,Sin memoria,5,2024-04-30,Labore repellendus alias possimus optio.
gerardode-la-garza@example.com,Voces en la oscuridad,4,2025-11-27,Doloribus praesentium voluptate.
gerardode-la-garza@example.com,El cazador solitario,2,2024-08-20,Facilis blanditiis sequi quam facilis tempora.
gerardode-la-garza@example.com,La gran aventura,4,2024-03-30,Quam explicabo temporibus ipsa laborum reprehenderit.
gerardode-la-garza@example.com,La espiral,1,2024-11-20,Fugit minima inventore dolorem aut fugiat cum.
gerardode-la-garza@example.com,El testigo silencioso,1,2026-01-10,Provident at eum facere rerum.
gerardode-la-garza@example.com,La red,1,2024-02-14,Voluptatem corporis eligendi neque.
gerardode-la-garza@example.com,La oscuridad eterna,4,2023-07-07,Nulla nihil nihil quasi dolorem ea.
gerardode-la-garza@example.com,El prisionero,4,2025-01-29,Amet rerum asperiores.
gerardode-la-garza@example.com,El infiltrado,4,2023-07-12,Minima aperiam modi.
gerardode-la-garza@example.com,Impacto final,4,2025-03-06,Doloribus laborum pariatur esse dolore.
gerardode-la-garza@example.com,La rueda del destino,1,2025-01-21,Quia aspernatur molestias iste reiciendis labore perferendis eius.
silvia83@example.net,La batalla final,5,2023-12-16,Non consectetur sit corrupti.
silvia83@example.net,La trampa final,5,2023-11-08,Odio inventore soluta temporibus.
silvia83@example.net,La zona roja,1,2026-02-03,Quibusdam rem nisi sunt quisquam consectetur maiores iste.
acervantez@example.org,La redencion,3,2025-11-09,Odio vitae aut accusamus quo deleniti placeat doloremque.
acervantez@example.org,La isla perdida,1,2024-05-05,Itaque magni perferendis ducimus exercitationem voluptatum hic eveniet.
acervantez@example.org,La caida libre,5,2025-07-05,Qui quaerat necessitatibus in iure.
acervantez@example.org,Colapso,2,2025-01-06,Cum qui earum delectus iure similique unde magni.
acervantez@example.org,La clave perdida,5,2023-08-06,Ipsa exercitationem numquam voluptatum.
acervantez@example.org,Sin salida aparente,2,2023-06-27,Quae modi maiores tempore.
acervantez@example.org,El vacio,1,2025-08-29,Minima dolores unde corrupti suscipit ab sit.
acervantez@example.org,Abismo,2,2024-09-14,Aspernatur impedit delectus eligendi ducimus excepturi libero.
acervantez@example.org,Punto critico,1,2026-03-02,Consequuntur odio at numquam odio necessitatibus.
acervantez@example.org,La amenaza,4,2024-11-30,Enim temporibus occaecati.
acervantez@example.org,Evasion total,5,2025-05-24,Earum aut aliquam vero nisi deleniti et.
acervantez@example.org,Furia imparable,3,2026-02-19,Labore nostrum eveniet nihil nulla eaque.
acervantez@example.org,Mas fuerte que el destino,5,2025-01-04,Enim est sequi soluta.
acervantez@example.org,El oraculo,5,2024-12-16,Quod modi natus quod.
gomezeugenio@example.net,La persecucion,3,2025-04-30,Ea neque porro voluptate modi iusto voluptate.
gomezeugenio@example.net,La pesadilla,4,2025-05-29,Eos sint laboriosam vel rerum.
gomezeugenio@example.net,El oraculo,2,2023-06-17,Id temporibus cum quos dicta dolore.
gomezeugenio@example.net,El guerrero,4,2023-10-22,Facere excepturi nihil assumenda excepturi.
gomezeugenio@example.net,La clave perdida,1,2025-05-01,Incidunt possimus enim voluptate odio.
gomezeugenio@example.net,La maldicion,2,2025-03-29,Dignissimos dolores dolores tempore quod quo.
gomezeugenio@example.net,Fractura,3,2025-08-28,Soluta id amet reprehenderit placeat fugiat.
gomezeugenio@example.net,Tormenta de fuego,5,2023-12-21,Magni cum ducimus magnam ea ut eaque deserunt.
gomezeugenio@example.net,Tormenta interior,5,2026-02-20,Iusto minus fugit occaecati debitis officia animi.
mariolimon@example.net,El silencio roto,4,2024-10-07,Nisi est quas.
mariolimon@example.net,El ultimo grito,3,2024-01-14,Illum nemo sed qui eveniet.
mariolimon@example.net,La conspiración,4,2023-12-13,Laudantium laborum occaecati dolorem pariatur iste.
mariolimon@example.net,La noche sin fin,5,2026-03-08,Optio quidem quasi tenetur nihil porro.
mariolimon@example.net,El ultimo testigo,3,2025-09-19,Molestiae et expedita dolorem temporibus.
mariolimon@example.net,La bestia,4,2024-08-20,Beatae numquam eius dicta officiis.
mariolimon@example.net,Mas alla del horizonte,1,2023-12-01,Earum id optio fugiat consectetur reiciendis cupiditate tenetur.
mariolimon@example.net,La caida,5,2023-05-03,Cumque doloribus veritatis at corrupti eum.
mariolimon@example.net,El tiempo se acaba,4,2024-06-16,Provident minima numquam.
mariolimon@example.net,Sin salida,2,2024-11-23,Vitae vero excepturi.
mariolimon@example.net,El ladrón de sueños,2,2023-08-07,Sint exercitationem aspernatur deleniti eos fugiat tempore.
ksantacruz@example.com,Sin salida aparente,4,2026-02-06,Vel quia tenetur neque a ut.
ksantacruz@example.com,La maldicion,5,2023-06-25,Sapiente odit voluptatem vitae vel sit.
ksantacruz@example.com,La trampa final,5,2026-03-18,Dicta deserunt animi aperiam nesciunt corporis delectus.
ksantacruz@example.com,Doble identidad,3,2025-06-03,Ad autem autem neque doloribus mollitia.
ksantacruz@example.com,El precio del poder,5,2024-04-15,Distinctio provident ducimus facilis ullam.
ksantacruz@example.com,El doble juego,4,2025-02-01,Accusantium harum officia amet ipsam velit repellendus expedita.
ksantacruz@example.com,Oscuridad total,1,2024-07-10,Inventore quaerat porro laboriosam quasi.
ksantacruz@example.com,El silencio roto,2,2025-08-01,Accusamus repudiandae alias minima asperiores.
ksantacruz@example.com,El secreto del lago,1,2026-01-22,Quo voluptate adipisci fugit nobis.
ksantacruz@example.com,Abismo,5,2023-11-05,Quam facere mollitia reprehenderit.
isaacrico@example.com,Sin limite,3,2024-09-10,Molestiae natus nostrum suscipit accusantium corrupti vero.
isaacrico@example.com,Instinto,5,2023-05-01,Est unde ipsa laboriosam numquam excepturi.
isaacrico@example.com,La ultima batalla,1,2025-01-26,Illum occaecati cumque.
isaacrico@example.com,Sin piedad ni gloria,1,2025-11-02,Mollitia velit aperiam ab architecto quis.
isaacrico@example.com,La ultima oportunidad,4,2025-05-07,Aliquam nobis unde.
isaacrico@example.com,El despertar,1,2023-08-09,Recusandae adipisci quos veritatis eaque neque.
isaacrico@example.com,El guerrero,1,2023-12-29,Voluptate tempora minima laboriosam.
isaacrico@example.com,Explosion,5,2025-12-12,Nihil dicta quod.
isaacrico@example.com,El maestro del engano,3,2025-12-04,Error numquam quasi facere.
maresmaria-luisa@example.net,La conspiración,4,2025-11-01,Necessitatibus reiciendis nam vitae consectetur quis suscipit.
maresmaria-luisa@example.net,Fuga imposible,2,2024-03-27,Officiis aspernatur veniam odio natus optio.
maresmaria-luisa@example.net,Sombra y luz,2,2024-01-18,Autem aperiam aliquid quidem consequuntur enim.
maresmaria-luisa@example.net,El proyecto secreto,3,2024-02-02,Unde omnis sapiente pariatur.
maresmaria-luisa@example.net,El silencio roto,3,2023-09-05,Sit deserunt velit sit cupiditate incidunt dolores natus.
maresmaria-luisa@example.net,La herida abierta,1,2024-06-01,Commodi voluptatum sequi laborum eum.
maresmaria-luisa@example.net,El prisionero,4,2025-03-19,Quibusdam earum esse quidem.
maresmaria-luisa@example.net,El espejo oscuro,4,2024-11-04,Harum necessitatibus vitae architecto ab.
maresmaria-luisa@example.net,La voz del silencio,2,2025-04-29,Omnis nemo consectetur.
maresmaria-luisa@example.net,Sangre fria,1,2024-08-31,Velit voluptate ipsam cumque ratione.
maresmaria-luisa@example.net,El ultimo heroe,1,2023-06-13,Exercitationem maxime aliquid sapiente aliquid.
maresmaria-luisa@example.net,Punto ciego,4,2024-06-26,Expedita nisi eius neque.
maresmaria-luisa@example.net,El cazador solitario,3,2024-08-17,Deleniti adipisci officia a.
maresmaria-luisa@example.net,La zona gris,4,2026-04-06,Dolorum quas nulla fugit eos eos veniam.
romerogilberto@example.org,El ultimo susurro,3,2025-09-10,Recusandae aperiam illo necessitatibus beatae.
romerogilberto@example.org,El destino marcado,5,2025-08-05,Ut unde optio reiciendis nisi illum.
romerogilberto@example.org,El punto de quiebre,2,2023-11-28,Odio eos libero ducimus.
romerogilberto@example.org,La decision,4,2026-01-16,Reiciendis totam rerum nobis doloribus consequuntur et.
romerogilberto@example.org,Sin identidad,1,2023-07-18,Magni voluptatibus quasi repellat perspiciatis voluptates sequi.
romerogilberto@example.org,El prisionero,3,2025-06-28,Nisi dolorem cum recusandae.
romerogilberto@example.org,Punto de no retorno,1,2024-06-11,Nulla nisi molestiae incidunt eveniet sed at.
romerogilberto@example.org,La señal perdida,3,2025-02-27,Ullam est deserunt vitae.
romerogilberto@example.org,El ultimo recurso,2,2025-07-16,Aut ipsa natus veritatis aspernatur ratione.
romerogilberto@example.org,El precio del poder,3,2024-10-12,Sequi autem cumque id nostrum.
romerogilberto@example.org,La segunda oportunidad,5,2024-01-31,Excepturi harum blanditiis qui enim ad asperiores adipisci.
romerogilberto@example.org,Sin nombre,4,2025-01-17,Dolorum libero soluta tempora harum.
benavidespablo@example.org,Renacimiento,4,2025-10-20,Quia minus expedita repellendus ratione dolorem.
benavidespablo@example.org,La amenaza,3,2025-10-20,Quibusdam iusto nesciunt beatae magnam quae.
benavidespablo@example.org,La segunda oportunidad,1,2025-07-10,Incidunt deleniti neque accusantium suscipit a pariatur.
benavidespablo@example.org,Conexion fatal,2,2026-04-11,Unde aliquid explicabo odit.
benavidespablo@example.org,Punto ciego,1,2024-12-28,Ducimus veritatis quibusdam harum quo sit aut.
benavidespablo@example.org,Zona prohibida,5,2023-08-26,Animi odio magnam.
ramirosalcido@example.net,Impacto final,3,2024-10-17,Tempora non unde pariatur nam provident incidunt.
ramirosalcido@example.net,El regreso del mal,2,2023-11-12,Eius commodi voluptates repudiandae quas odit.
ramirosalcido@example.net,Sin tregua,5,2024-11-21,Eum quam distinctio tempore sapiente consectetur.
ramirosalcido@example.net,La señal perdida,1,2025-03-12,Hic itaque inventore dolorum aut dolor explicabo.
ramirosalcido@example.net,La guerra fria,2,2025-04-30,Veniam ipsa aut asperiores.
maria-elenavillanueva@example.com,El ultimo viaje,3,2024-06-22,Inventore accusamus nostrum at neque.
maria-elenavillanueva@example.com,Combustion,3,2023-10-22,Quae odio harum perferendis error.
maria-elenavillanueva@example.com,Colapso,5,2025-01-03,Inventore et magnam aut commodi.
maria-elenavillanueva@example.com,La ultima batalla,2,2024-04-11,Molestiae ipsa saepe accusamus.
baezahilda@example.org,Instinto,1,2024-12-07,Quam velit corrupti assumenda exercitationem temporibus ducimus.
baezahilda@example.org,El silencio roto,3,2023-06-19,Distinctio odit inventore nesciunt.
baezahilda@example.org,La maquina del tiempo,1,2025-12-08,Delectus dolore cupiditate illum.
baezahilda@example.org,La redencion,1,2025-08-28,Dolores quaerat repellat corporis esse aut.
baezahilda@example.org,Sin nombre,2,2024-05-04,Necessitatibus fuga magni quae voluptatibus pariatur illo.
baezahilda@example.org,La caida,3,2025-07-04,Libero voluptates iure ex.
baezahilda@example.org,Cero absoluto,1,2026-04-04,Voluptatem dolores iure laborum consectetur distinctio.
baezahilda@example.org,Sin tregua,5,2025-11-27,Ratione optio necessitatibus rerum dicta omnis.
baezahilda@example.org,La sombra del futuro,2,2025-12-20,Quia modi eius aliquam quasi.
baezahilda@example.org,Sin identidad conocida,1,2026-04-07,Alias beatae nam similique commodi placeat.
baezahilda@example.org,El despertar,1,2025-10-25,Illum officia sunt illum minus amet.
baezahilda@example.org,El testigo silencioso,2,2023-12-06,Earum nobis ea dolores.
baezahilda@example.org,Caos total,2,2026-01-25,Voluptates sint dolore excepturi et.
baezahilda@example.org,Punto critico,3,2024-11-30,Quae dolor cumque dicta velit iste.
baezahilda@example.org,Zona de guerra,5,2025-12-03,Quibusdam vel cupiditate fugit neque.
jaqueline93@example.org,El precio de la gloria,1,2024-06-22,Repellat id id reprehenderit occaecati.
jaqueline93@example.org,El ultimo recurso,1,2023-05-07,Maxime velit praesentium.
jaqueline93@example.org,El umbral,2,2024-03-30,Officiis dicta eligendi.
jaqueline93@example.org,Sin limite,5,2026-02-16,Soluta suscipit veritatis quam.
jaqueline93@example.org,El prisionero,5,2024-01-27,Ex ratione quaerat quo vel esse saepe.
jaqueline93@example.org,La cadena rota,3,2026-03-24,Exercitationem deleniti eius pariatur doloribus.
jaqueline93@example.org,El juego mortal,2,2024-01-15,Modi ex sit debitis similique.
jaqueline93@example.org,Zona de peligro,1,2024-01-19,Minus exercitationem porro harum consequatur quia occaecati.
jaqueline93@example.org,El riesgo calculado,4,2026-02-10,Temporibus autem officiis ex.
galvezjose-eduardo@example.net,Mas alla del bien,3,2024-01-20,Quos nostrum quisquam nihil.
galvezjose-eduardo@example.net,El regreso,2,2025-04-18,Aliquam ducimus illo earum accusantium.
galvezjose-eduardo@example.net,La trampa final,4,2024-12-18,Accusamus veritatis eligendi a numquam qui.
galvezjose-eduardo@example.net,La caida,2,2023-07-14,Assumenda magnam eius aspernatur magni maxime.
galvezjose-eduardo@example.net,La sombra del pasado,2,2024-10-30,Dignissimos quos explicabo culpa quo corrupti.
galvezjose-eduardo@example.net,La trampa,5,2026-03-05,Reiciendis excepturi eos.
galvezjose-eduardo@example.net,Sin memoria,3,2023-10-13,Ratione eum laborum eaque fugit perspiciatis eius repudiandae.
galvezjose-eduardo@example.net,El espiritu guerrero,1,2023-09-02,Cupiditate dignissimos non qui.
