email,titulo,fecha_visualizacion,completo
nayeliroldan@example.com,Oscuridad total,2024-09-15,true
nayeliroldan@example.com,El elegido,2025-07-12,false
nayeliroldan@example.com,Sin fronteras,2024-11-25,true
nayeliroldan@example.com,El ultimo grito,2025-12-12,true
nayeliroldan@example.com,El ultimo paso,2025-12-08,false
nayeliroldan@example.com,Zona prohibida,2024-09-06,true
nayeliroldan@example.com,Territorio enemigo,2025-03-15,false
nayeliroldan@example.com,El guardian eterno,2024-02-25,true
nayeliroldan@example.com,La conspiración,2023-05-07,true
nayeliroldan@example.com,La tormenta perfecta,2026-01-03,false
nayeliroldan@example.com,La guerra fria,2024-01-23,true
zgurule@example.org,La venganza,2023-07-05,false
zgurule@example.org,El regreso,2024-09-08,true
zgurule@example.org,La tela de araña,2024-07-21,false
zgurule@example.org,La zona gris,2023-09-03,true
zgurule@example.org,Insurreccion,2025-02-14,false
moralesesperanza@example.net,La oscuridad eterna,2024-12-10,true
moralesesperanza@example.net,El ultimo paso,2025-11-18,false
moralesesperanza@example.net,El observador,2024-02-23,false
moralesesperanza@example.net,Mas alla del bien,2025-05-27,true
moralesesperanza@example.net,La guerra fria,2024-05-30,true
moralesesperanza@example.net,La mente oscura,2026-04-12,false
moralesesperanza@example.net,El vigilante,2026-03-15,false
moralesesperanza@example.net,La caida libre,2025-03-12,true
moralesesperanza@example.net,Descenso,2023-07-28,false
moralesesperanza@example.net,Luz y oscuridad,2025-03-22,false
moralesesperanza@example.net,Sueños rotos,2023-09-27,true
moralesesperanza@example.net,El regreso,2025-02-25,true
moralesesperanza@example.net,Sin salida aparente,2024-04-04,false
moralesesperanza@example.net,Sin retorno,2024-02-24,true
moralesesperanza@example.net,Voces en la oscuridad,2026-01-07,true
segoviaarcelia@example.net,La señal perdida,2025-12-25,true
segoviaarcelia@example.net,Zona prohibida,2026-03-23,true
segoviaarcelia@example.net,El despertar,2026-04-17,false
segoviaarcelia@example.net,El vigilante,2023-11-23,false
segoviaarcelia@example.net,Insurreccion,2023-09-25,false
segoviaarcelia@example.net,La sombra del futuro,2023-09-18,false
segoviaarcelia@example.net,La fuga,2025-08-10,true
segoviaarcelia@example.net,Sin limite,2024-04-08,true
segoviaarcelia@example.net,El guerrero,2025-06-30,true
segoviaarcelia@example.net,El espejo roto,2025-05-19,false
segoviaarcelia@example.net,La batalla final,2025-08-09,true
segoviaarcelia@example.net,La sombra del pasado,2025-04-17,true
segoviaarcelia@example.net,La ultima esperanza,2023-07-28,false
segoviaarcelia@example.net,La marca del diablo,2025-04-13,true
segoviaarcelia@example.net,El punto final,2023-08-07,true
segoviaarcelia@example.net,La venganza perfecta,2023-10-10,false
segoviaarcelia@example.net,El espejo oscuro,2023-08-16,false
segoviaarcelia@example.net,La verdad oculta,2025-05-30,true
segoviaarcelia@example.net,El testamento,2024-03-25,true
segoviaarcelia@example.net,La guerra de sombras,2024-05-16,true
florencia61@example.org,Derrumbe,2026-01-16,true
florencia61@example.org,La trampa final,2023-09-16,false
florencia61@example.org,Tormenta interior,2023-10-05,false
florencia61@example.org,Golpe mortal,2023-11-12,false
florencia61@example.org,Punto de no retorno,2024-04-21,true
florencia61@example.org,La guerra fria,2024-09-08,false
florencia61@example.org,La sombra del mal,2024-12-23,true
florencia61@example.org,Fragmentos,2024-12-12,false
florencia61@example.org,La ultima esperanza,2024-06-25,false
florencia61@example.org,El vacio,2025-11-08,false
luiscamarillo@example.com,La maquina del tiempo,2025-03-06,true
luiscamarillo@example.com,En el limite,2025-08-01,false
luiscamarillo@example.com,Sin identidad conocida,2025-10-28,true
luiscamarillo@example.com,El enviado,2024-03-22,false
luiscamarillo@example.com,La conexion,2026-04-19,true
luiscamarillo@example.com,El legado,2024-09-07,false
luiscamarillo@example.com,Codigo rojo,2024-05-01,false
luiscamarillo@example.com,El cazador de almas,2025-01-02,true
luiscamarillo@example.com,El destino marcado,2023-05-09,true
luiscamarillo@example.com,Sueños rotos,2025-10-27,false
luiscamarillo@example.com,Conexion fatal,2026-03-10,true
maria-luisa51@example.org,La venganza,2023-06-15,false
maria-luisa51@example.org,El despertador,2025-11-30,false
maria-luisa51@example.org,Desolacion,2026-01-28,false
maria-luisa51@example.org,El peso del silencio,2024-05-25,true
maria-luisa51@example.org,El destino marcado,2025-01-11,false
maria-luisa51@example.org,La maldicion,2024-10-13,true
maria-luisa51@example.org,La decision,2025-12-17,false
maria-luisa51@example.org,Punto sin retorno,2024-12-02,true
maria-luisa51@example.org,Descenso,2024-10-02,false
maria-luisa51@example.org,La sombra del pasado,2025-09-24,true
maria-luisa51@example.org,Punto ciego,2025-03-23,false
maria-luisa51@example.org,El precio de la gloria,2025-08-19,false
maria-luisa51@example.org,El prisionero,2024-04-28,false
maria-luisa51@example.org,El espejo oscuro,2025-06-16,true
maria-luisa51@example.org,Zona de guerra,2025-07-07,true
maria-luisa51@example.org,El monstruo interior,2025-01-21,false
maria-luisa51@example.org,Fuga imposible,2026-02-03,false
maria-luisa51@example.org,El despertar,2024-09-10,true
jeronimojaquez@example.com,El poder oculto,2024-05-02,true
jeronimojaquez@example.com,El ultimo comando,2024-06-02,false
jeronimojaquez@example.com,Colisión de mundos,2026-03-30,true
jeronimojaquez@example.com,El ultimo heroe,2025-02-13,true
jeronimojaquez@example.com,Fuera de control,2024-08-09,false
jeronimojaquez@example.com,La batalla final,2025-02-20,false
jeronimojaquez@example.com,El cruce,2024-03-14,true
gramon@example.net,La segunda oportunidad,2023-04-23,false
gramon@example.net,El punto final,2026-01-26,true
gramon@example.net,Instinto,2025-12-21,true
gramon@example.net,La persecucion,2024-02-01,true
gramon@example.net,Conexion fatal,2023-06-23,false
gramon@example.net,La zona gris,2024-04-30,true
gramon@example.net,Tiempo prestado,2024-07-04,true
gramon@example.net,El precio de la gloria,2024-04-07,false
gramon@example.net,Sin salida aparente,2025-03-15,true
ernestogarica@example.net,En el limite,2025-03-26,false
ernestogarica@example.net,La venganza perfecta,2024-09-08,false
ernestogarica@example.net,Fuera de control,2025-03-05,true
ernestogarica@example.net,Cero absoluto,2025-12-18,true
ernestogarica@example.net,Zona de guerra,2025-11-21,true
ernestogarica@example.net,El cazador solitario,2026-01-14,false
ernestogarica@example.net,La venganza,2025-03-26,true
ernestogarica@example.net,Entre dos mundos,2024-01-12,true
ernestogarica@example.net,El observador,2023-09-24,true
ortaesther@example.org,El punto de quiebre,2023-10-05,false
ortaesther@example.org,La fuga,2024-06-18,true
ortaesther@example.org,Mas alla del bien,2023-07-13,true
ortaesther@example.org,El regreso,2026-01-17,true
ortaesther@example.org,Colisión de mundos,2024-02-15,false
ortaesther@example.org,El punto final,2023-06-03,false
ortaesther@example.org,El testigo silencioso,2024-04-02,true
ortaesther@example.org,La conspiración,2024-11-30,false
de-la-cruzabigail@example.com,La conexion,2023-06-13,false
de-la-cruzabigail@example.com,Sin escape,2023-12-30,true
de-la-cruzabigail@example.com,Zona de guerra,2024-12-10,true
de-la-cruzabigail@example.com,La venganza,2024-11-23,true
de-la-cruzabigail@example.com,Derrumbe,2024-08-05,false
micaela25@example.net,El ladrón de sueños,2026-04-14,false
micaela25@example.net,Sin limite,2025-09-09,true
micaela25@example.net,Golpe mortal,2024-02-21,true
micaela25@example.net,El cazador de almas,2024-01-06,false
micaela25@example.net,Torbellino,2023-11-12,true
micaela25@example.net,La fuga,2025-06-20,true
micaela25@example.net,El despertar,2025-08-22,true
micaela25@example.net,La señal perdida,2024-04-24,false
micaela25@example.net,Explosion,2025-11-11,true
micaela25@example.net,La isla perdida,2024-08-17,false
micaela25@example.net,El ultimo heroe,2023-07-02,true
micaela25@example.net,La caida libre,2024-08-25,false
micaela25@example.net,Sin escape,2023-05-21,false
micaela25@example.net,El cazador,2023-12-18,false
abril23@example.net,La cadena rota,2023-06-08,false
abril23@example.net,El destino marcado,2024-01-22,true
abril23@example.net,La herida abierta,2023-06-13,false
abril23@example.net,El horizonte perdido,2026-02-01,false
abril23@example.net,La venganza perfecta,2024-10-10,false
abril23@example.net,Sin memoria,2025-01-08,false
abril23@example.net,La noche infinita,2025-02-16,false
gabriel23@example.org,Explosion,2023-10-03,true
gabriel23@example.org,La frontera,2026-01-01,false
gabriel23@example.org,Origen,2024-06-26,true
gabriel23@example.org,El guardian,2024-03-09,false
gabriel23@example.org,El punto final,2023-10-04,false
gabriel23@example.org,El espejo oscuro,2024-03-01,true
gabriel23@example.org,El regreso,2024-11-01,false
gabriel23@example.org,Combustion,2025-09-08,false
gabriel23@example.org,El ultimo testigo,2024-11-22,false
gabriel23@example.org,La red,2024-01-02,true
gabriel23@example.org,Mas alla del bien,2024-03-03,false
gabriel23@example.org,El camino perdido,2023-07-02,false
gabriel23@example.org,El riesgo calculado,2026-03-31,false
gabriel23@example.org,Voces en la oscuridad,2026-03-30,false
ramiro25@example.org,Voces en la oscuridad,2023-12-02,false
ramiro25@example.org,El espiritu guerrero,2024-03-21,false
ramiro25@example.org,Sin limite,2023-05-25,true
ramiro25@example.org,La trampa final,2025-06-25,false
ramiro25@example.org,Fuga imposible,2026-02-06,true
ramiro25@example.org,El oraculo,2024-12-20,false
ramiro25@example.org,El ultimo recurso,2024-02-15,true
ramiro25@example.org,Fuera de control,2025-01-27,false
ramiro25@example.org,Detonacion,2024-09-28,false
ramiro25@example.org,La herida abierta,2024-11-10,true
ramiro25@example.org,El cazador de almas,2024-07-26,false
ramiro25@example.org,La tormenta perfecta,2025-05-07,true
ramiro25@example.org,El mundo al reves,2025-03-18,false
ramiro25@example.org,Sombra y luz,2023-07-13,true
ramiro25@example.org,El cruce,2025-10-26,false
ramiro25@example.org,La batalla final,2024-11-20,false
wporras@example.org,La fuga,2024-11-10,true
wporras@example.org,Punto de no retorno,2024-12-13,false
wporras@example.org,El espejo oscuro,2025-02-02,false
wporras@example.org,La guerra de sombras,2023-08-17,false
wporras@example.org,Voces en la oscuridad,2025-03-08,false
wporras@example.org,La trampa final,2024-02-26,true
wporras@example.org,El guardian,2023-06-10,true
wporras@example.org,Golpe mortal,2024-12-03,true
wporras@example.org,El horizonte perdido,2024-08-31,false
wporras@example.org,La frontera,2024-10-23,true
wporras@example.org,Punto sin retorno,2023-12-18,false
wporras@example.org,Mas alla del bien,2023-06-21,false
wporras@example.org,La ultima oportunidad,2025-04-29,true
wporras@example.org,La gran aventura,2023-10-03,true
jassomarco-antonio@example.net,En el limite,2024-08-24,false
jassomarco-antonio@example.net,La fuerza del mal,2024-04-23,false
jassomarco-antonio@example.net,La sombra del futuro,2023-12-05,true
jassomarco-antonio@example.net,El eco del pasado,2024-11-14,false
jassomarco-antonio@example.net,Implosion,2023-07-22,false
jassomarco-antonio@example.net,Renacimiento,2024-02-16,true
jassomarco-antonio@example.net,La maquina del tiempo,2024-10-25,true
jassomarco-antonio@example.net,La profecia,2023-04-30,true
jassomarco-antonio@example.net,Tormenta interior,2025-01-16,true
jassomarco-antonio@example.net,El ultimo susurro,2024-11-07,true
jassomarco-antonio@example.net,La noche infinita,2025-06-01,true
jassomarco-antonio@example.net,Golpe mortal,2023-11-07,false
jassomarco-antonio@example.net,La fuerza del destino,2025-04-28,true
jassomarco-antonio@example.net,Caos total,2025-05-02,false
jassomarco-antonio@example.net,La redencion,2025-02-17,true
jassomarco-antonio@example.net,La sombra del pasado,2024-06-06,true
jassomarco-antonio@example.net,Sin salida aparente,2024-11-22,false
jassomarco-antonio@example.net,El cruce,2023-12-27,true
jassomarco-antonio@example.net,La guerra de sombras,2023-12-11,true
jassomarco-antonio@example.net,La sombra del mal,2023-07-14,true
cgamboa@example.com,El cazador,2024-02-07,true
cgamboa@example.com,El punto de quiebre,2026-02-13,false
cgamboa@example.com,La señal,2024-10-15,true
cgamboa@example.com,La conspiración,2025-05-18,true
cgamboa@example.com,La tela de araña,2025-02-23,false
cgamboa@example.com,Explosion,2024-10-09,true
cgamboa@example.com,Golpe mortal,2024-08-01,true
cgamboa@example.com,La trampa,2024-11-30,false
cgamboa@example.com,Sin retorno,2025-12-02,false
cgamboa@example.com,La isla perdida,2025-01-22,true
cgamboa@example.com,El proyecto secreto,2024-08-22,true
cgamboa@example.com,El guardian,2024-08-25,false
cgamboa@example.com,La verdad prohibida,2024-08-24,false
cgamboa@example.com,La cadena rota,2025-01-27,true
cgamboa@example.com,El enviado,2025-01-05,true
cgamboa@example.com,El testamento,2023-08-29,true
cgamboa@example.com,La batalla final,2024-07-30,true
cgamboa@example.com,La caida,2025-03-26,true
nmagana@example.net,El mundo al reves,2023-10-01,true
nmagana@example.net,Oscuridad total,2024-01-14,false
nmagana@example.net,La zona gris,2023-06-27,false
nmagana@example.net,La sombra del mal,2025-11-14,false
nmagana@example.net,Colisión de mundos,2023-11-13,true
nmagana@example.net,El ultimo recurso,2024-02-19,true
nmagana@example.net,La tela de araña,2024-06-14,true
nmagana@example.net,Impacto final,2025-05-28,true
nmagana@example.net,La maquina del tiempo,2023-12-02,false
nmagana@example.net,Fuera de control,2025-07-16,false
alfredo45@example.net,El punto final,2025-07-08,false
alfredo45@example.net,La alianza,2024-02-07,false
alfredo45@example.net,La rueda del destino,2024-09-21,true
alfredo45@example.net,Sin piedad,2026-03-03,false
alfredo45@example.net,La oscuridad eterna,2024-11-26,true
alfredo45@example.net,La guerra fria,2023-07-30,true
alfredo45@example.net,El enviado,2025-10-16,true
alfredo45@example.net,Zona prohibida,2024-02-25,false
alfredo45@example.net,El despertar,2024-06-11,true
alfredo45@example.net,Fragmentos,2024-12-15,false
alfredo45@example.net,La bestia,2024-08-31,false
alfredo45@example.net,El ultimo viaje,2023-09-15,true
alfredo45@example.net,Fuera de control,2025-03-23,false
alfredo45@example.net,Punto de no retorno,2025-10-13,true
msauceda@example.net,Punto ciego,2023-11-09,true
msauceda@example.net,La señal,2025-04-06,false
msauceda@example.net,Torbellino,2024-08-26,false
msauceda@example.net,El mundo al reves,2024-09-10,false
msauceda@example.net,La clave perdida,2026-01-10,false
msauceda@example.net,Fuera de control,2024-08-15,false
msauceda@example.net,El despertador,2024-12-03,false
msauceda@example.net,La sombra del mal,2025-04-16,true
msauceda@example.net,El laberinto,2023-04-30,true
msauceda@example.net,El eco del pasado,2024-07-19,false
msauceda@example.net,La persecucion,2023-10-02,true
msauceda@example.net,El elegido,2025-04-04,true
msauceda@example.net,Sin identidad conocida,2024-03-16,false
msauceda@example.net,Combustion,2024-10-03,true
luciacarrera@example.net,La pesadilla,2023-07-27,true
luciacarrera@example.net,Torbellino,2023-09-06,true
luciacarrera@example.net,El ultimo paso,2024-01-04,true
luciacarrera@example.net,Renacimiento,2025-06-26,true
luciacarrera@example.net,Luz y oscuridad,2025-11-17,true
luciacarrera@example.net,La guerra fria,2023-05-29,true
luciacarrera@example.net,El cazador de almas,2025-04-17,false
luciacarrera@example.net,El ultimo grito,2025-01-25,true
barrientosmariano@example.net,Codigo rojo,2023-07-18,true
barrientosmariano@example.net,El despertar,2026-04-13,true
barrientosmariano@example.net,El testamento,2023-10-20,false
barrientosmariano@example.net,La zona roja,2025-10-23,false
barrientosmariano@example.net,Tormenta de fuego,2026-03-12,true
barrientosmariano@example.net,Implosion,2023-08-28,false
barrientosmariano@example.net,El secreto del lago,2024-04-13,false
barrientosmariano@example.net,El legado,2025-08-17,true
armandovaldez@example.com,Sin fronteras,2023-11-18,true
armandovaldez@example.com,El ultimo heroe,2023-12-17,true
armandovaldez@example.com,Sin limite,2023-05-31,false
armandovaldez@example.com,La verdad oculta,2023-11-22,true
armandovaldez@example.com,La señal,2024-05-03,false
armandovaldez@example.com,El legado,2026-01-07,false
armandovaldez@example.com,Renacimiento,2025-02-27,false
armandovaldez@example.com,El elegido,2023-09-05,false
armandovaldez@example.com,El ultimo acto,2023-09-02,true
armandovaldez@example.com,El ultimo paso,2026-02-14,true
casanovamercedes@example.net,Detonacion,2024-12-03,true
casanovamercedes@example.net,La isla perdida,2024-09-04,false
casanovamercedes@example.net,El vigilante,2023-06-13,true
casanovamercedes@example.net,Zona prohibida,2023-12-14,false
casanovamercedes@example.net,La venganza perfecta,2025-08-13,true
casanovamercedes@example.net,El infierno verde,2024-01-23,true
casanovamercedes@example.net,Impacto final,2024-06-18,false
casanovamercedes@example.net,La fuga,2025-03-28,false
casanovamercedes@example.net,El testamento,2025-04-27,true
casanovamercedes@example.net,El punto final,2023-05-26,true
casanovamercedes@example.net,La caja de pandora,2025-01-21,false
linda53@example.org,La oscuridad eterna,2024-11-24,false
linda53@example.org,La ultima batalla,2023-05-01,true
linda53@example.org,Sin retorno,2023-12-29,true
linda53@example.org,Sin salida,2025-03-11,true
linda53@example.org,El precio del poder,2023-12-17,true
linda53@example.org,El prisionero,2025-06-28,false
linda53@example.org,La amenaza,2024-01-30,true
linda53@example.org,El eco del pasado,2023-12-07,false
linda53@example.org,La espiral,2024-06-24,true
linda53@example.org,Sin limite,2023-12-02,false
linda53@example.org,La tormenta perfecta,2023-12-26,true
linda53@example.org,La noche de los lobos,2025-06-28,true
linda53@example.org,La verdad oculta,2024-08-04,true
linda53@example.org,Zona de peligro,2023-05-12,false
linda53@example.org,La fuerza del mal,2025-10-30,false
linda53@example.org,El horizonte perdido,2025-06-12,true
linda53@example.org,La sombra del mal,2023-07-02,false
linda53@example.org,Territorio enemigo,2023-05-08,true
linda53@example.org,El enviado,2024-10-12,true
marisolmunoz@example.com,La zona roja,2025-10-10,true
marisolmunoz@example.com,El camino perdido,2025-03-12,false
marisolmunoz@example.com,Sueños rotos,2024-11-16,false
marisolmunoz@example.com,La tormenta perfecta,2026-02-12,false
marisolmunoz@example.com,El eco del pasado,2024-08-01,true
marisolmunoz@example.com,El ultimo heroe,2024-04-06,false
marisolmunoz@example.com,La persecucion,2023-05-20,false
marisolmunoz@example.com,El espejo oscuro,2023-09-01,false
marisolmunoz@example.com,Sangre fria,2024-10-16,false
marisolmunoz@example.com,El observador,2024-04-26,false
marisolmunoz@example.com,Sin escape,2024-12-23,false
marisolmunoz@example.com,El horizonte perdido,2023-11-13,true
marisolmunoz@example.com,Sin identidad,2025-09-14,true
marisolmunoz@example.com,Sin limite,2026-01-16,false
marisolmunoz@example.com,La bestia,2024-03-04,true
marisolmunoz@example.com,La caja de pandora,2025-03-28,false
marisolmunoz@example.com,La oscuridad eterna,2023-10-31,false
marisolmunoz@example.com,Fuera de control,2025-04-08,false
padillaoswaldo@example.org,Tormenta de fuego,2024-11-13,true
padillaoswaldo@example.org,Conexion fatal,2025-08-08,true
padillaoswaldo@example.org,Mas alla del horizonte,2024-12-17,true
padillaoswaldo@example.org,La conspiración,2024-03-25,false
padillaoswaldo@example.org,La venganza perfecta,2023-08-31,true
padillaoswaldo@example.org,Impacto,2023-11-18,false
padillaoswaldo@example.org,Descenso,2024-02-25,false
padillaoswaldo@example.org,El infierno verde,2025-09-17,false
padillaoswaldo@example.org,Sin identidad conocida,2026-02-14,false
padillaoswaldo@example.org,Oscuridad total,2023-10-15,false
padillaoswaldo@example.org,El camino perdido,2023-11-17,false
padillaoswaldo@example.org,Sin memoria,2026-01-28,false
padillaoswaldo@example.org,La fuerza del mal,2023-07-18,false
tapiaconcepcion@example.org,Tiempo prestado,2026-03-06,false
tapiaconcepcion@example.org,La mente oscura,2024-09-25,false
tapiaconcepcion@example.org,La conexion,2024-10-24,false
tapiaconcepcion@example.org,Renacimiento,2026-01-08,true
tapiaconcepcion@example.org,El testamento,2024-03-13,false
tapiaconcepcion@example.org,El codigo olvidado,2024-07-22,false
tapiaconcepcion@example.org,El juego mortal,2024-08-30,true
tapiaconcepcion@example.org,La decision,2023-11-18,false
tapiaconcepcion@example.org,El ultimo recurso,2024-10-24,false
tapiaconcepcion@example.org,La clave perdida,2024-04-09,false
tapiaconcepcion@example.org,El oraculo,2023-11-28,false
tapiaconcepcion@example.org,La cadena rota,2026-01-12,true
tapiaconcepcion@example.org,El cruce,2025-04-06,true
tapiaconcepcion@example.org,Sin tregua,2023-05-06,true
tapiaconcepcion@example.org,Sin escape,2025-12-09,false
citlalirobledo@example.net,Sin identidad conocida,2026-02-13,false
citlalirobledo@example.net,Impacto,2026-03-30,true
citlalirobledo@example.net,Doble identidad,2025-12-10,true
citlalirobledo@example.net,Punto sin retorno,2025-08-26,true
citlalirobledo@example.net,Sin fronteras,2025-06-22,true
citlalirobledo@example.net,El silencio roto,2023-11-15,true
citlalirobledo@example.net,Renacimiento,2026-01-15,true
citlalirobledo@example.net,Voces en la oscuridad,2023-04-24,false
citlalirobledo@example.net,La zona roja,2023-12-31,true
citlalirobledo@example.net,El monstruo interior,2024-10-06,true
citlalirobledo@example.net,La redencion,2025-09-27,false
citlalirobledo@example.net,La fuga,2025-11-28,false
citlalirobledo@example.net,La caida libre,2025-04-18,true
citlalirobledo@example.net,Abismo,2023-08-01,false
citlalirobledo@example.net,El vacio,2024-03-10,false
citlalirobledo@example.net,Zona prohibida,2026-03-04,false
citlalirobledo@example.net,Mas alla del bien,2025-08-30,false
citlalirobledo@example.net,El ultimo susurro,2025-07-17,false
citlalirobledo@example.net,Tormenta de fuego,2023-10-06,true
indirasolorio@example.org,Fractura,2025-02-19,true
indirasolorio@example.org,Punto ciego,2024-05-21,true
indirasolorio@example.org,Instinto,2023-10-17,false
indirasolorio@example.org,El doble juego,2024-07-06,false
indirasolorio@example.org,El ultimo viaje,2025-04-28,false
indirasolorio@example.org,La espiral,2024-06-08,true
indirasolorio@example.org,La frontera,2025-07-29,true
indirasolorio@example.org,El ultimo comando,2023-06-11,false
indirasolorio@example.org,La bestia,2024-09-16,false
marisol29@example.com,La clave perdida,2025-03-24,true
marisol29@example.com,La trampa final,2025-04-10,true
marisol29@example.com,La batalla final,2023-12-28,false
marisol29@example.com,La zona roja,2023-08-01,false
marisol29@example.com,Mas alla del bien,2026-03-12,true
marisol29@example.com,Evasion total,2025-11-29,false
marisol29@example.com,El oraculo,2025-12-08,false
marisol29@example.com,La frontera,2025-01-20,true
marisol29@example.com,La redencion,2026-03-06,true
marisol29@example.com,El observador,2025-03-28,false
marisol29@example.com,Punto critico,2024-12-07,true
marisol29@example.com,El elegido,2025-01-16,true
marisol29@example.com,Sin cuartel,2024-09-30,false
marisol29@example.com,La fuerza del mal,2025-06-20,false
marisol29@example.com,El cruce,2025-03-28,true
marisol29@example.com,Fractura,2025-03-29,false
santiagoluevano@example.org,Tiempo prestado,2024-08-28,true
santiagoluevano@example.org,Sin identidad,2023-12-25,false
santiagoluevano@example.org,Renacimiento,2025-05-19,false
santiagoluevano@example.org,La isla perdida,2025-07-24,false
santiagoluevano@example.org,Desolacion,2024-08-09,false
santiagoluevano@example.org,Sin piedad,2026-03-22,true
santiagoluevano@example.org,Implosion,2025-08-19,false
santiagoluevano@example.org,La noche infinita,2024-02-12,true
santiagoluevano@example.org,Tormenta de fuego,2024-02-03,false
santiagoluevano@example.org,Oscuridad total,2025-05-24,true
santiagoluevano@example.org,El cazador,2025-10-08,true
santiagoluevano@example.org,La batalla final,2025-04-03,true
santiagoluevano@example.org,La fuerza interior,2025-08-06,false
santiagoluevano@example.org,Punto sin retorno,2024-07-07,true
santiagoluevano@example.org,El eco del pasado,2024-06-02,false
santiagoluevano@example.org,El horizonte perdido,2024-12-27,false
santiagoluevano@example.org,La profecia,2024-08-17,true
pradocesar@example.org,La oscuridad interior,2024-10-17,false
pradocesar@example.org,Desolacion,2024-04-17,false
pradocesar@example.org,El guardian,2023-05-14,true
pradocesar@example.org,La ultima frontera,2024-10-23,false
pradocesar@example.org,La verdad oculta,2025-06-03,false
pradocesar@example.org,El infiltrado,2024-11-20,true
pradocesar@example.org,La fuga,2024-10-09,false
pradocesar@example.org,La caida,2023-10-17,true
pradocesar@example.org,Bajo cero,2025-01-12,false
pradocesar@example.org,La herida abierta,2026-03-15,true
alejandra88@example.net,Fragmentos,2023-07-10,true
alejandra88@example.net,Voces en la oscuridad,2024-03-16,false
alejandra88@example.net,El codigo olvidado,2023-11-23,false
alejandra88@example.net,Sin nombre,2025-07-07,false
alejandra88@example.net,La cadena rota,2024-10-18,false
alejandra88@example.net,El enviado,2023-06-28,false
alejandra88@example.net,El camino perdido,2024-08-10,true
alejandra88@example.net,La mente oscura,2024-07-14,false
alejandra88@example.net,La herida abierta,2025-07-28,true
alejandra88@example.net,La voz del silencio,2024-02-19,true
vgallardo@example.org,La promesa rota,2025-04-30,false
vgallardo@example.org,Sombra y luz,2023-05-27,false
vgallardo@example.org,El camino perdido,2024-02-22,false
vgallardo@example.org,La segunda oportunidad,2024-05-10,false
vgallardo@example.org,La redencion,2024-01-26,true
vgallardo@example.org,La maquina del tiempo,2023-06-25,false
vgallardo@example.org,Colapso,2023-05-30,true
vgallardo@example.org,La sombra del pasado,2025-09-25,true
bahenaclaudia@example.com,Sin tregua,2025-08-10,false
bahenaclaudia@example.com,El ultimo dia,2025-01-18,true
bahenaclaudia@example.com,El precio de la gloria,2024-03-27,true
bahenaclaudia@example.com,El ultimo heroe,2023-04-26,false
bahenaclaudia@example.com,El enviado,2024-11-09,true
bahenaclaudia@example.com,Sin retorno,2026-03-01,true
bahenaclaudia@example.com,El proyecto secreto,2023-07-01,false
bahenaclaudia@example.com,La isla perdida,2023-06-29,true
bahenaclaudia@example.com,La espiral,2026-03-20,false
bahenaclaudia@example.com,La rueda del destino,2025-12-14,true
bahenaclaudia@example.com,La tela de araña,2026-02-10,false
bahenaclaudia@example.com,La venganza perfecta,2024-05-13,true
bahenaclaudia@example.com,Punto ciego,2024-12-25,false
bahenaclaudia@example.com,Colision,2023-09-05,false
camila94@example.net,La verdad prohibida,2024-02-02,true
camila94@example.net,Torbellino,2025-05-18,false
camila94@example.net,El espejo oscuro,2025-05-20,false
camila94@example.net,Fuera de control,2023-12-14,true
camila94@example.net,Fuga imposible,2024-08-04,true
mendezcarolina@example.com,La maldicion,2024-04-30,true
mendezcarolina@example.com,El mundo al reves,2025-09-13,true
mendezcarolina@example.com,El guardian eterno,2025-08-11,false
mendezcarolina@example.com,El precio de la verdad,2024-11-06,true
mendezcarolina@example.com,La fuga,2025-10-10,false
mendezcarolina@example.com,Tormenta de fuego,2025-04-06,false
lcruz@example.net,El regreso del mal,2023-07-04,true
lcruz@example.net,Sin rastro,2024-01-04,true
lcruz@example.net,La amenaza silenciosa,2023-07-18,true
lcruz@example.net,Colision,2025-09-20,true
lcruz@example.net,La conexion,2024-07-10,false
lcruz@example.net,Punto critico,2025-10-30,false
lcruz@example.net,El cazador solitario,2025-12-17,true
xrivas@example.net,El precio de la verdad,2025-10-05,true
xrivas@example.net,La batalla final,2025-12-03,false
xrivas@example.net,Doble identidad,2025-07-19,false
xrivas@example.net,El ultimo heroe,2024-01-23,true
xrivas@example.net,El eco del pasado,2025-09-16,true
xrivas@example.net,El vigilante,2024-07-10,true
xrivas@example.net,El codigo olvidado,2024-12-13,false
mauricio66@example.com,El tercer ojo,2023-05-18,true
mauricio66@example.com,El peso del silencio,2024-01-29,false
mauricio66@example.com,El precio del poder,2023-10-31,true
mauricio66@example.com,Tormenta interior,2025-10-29,false
mauricio66@example.com,La conspiración,2024-05-31,false
mauricio66@example.com,Evasion total,2025-04-30,false
mauricio66@example.com,La bestia,2025-05-02,false
mauricio66@example.com,Mas fuerte que el destino,2025-06-02,true
mauricio66@example.com,La red,2024-04-16,true
mauricio66@example.com,Tiempo prestado,2023-10-11,true
mauricio66@example.com,La señal,2024-03-12,true
mauricio66@example.com,El espejo roto,2025-02-07,true
mauricio66@example.com,Colapso,2025-11-25,false
mauricio66@example.com,El ultimo acto,2024-10-07,false
espartacobriones@example.com,El espejo roto,2024-09-09,false
espartacobriones@example.com,El ultimo viaje,2025-02-05,false
espartacobriones@example.com,Sin escape,2023-07-20,false
espartacobriones@example.com,Fuera de control,2023-05-14,false
espartacobriones@example.com,Impacto,2023-09-20,true
miriamverduzco@example.net,El error fatal,2024-04-17,false
miriamverduzco@example.net,La espiral,2025-12-27,false
miriamverduzco@example.net,El juego mortal,2025-08-03,false
miriamverduzco@example.net,La profecia,2025-02-28,false
miriamverduzco@example.net,La ultima oportunidad,2025-06-16,true
miriamverduzco@example.net,La verdad oculta,2023-05-11,true
miriamverduzco@example.net,El umbral,2026-03-23,true
miriamverduzco@example.net,La conexion,2024-08-02,false
miriamverduzco@example.net,Entre dos mundos,2024-01-06,true
miriamverduzco@example.net,La trampa,2026-03-21,false
miriamverduzco@example.net,El laberinto,2024-04-18,true
miriamverduzco@example.net,El guardian,2024-06-03,false
miriamverduzco@example.net,La amenaza,2024-12-08,false
miriamverduzco@example.net,El precio del poder,2024-06-06,true
luciacorona@example.net,El cazador solitario,2023-11-30,false
luciacorona@example.net,El ladrón de sueños,2023-07-17,false
luciacorona@example.net,La cadena rota,2023-12-30,true
luciacorona@example.net,Insurreccion,2023-07-10,false
luciacorona@example.net,Golpe mortal,2023-06-20,false
luciacorona@example.net,Territorio enemigo,2024-04-16,false
luciacorona@example.net,Caos total,2023-12-25,false
luciacorona@example.net,La amenaza silenciosa,2026-02-21,false
luciacorona@example.net,El guardian eterno,2023-06-23,false
luciacorona@example.net,La trampa,2025-07-22,true
luciacorona@example.net,Sombras del pasado,2024-06-12,false
luciacorona@example.net,La herida abierta,2025-07-22,true
luciacorona@example.net,La batalla final,2023-11-16,false
luciacorona@example.net,El infiltrado,2024-06-05,true
luciacorona@example.net,La sombra del futuro,2025-12-07,false
luciacorona@example.net,La caida,2025-04-11,false
ysierra@example.org,El espejo roto,2024-06-15,false
ysierra@example.org,La guerra de sombras,2025-11-29,true
ysierra@example.org,El cazador,2025-06-07,false
ysierra@example.org,Sin piedad ni gloria,2024-08-07,true
ysierra@example.org,El ultimo acto,2025-05-31,true
ysierra@example.org,El legado,2025-04-07,false
israelvalles@example.net,La espiral,2025-09-29,false
israelvalles@example.net,La conspiración,2025-05-25,true
israelvalles@example.net,Tormenta de fuego,2025-07-08,false
israelvalles@example.net,Conexion fatal,2025-05-02,false
israelvalles@example.net,El espiritu guerrero,2024-10-19,true
israelvalles@example.net,El oraculo,2025-02-07,true
israelvalles@example.net,Sin cuartel,2025-09-02,false
israelvalles@example.net,El ultimo acto,2024-06-07,false
israelvalles@example.net,El camino perdido,2025-07-13,false
israelvalles@example.net,La tormenta perfecta,2025-11-29,false
israelvalles@example.net,En el limite,2026-02-28,true
israelvalles@example.net,La bestia,2024-05-21,false
israelvalles@example.net,La ultima batalla,2025-05-17,true
aestrada@example.net,El codigo negro,2026-02-25,false
aestrada@example.net,La mente oscura,2026-01-07,true
aestrada@example.net,La decision,2023-11-03,true
aestrada@example.net,La persecucion,2024-09-01,true
aestrada@example.net,El mensajero,2025-12-01,true
aestrada@example.net,Sin memoria,2025-05-05,true
aestrada@example.net,Zona de guerra,2023-05-26,false
aestrada@example.net,El camino perdido,2026-04-05,true
aestrada@example.net,Torbellino,2024-11-26,false
aestrada@example.net,Derrumbe,2023-05-15,true
aestrada@example.net,Sin identidad conocida,2023-12-30,false
aestrada@example.net,Fractura,2025-10-31,true
aestrada@example.net,El riesgo calculado,2025-11-22,false
aestrada@example.net,La cadena rota,2023-09-08,true
aestrada@example.net,El monstruo interior,2026-01-10,true
aestrada@example.net,La fuerza del destino,2023-09-13,true
aestrada@example.net,El vigilante,2024-12-22,false
aestrada@example.net,Doble identidad,2024-02-15,true
ramonpadilla@example.com,La marca del diablo,2023-06-05,true
ramonpadilla@example.com,Sombra y luz,2024-11-02,true
ramonpadilla@example.com,El punto de quiebre,2024-06-01,true
ramonpadilla@example.com,La herencia maldita,2026-03-29,true
ramonpadilla@example.com,La gran aventura,2023-07-11,true
ramonpadilla@example.com,El regreso del mal,2025-12-23,true
malavewilfrido@example.com,El camino perdido,2023-12-06,true
malavewilfrido@example.com,La maldicion,2026-01-05,true
malavewilfrido@example.com,El precio del poder,2025-07-14,true
malavewilfrido@example.com,Sin identidad,2025-12-10,true
malavewilfrido@example.com,Descenso,2023-06-24,true
malavewilfrido@example.com,Bajo cero,2023-06-09,true
bmaldonado@example.org,El guardian,2023-07-27,false
bmaldonado@example.org,La frontera,2026-04-16,false
bmaldonado@example.org,El ultimo recurso,2024-11-09,true
bmaldonado@example.org,La maquina del tiempo,2024-03-03,false
bmaldonado@example.org,El monstruo interior,2023-05-02,false
bmaldonado@example.org,El ultimo dia,2023-07-16,false
bmaldonado@example.org,La persecucion,2024-08-24,true
bmaldonado@example.org,La mente oscura,2023-11-06,true
bmaldonado@example.org,La segunda oportunidad,2024-10-22,true
bmaldonado@example.org,Punto ciego,2025-11-27,false
bmaldonado@example.org,El eco del pasado,2024-07-25,false
xcollazo@example.com,La oscuridad eterna,2025-02-11,true
xcollazo@example.com,Explosion,2026-02-19,true
xcollazo@example.com,El riesgo calculado,2024-12-06,true
xcollazo@example.com,Sin retorno,2026-03-13,true
xcollazo@example.com,Sin piedad,2025-12-24,true
xcollazo@example.com,La marca del diablo,2024-06-26,false
xcollazo@example.com,Sin rastro,2024-08-25,true
xcollazo@example.com,El elegido,2025-12-24,false
xcollazo@example.com,La red,2025-11-14,true
xcollazo@example.com,Sin salida,2024-02-04,false
xcollazo@example.com,El ladrón de sueños,2023-08-08,true
xcollazo@example.com,Fragmentos,2026-03-01,true
xcollazo@example.com,Sin identidad,2024-07-01,true
xcollazo@example.com,La cadena rota,2025-03-18,false
xcollazo@example.com,La red de mentiras,2025-10-17,true
xcollazo@example.com,La conexion,2025-09-17,false
xcollazo@example.com,Sin fronteras,2023-08-13,true
xcollazo@example.com,Descenso,2023-12-21,false
xcollazo@example.com,La sombra del futuro,2023-09-16,true
calderonrosa@example.net,Impacto final,2024-06-09,false
calderonrosa@example.net,Colision,2026-04-19,true
calderonrosa@example.net,Caos total,2023-04-27,true
calderonrosa@example.net,El observador,2025-08-14,true
calderonrosa@example.net,Impacto,2025-02-12,false
calderonrosa@example.net,El espejo roto,2023-11-24,true
calderonrosa@example.net,El vacio,2023-12-29,false
calderonrosa@example.net,Sin nombre,2025-10-26,true
calderonrosa@example.net,El maestro del engano,2026-01-20,true
gonzaloabrego@example.org,La amenaza,2024-01-04,true
gonzaloabrego@example.org,El regreso,2025-04-21,true
gonzaloabrego@example.org,Sin piedad ni gloria,2023-06-21,true
gonzaloabrego@example.org,El oraculo,2023-07-16,true
gonzaloabrego@example.org,La redencion,2023-08-26,false
gonzaloabrego@example.org,La señal,2023-12-11,true
gonzaloabrego@example.org,Origen,2023-12-26,true
gonzaloabrego@example.org,Abismo,2023-06-08,false
gonzaloabrego@example.org,Evasion total,2024-09-10,false
gonzaloabrego@example.org,La conexion,2023-12-31,false
gonzaloabrego@example.org,La tela de araña,2024-05-26,true
gonzaloabrego@example.org,Descenso,2024-07-15,true
gonzaloabrego@example.org,Sin escape,2026-02-24,false
gonzaloabrego@example.org,El despertar,2024-09-29,false
gonzaloabrego@example.org,Conexion fatal,2024-04-25,true
gonzaloabrego@example.org,La herencia maldita,2024-05-30,false
gonzaloabrego@example.org,Sueños rotos,2026-04-14,true
gonzaloabrego@example.org,Sin rastro,2025-05-28,false
enrique70@example.net,Sin nombre,2025-10-03,false
enrique70@example.net,Sin retorno,2024-02-22,true
enrique70@example.net,El testigo silencioso,2023-07-29,false
enrique70@example.net,El proyecto secreto,2024-06-04,false
enrique70@example.net,El silencio roto,2025-09-12,false
enrique70@example.net,Desolacion,2025-11-22,true
enrique70@example.net,Sueños rotos,2023-05-28,true
enrique70@example.net,Mas alla del bien,2024-09-21,true
enrique70@example.net,La venganza,2024-08-03,false
enrique70@example.net,La promesa rota,2024-10-01,false
enrique70@example.net,Sin limite,2026-03-05,false
enrique70@example.net,La persecucion,2024-04-28,true
enrique70@example.net,Derrumbe,2025-06-24,false
enrique70@example.net,La noche de los lobos,2026-03-24,false
miguel-angel25@example.com,Fragmentos,2024-11-13,true
miguel-angel25@example.com,Colapso,2025-07-21,true
miguel-angel25@example.com,La venganza,2024-03-27,false
miguel-angel25@example.com,Abismo,2024-02-27,false
miguel-angel25@example.com,En el limite,2025-04-13,true
miguel-angel25@example.com,La mente oscura,2024-11-24,false
miguel-angel25@example.com,El secreto del lago,2023-07-22,false
miguel-angel25@example.com,La caida libre,2024-06-29,false
miguel-angel25@example.com,Sin salida aparente,2024-07-19,true
miguel-angel25@example.com,Tormenta de fuego,2026-01-29,false
miguel-angel25@example.com,La caja de pandora,2025-12-31,true
miguel-angel25@example.com,El infierno verde,2023-12-07,true
miguel-angel25@example.com,Zona prohibida,2024-06-04,false
miguel-angel25@example.com,La persecucion,2024-09-28,false
miguel-angel25@example.com,La trampa,2025-01-22,false
miguel-angel25@example.com,El ultimo grito,2026-01-17,true
de-la-rosalorena@example.net,La rueda del destino,2023-12-13,true
de-la-rosalorena@example.net,En el limite,2023-05-18,false
de-la-rosalorena@example.net,La amenaza silenciosa,2025-01-27,false
de-la-rosalorena@example.net,Sin retorno,2025-11-01,false
de-la-rosalorena@example.net,El vacio,2024-01-06,true
de-la-rosalorena@example.net,El guardian,2023-10-09,true
de-la-rosalorena@example.net,El poder oculto,2023-08-20,false
de-la-rosalorena@example.net,Sombra y luz,2024-02-20,false
de-la-rosalorena@example.net,La oscuridad interior,2024-06-15,true
de-la-rosalorena@example.net,El cazador de almas,2024-06-11,true
de-la-rosalorena@example.net,El codigo negro,2026-01-09,false
de-la-rosalorena@example.net,El regreso del mal,2024-08-16,true
de-la-rosalorena@example.net,La voz del silencio,2023-06-08,false
de-la-rosalorena@example.net,El cazador,2024-01-07,true
ulloagonzalo@example.net,Implosion,2025-12-31,true
ulloagonzalo@example.net,En el limite,2024-06-07,true
ulloagonzalo@example.net,El testamento,2025-11-13,true
ulloagonzalo@example.net,La clave perdida,2025-12-30,false
ulloagonzalo@example.net,La sombra del mal,2024-10-03,false
ulloagonzalo@example.net,La oscuridad eterna,2024-10-18,true
gdel-rio@example.org,Fractura,2024-02-25,true
gdel-rio@example.org,El espejo roto,2024-09-13,true
gdel-rio@example.org,La amenaza silenciosa,2024-12-23,false
gdel-rio@example.org,Impacto,2023-10-21,true
gdel-rio@example.org,El tercer ojo,2025-08-17,false
gdel-rio@example.org,El cruce,2023-06-26,false
gdel-rio@example.org,Sin memoria,2025-01-23,true
gdel-rio@example.org,Voces en la oscuridad,2025-10-12,false
zeferino45@example.com,El camino perdido,2024-11-10,true
zeferino45@example.com,El vigilante,2025-06-14,true
zeferino45@example.com,La trampa,2026-02-14,true
zeferino45@example.com,Sin piedad,2023-12-31,false
zeferino45@example.com,La red,2025-06-23,false
zeferino45@example.com,La tormenta perfecta,2023-04-29,false
zeferino45@example.com,La clave perdida,2026-02-18,true
zeferino45@example.com,La trampa final,2025-02-02,true
zeferino45@example.com,Doble identidad,2024-09-21,true
zeferino45@example.com,Sin escape,2024-04-15,true
zeferino45@example.com,El riesgo calculado,2024-03-05,false
ricardo13@example.net,El vigilante,2025-10-28,true
ricardo13@example.net,El guerrero,2025-07-08,false
ricardo13@example.net,El peso del silencio,2025-12-01,false
ricardo13@example.net,El silencio roto,2025-01-28,true
ricardo13@example.net,El testamento,2023-11-08,false
ricardo13@example.net,La decision,2024-06-09,true
ricardo13@example.net,La redencion,2023-09-16,true
ricardo13@example.net,El despertar,2023-10-05,true
ricardo13@example.net,La ultima esperanza,2025-12-19,false
ricardo13@example.net,La clave perdida,2025-08-16,false
ricardo13@example.net,La persecucion,2024-12-14,false
ricardo13@example.net,El oraculo,2024-10-10,true
ricardo13@example.net,La rueda del destino,2024-09-29,true
ricardo13@example.net,El cazador,2025-09-09,true
ricardo13@example.net,La conspiración,2024-03-20,true
ricardo13@example.net,La fuerza del destino,2025-03-02,false
ricardo13@example.net,Caos total,2023-10-06,true
noemicanales@example.org,Sin tregua,2024-06-16,true
noemicanales@example.org,La trampa final,2025-12-20,false
noemicanales@example.org,El infierno verde,2025-04-16,false
noemicanales@example.org,La ultima frontera,2024-05-03,false
noemicanales@example.org,El silencio roto,2023-08-10,true
noemicanales@example.org,El vacio,2025-05-11,false
noemicanales@example.org,La sombra del futuro,2025-01-11,true
noemicanales@example.org,La herencia maldita,2024-11-24,true
nsolis@example.net,El doble juego,2024-09-19,false
nsolis@example.net,La persecucion,2025-05-22,false
nsolis@example.net,La cadena rota,2024-08-26,true
nsolis@example.net,Sin rastro,2024-09-09,false
nsolis@example.net,El peso del silencio,2023-11-20,false
nsolis@example.net,El punto de quiebre,2023-06-18,true
nsolis@example.net,La batalla final,2025-06-01,true
nsolis@example.net,La herencia maldita,2023-08-30,false
nsolis@example.net,La venganza perfecta,2025-12-11,true
nsolis@example.net,Sin tregua,2024-01-22,true
nsolis@example.net,Insurreccion,2023-10-21,true
nsolis@example.net,Golpe mortal,2024-08-16,true
nsolis@example.net,Mas alla del bien,2024-07-31,false
nsolis@example.net,La espiral,2023-12-18,true
nsolis@example.net,El precio de la gloria,2024-07-10,true
nsolis@example.net,La guerra fria,2025-10-26,true
nsolis@example.net,El regreso del mal,2023-06-27,true
anavarro@example.com,Sin identidad,2023-06-24,false
anavarro@example.com,Torbellino,2025-03-09,true
anavarro@example.com,Sin fronteras,2024-05-31,true
anavarro@example.com,El enviado,2026-02-01,true
anavarro@example.com,Tierra de nadie,2024-11-24,false
anavarro@example.com,Sin piedad,2024-09-25,true
anavarro@example.com,Instinto,2023-08-08,false
anavarro@example.com,El infiltrado,2025-07-12,true
anavarro@example.com,La isla perdida,2025-05-24,false
anavarro@example.com,La maldicion,2024-03-21,true
anavarro@example.com,La fuerza interior,2023-08-06,true
anavarro@example.com,El observador,2024-01-12,false
anavarro@example.com,La profecia,2023-05-15,false
anavarro@example.com,Sombras del pasado,2023-07-28,false
anavarro@example.com,Sangre fria,2024-10-25,true
anavarro@example.com,Detonacion,2023-11-05,true
anavarro@example.com,Abismo,2024-12-04,true
anavarro@example.com,Doble identidad,2024-09-16,false
anavarro@example.com,Desolacion,2024-01-31,false
victoriavillalobos@example.org,Evasion total,2023-04-25,true
victoriavillalobos@example.org,Punto critico,2025-03-04,false
victoriavillalobos@example.org,La zona roja,2025-07-17,true
victoriavillalobos@example.org,La tela de araña,2024-08-28,false
victoriavillalobos@example.org,El ultimo testigo,2023-10-31,false
victoriavillalobos@example.org,Luz y oscuridad,2025-12-26,true
victoriavillalobos@example.org,Mas alla del horizonte,2024-08-18,false
victoriavillalobos@example.org,Cero absoluto,2025-08-24,false
victoriavillalobos@example.org,El ultimo comando,2025-01-07,true
victoriavillalobos@example.org,El ultimo recurso,2023-11-24,true
victoriavillalobos@example.org,La venganza perfecta,2025-01-26,true
victoriavillalobos@example.org,La cadena rota,2025-01-30,false
victoriavillalobos@example.org,La herida abierta,2025-09-13,false
victoriavillalobos@example.org,El horizonte perdido,2025-05-05,false
victoriavillalobos@example.org,La isla perdida,2024-08-27,true
victoriavillalobos@example.org,Bajo cero,2024-02-17,false
victoriavillalobos@example.org,Zona de guerra,2025-04-20,true
alejandrovaldez@example.org,La sombra del mal,2023-07-08,false
alejandrovaldez@example.org,El punto final,2025-05-16,false
alejandrovaldez@example.org,El testamento,2025-10-26,false
alejandrovaldez@example.org,El ultimo recurso,2023-06-19,true
alejandrovaldez@example.org,Derrumbe,2025-06-20,true
alejandrovaldez@example.org,El testigo silencioso,2024-03-22,true
alejandrovaldez@example.org,Voces en la oscuridad,2023-12-30,false
alejandrovaldez@example.org,El abismo oscuro,2025-11-14,false
alejandrovaldez@example.org,El codigo olvidado,2024-04-10,true
alejandrovaldez@example.org,Punto sin retorno,2025-01-25,true
alejandrovaldez@example.org,El ultimo comando,2024-07-05,true
alejandrovaldez@example.org,El enviado,2025-02-02,true
alejandrovaldez@example.org,Doble identidad,2025-07-17,false
alejandrovaldez@example.org,Sueños rotos,2025-12-06,false
alejandrovaldez@example.org,La noche sin fin,2023-05-13,true
alejandrovaldez@example.org,Sin memoria,2024-05-12,false
alejandrovaldez@example.org,La conspiración,2025-01-27,true
regaladoenrique@example.net,Explosion,2026-03-18,true
regaladoenrique@example.net,La trampa mortal,2025-09-18,false
regaladoenrique@example.net,Tormenta interior,2024-07-28,false
regaladoenrique@example.net,Mas fuerte que el destino,2026-03-09,true
regaladoenrique@example.net,La fuerza del mal,2023-07-24,false
regaladoenrique@example.net,La noche de los lobos,2024-05-14,false
regaladoenrique@example.net,Renacimiento,2023-08-19,true
regaladoenrique@example.net,Punto ciego,2023-09-05,false
regaladoenrique@example.net,Zona prohibida,2023-10-09,false
regaladoenrique@example.net,La oscuridad interior,2024-03-21,true
regaladoenrique@example.net,Doble identidad,2023-11-01,true
regaladoenrique@example.net,La ultima oportunidad,2023-10-21,false
alejandro27@example.com,Renacimiento,2023-06-25,true
alejandro27@example.com,La herida abierta,2024-12-30,true
alejandro27@example.com,El espejo roto,2026-01-06,true
alejandro27@example.com,Evasion total,2026-02-03,false
alejandro27@example.com,El testigo silencioso,2025-03-10,true
alejandro27@example.com,En el limite,2024-04-17,false
minervagracia@example.net,La verdad prohibida,2024-02-10,false
minervagracia@example.net,El laberinto,2025-02-08,true
minervagracia@example.net,Luz y oscuridad,2026-02-08,true
minervagracia@example.net,El riesgo calculado,2023-07-09,true
minervagracia@example.net,La zona roja,2025-11-21,false
minervagracia@example.net,Mas fuerte que el destino,2025-05-16,false
minervagracia@example.net,Sin identidad,2025-07-11,true
minervagracia@example.net,Bajo cero,2025-09-02,true
minervagracia@example.net,La ultima oportunidad,2025-07-26,false
minervagracia@example.net,La trampa final,2024-03-02,false
minervagracia@example.net,Codigo rojo,2024-12-01,true
minervagracia@example.net,Sin tregua,2024-04-06,false
minervagracia@example.net,Desolacion,2025-05-05,true
minervagracia@example.net,Sin escape,2026-03-04,false
minervagracia@example.net,El guerrero,2024-02-15,false
minervagracia@example.net,Sin rastro,2024-06-02,false
minervagracia@example.net,El guardian eterno,2023-10-24,true
susana67@example.com,La ultima frontera,2026-02-01,false
susana67@example.com,La rueda del destino,2024-11-18,true
susana67@example.com,El tercer ojo,2023-04-28,false
susana67@example.com,Sin retorno,2023-07-10,false
susana67@example.com,El secreto del lago,2026-03-05,false
susana67@example.com,Sombras del pasado,2023-08-18,false
susana67@example.com,Zona prohibida,2026-03-22,false
susana67@example.com,Sin salida,2025-09-01,false
susana67@example.com,El ultimo acto,2026-03-02,true
carrerozeferino@example.org,Renacimiento,2025-06-19,false
carrerozeferino@example.org,La caida libre,2024-11-30,true
carrerozeferino@example.org,Sin retorno,2025-06-14,true
carrerozeferino@example.org,El ultimo testigo,2024-09-26,false
carrerozeferino@example.org,La voz del silencio,2024-03-20,false
carrerozeferino@example.org,El punto de quiebre,2025-08-20,true
carrerozeferino@example.org,El enviado,2024-05-12,true
carrerozeferino@example.org,Combustion,2025-12-04,false
carrerozeferino@example.org,La caida,2024-06-28,false
carrerozeferino@example.org,Instinto,2024-04-20,false
carrerozeferino@example.org,La herida abierta,2025-06-25,false
carrerozeferino@example.org,Doble identidad,2025-11-24,false
carrerozeferino@example.org,El abismo oscuro,2025-04-20,false
carrerozeferino@example.org,La redencion,2024-05-02,true
carrerozeferino@example.org,La bestia,2023-12-06,true
karlaposada@example.org,El oraculo,2024-09-03,true
karlaposada@example.org,Instinto,2025-08-01,false
karlaposada@example.org,El precio de la verdad,2023-11-01,false
karlaposada@example.org,El cazador,2025-09-23,false
karlaposada@example.org,Sueños rotos,2023-04-22,false
karlaposada@example.org,El ladrón de sueños,2025-03-07,false
karlaposada@example.org,Entre dos mundos,2023-08-21,true
karlaposada@example.org,La batalla final,2023-04-23,false
karlaposada@example.org,Derrumbe,2025-07-19,true
karlaposada@example.org,El precio del poder,2024-06-16,false
karlaposada@example.org,Tiempo prestado,2026-02-28,true
karlaposada@example.org,Torbellino,2025-05-18,false
karlaposada@example.org,La tela de araña,2026-02-06,true
karlaposada@example.org,Sin salida aparente,2024-08-05,false
karlaposada@example.org,La oscuridad eterna,2024-07-10,false
karlaposada@example.org,Bajo cero,2023-08-03,true
karlaposada@example.org,El maestro del engano,2024-09-01,true
karlaposada@example.org,El cruce,2025-12-28,false
karlaposada@example.org,El cazador solitario,2024-01-29,false
renato41@example.net,Sangre fria,2023-06-11,false
renato41@example.net,La noche infinita,2024-11-20,false
renato41@example.net,Evasion total,2026-03-07,false
renato41@example.net,Zona de peligro,2025-10-10,false
renato41@example.net,La noche sin fin,2024-07-14,false
renato41@example.net,La oscuridad eterna,2023-10-15,false
renato41@example.net,El proyecto secreto,2024-10-29,false
corralesrocio@example.org,El codigo negro,2024-09-30,false
corralesrocio@example.org,Punto ciego,2023-09-21,true
corralesrocio@example.org,Sin fronteras,2024-04-11,true
corralesrocio@example.org,El punto de quiebre,2025-04-02,true
corralesrocio@example.org,La zona gris,2024-05-12,false
corralesrocio@example.org,El observador,2024-04-08,true
corralesrocio@example.org,Codigo rojo,2023-10-17,true
corralesrocio@example.org,El guardian eterno,2024-02-23,false
corralesrocio@example.org,Sin nombre,2025-05-26,true
corralesrocio@example.org,La fuerza interior,2025-04-01,false
corralesrocio@example.org,Golpe mortal,2025-09-19,false
corralesrocio@example.org,La verdad oculta,2024-08-11,true
corralesrocio@example.org,Fractura,2025-05-17,true
corralesrocio@example.org,La persecucion,2024-04-09,false
qmontanez@example.com,La sombra del pasado,2026-01-27,true
qmontanez@example.com,Sin nombre,2024-05-30,false
qmontanez@example.com,El infiltrado,2025-01-27,true
qmontanez@example.com,El regreso,2026-02-01,true
qmontanez@example.com,La sombra del mal,2025-06-08,false
qmontanez@example.com,La herida abierta,2025-03-02,true
qmontanez@example.com,Territorio enemigo,2026-02-19,false
qmontanez@example.com,El laberinto,2026-01-26,true
qmontanez@example.com,La caida,2023-09-24,false
qmontanez@example.com,La tela de araña,2024-10-01,false
qmontanez@example.com,La conspiración,2023-06-13,true
qmontanez@example.com,El ultimo acto,2025-05-27,true
qmontanez@example.com,Origen,2025-07-25,false
qmontanez@example.com,Oscuridad total,2023-11-16,false
qmontanez@example.com,El cazador de almas,2024-11-20,false
qmontanez@example.com,Sin salida aparente,2025-10-31,true
qmontanez@example.com,Mas alla del bien,2023-08-28,false
mayte25@example.org,Zona de peligro,2024-02-19,false
mayte25@example.org,La ultima esperanza,2025-02-11,true
mayte25@example.org,Mas alla del horizonte,2024-07-14,true
mayte25@example.org,El espejo roto,2025-04-22,true
mayte25@example.org,El silencio roto,2025-08-03,false
mayte25@example.org,El precio de la gloria,2025-03-26,true
mayte25@example.org,Entre dos mundos,2024-10-21,true
mayte25@example.org,La espiral,2025-01-07,true
mayte25@example.org,La noche sin fin,2025-10-28,false
mayte25@example.org,Impacto,2024-02-29,false
mayte25@example.org,La zona roja,2025-02-05,false
mayte25@example.org,La sombra del pasado,2024-08-22,true
celianavarro@example.org,La pesadilla,2024-11-21,false
celianavarro@example.org,La herencia maldita,2024-05-25,true
celianavarro@example.org,Territorio enemigo,2023-11-18,false
celianavarro@example.org,El enviado,2026-01-22,false
celianavarro@example.org,El guardian eterno,2023-12-12,true
celianavarro@example.org,La marca del diablo,2025-02-15,false
celianavarro@example.org,El riesgo calculado,2023-08-15,false
celianavarro@example.org,Zona de peligro,2024-03-12,true
celianavarro@example.org,La batalla final,2023-09-11,true
celianavarro@example.org,La ultima batalla,2025-05-06,false
celianavarro@example.org,La caida libre,2025-09-15,false
celianavarro@example.org,Abismo,2023-08-13,true
celianavarro@example.org,La noche sin fin,2026-01-17,true
celianavarro@example.org,Desolacion,2024-04-16,false
celianavarro@example.org,La señal perdida,2025-03-22,true
celianavarro@example.org,La profecia,2026-04-04,true
celianavarro@example.org,Sin identidad conocida,2025-12-04,false
celianavarro@example.org,Voces en la oscuridad,2024-10-18,false
celianavarro@example.org,Fuga imposible,2025-04-08,false
silvia68@example.com,La persecucion,2023-11-21,true
silvia68@example.com,La espiral,2024-02-07,false
silvia68@example.com,El guerrero,2026-03-21,true
silvia68@example.com,El observador,2024-09-07,false
silvia68@example.com,El codigo negro,2024-05-18,true
silvia68@example.com,La alianza,2025-09-12,false
silvia68@example.com,Sombra y luz,2025-06-18,true
silvia68@example.com,La oscuridad interior,2025-03-25,false
silvia68@example.com,El ultimo grito,2023-06-22,false
silvia68@example.com,El juego mortal,2025-11-29,false
silvia68@example.com,El abismo oscuro,2023-12-11,true
silvia68@example.com,Mas fuerte que el destino,2026-03-30,false
silvia68@example.com,Colision,2024-05-21,true
silvia68@example.com,Fuga imposible,2024-06-14,true
albadulce@example.com,Cero absoluto,2023-08-25,true
albadulce@example.com,El prisionero,2023-06-18,true
albadulce@example.com,La guerra fria,2025-03-11,false
albadulce@example.com,Insurreccion,2023-07-14,false
albadulce@example.com,La venganza,2024-05-27,true
albadulce@example.com,La ultima oportunidad,2024-10-10,false
albadulce@example.com,Colisión de mundos,2025-01-11,false
albadulce@example.com,La herida abierta,2023-09-02,true
albadulce@example.com,Origen,2026-03-06,true
albadulce@example.com,El ultimo viaje,2024-12-14,false
albadulce@example.com,La caja de pandora,2023-05-27,true
albadulce@example.com,El ultimo comando,2023-11-25,false
albadulce@example.com,La ultima esperanza,2026-01-15,true
javier66@example.com,La conspiración,2025-03-27,false
javier66@example.com,El monstruo interior,2026-04-15,false
javier66@example.com,Abismo,2023-10-05,false
javier66@example.com,El horizonte perdido,2024-12-21,true
javier66@example.com,El infierno verde,2024-07-19,false
jorge49@example.com,El ultimo testigo,2024-12-29,true
jorge49@example.com,Conexion fatal,2024-09-29,false
jorge49@example.com,Punto de no retorno,2024-12-28,false
jorge49@example.com,La fuerza interior,2024-03-20,false
jorge49@example.com,La ultima batalla,2023-10-20,false
jorge49@example.com,El ultimo heroe,2025-06-13,false
jose-eduardoloera@example.net,El mundo al reves,2026-03-23,false
jose-eduardoloera@example.net,El codigo negro,2023-10-21,true
jose-eduardoloera@example.net,El ultimo recurso,2023-09-16,false
jose-eduardoloera@example.net,Sin piedad,2024-06-07,true
jose-eduardoloera@example.net,Sin retorno,2023-07-15,true
jose-eduardoloera@example.net,Mas fuerte que el destino,2025-03-20,true
jose-eduardoloera@example.net,El ladrón de sueños,2026-02-06,true
jose-eduardoloera@example.net,El laberinto,2024-03-28,true
jose-eduardoloera@example.net,El cazador,2025-11-03,true
moralesabel@example.com,La persecucion,2026-03-30,true
moralesabel@example.com,Sin retorno,2025-02-15,false
moralesabel@example.com,La trampa final,2023-12-25,true
moralesabel@example.com,La espiral,2025-07-27,true
moralesabel@example.com,El prisionero,2023-10-07,true
moralesabel@example.com,Fragmentos,2025-11-22,true
moralesabel@example.com,La ultima frontera,2024-01-05,false
moralesabel@example.com,El testigo silencioso,2025-10-23,true
moralesabel@example.com,El laberinto,2024-09-22,false
moralesabel@example.com,Impacto final,2026-04-18,true
moralesabel@example.com,La red de mentiras,2024-04-17,false
moralesabel@example.com,Entre dos mundos,2025-12-16,false
moralesabel@example.com,El observador,2023-04-30,true
judith79@example.net,El ultimo viaje,2024-10-12,false
judith79@example.net,Sin piedad,2025-05-05,false
judith79@example.net,La noche sin fin,2024-07-01,false
judith79@example.net,Doble identidad,2025-02-02,false
judith79@example.net,El eco del pasado,2024-05-19,true
judith79@example.net,Punto ciego,2026-03-24,true
judith79@example.net,Fractura,2024-01-28,false
judith79@example.net,Codigo rojo,2024-08-18,true
pizarrosoledad@example.org,El doble juego,2024-10-13,false
pizarrosoledad@example.org,La batalla final,2024-09-06,true
pizarrosoledad@example.org,Luz y oscuridad,2025-06-08,true
pizarrosoledad@example.org,Sin piedad,2025-06-14,false
pizarrosoledad@example.org,Mas fuerte que el destino,2025-06-13,false
pizarrosoledad@example.org,Sombras del pasado,2023-11-03,true
pizarrosoledad@example.org,El maestro del engano,2024-09-19,false
pizarrosoledad@example.org,Punto ciego,2025-05-14,false
pizarrosoledad@example.org,Tormenta interior,2025-08-25,false
pizarrosoledad@example.org,Combustion,2025-09-12,false
pizarrosoledad@example.org,El ultimo testigo,2024-12-01,false
pizarrosoledad@example.org,El ultimo susurro,2024-07-21,true
pizarrosoledad@example.org,El destino marcado,2023-12-18,false
pizarrosoledad@example.org,Instinto,2024-10-17,true
pizarrosoledad@example.org,La ultima batalla,2023-12-03,true
pizarrosoledad@example.org,Sangre fria,2025-01-12,false
pizarrosoledad@example.org,La zona gris,2023-10-18,true
yesparza@example.net,Doble identidad,2023-10-22,false
yesparza@example.net,El observador,2025-02-07,true
yesparza@example.net,La noche sin fin,2024-03-19,true
yesparza@example.net,El destino marcado,2024-02-06,true
yesparza@example.net,Caos total,2024-09-01,true
yesparza@example.net,Fractura,2025-08-20,true
yesparza@example.net,La alianza,2024-03-24,true
yesparza@example.net,El monstruo interior,2024-10-25,false
yesparza@example.net,La sombra del pasado,2025-09-20,false
yesparza@example.net,La venganza,2024-02-06,false
yesparza@example.net,El regreso,2024-05-04,false
lilia42@example.net,La redencion,2025-07-13,true
lilia42@example.net,La fuerza del mal,2025-06-04,false
lilia42@example.net,La verdad oculta,2024-06-16,false
lilia42@example.net,Sin limite,2024-07-20,true
lilia42@example.net,La segunda oportunidad,2023-10-15,false
lilia42@example.net,El guardian,2025-02-07,false
lilia42@example.net,Fuga imposible,2024-08-24,true
lilia42@example.net,Combustion,2025-02-13,false
lilia42@example.net,La marca del diablo,2025-05-16,true
lilia42@example.net,El ultimo dia,2026-01-11,false
marianovargas@example.org,La caja de pandora,2025-09-09,true
marianovargas@example.org,Zona de guerra,2025-07-30,false
marianovargas@example.org,La noche sin fin,2023-05-12,false
marianovargas@example.org,Impacto,2024-12-16,true
marianovargas@example.org,Implosion,2023-10-02,true
marianovargas@example.org,Tiempo prestado,2024-03-02,false
marcela98@example.org,El punto de quiebre,2026-02-10,false
marcela98@example.org,La alianza,2023-12-29,false
marcela98@example.org,Tierra de nadie,2025-02-22,false
marcela98@example.org,Tormenta interior,2025-02-22,true
marcela98@example.org,Mas fuerte que el destino,2024-07-28,false
marcela98@example.org,Entre dos mundos,2025-03-08,true
marcela98@example.org,La sombra del mal,2025-10-30,true
marcela98@example.org,Sin fronteras,2024-05-30,true
marcela98@example.org,El codigo negro,2025-03-06,false
marcela98@example.org,El cazador de almas,2023-07-12,false
marcela98@example.org,El ultimo susurro,2023-04-29,false
marcela98@example.org,La trampa,2024-10-29,true
marcela98@example.org,El vigilante,2025-02-10,true
marcela98@example.org,Fuga imposible,2025-08-12,false
marcela98@example.org,Derrumbe,2024-11-27,true
eloisa49@example.com,El destino marcado,2026-04-08,false
eloisa49@example.com,El cazador solitario,2025-08-24,true
eloisa49@example.com,El error fatal,2025-05-25,false
eloisa49@example.com,El ultimo comando,2025-09-19,true
eloisa49@example.com,La segunda oportunidad,2025-09-27,false
eloisa49@example.com,El regreso del mal,2023-06-14,true
eloisa49@example.com,Sombras del pasado,2025-08-23,false
eloisa49@example.com,El espejo oscuro,2023-11-08,true
eloisa49@example.com,El cruce,2025-03-14,false
eloisa49@example.com,Colisión de mundos,2024-02-03,true
eloisa49@example.com,El abismo oscuro,2023-08-31,false
eloisa49@example.com,La caja de pandora,2024-08-07,true
eloisa49@example.com,El laberinto,2026-02-14,false
eloisa49@example.com,La sombra del futuro,2024-07-22,true
eloisa49@example.com,El precio de la verdad,2026-03-23,false
eloisa49@example.com,La cadena rota,2025-10-12,false
navarretemarco-antonio@example.com,La profecia,2024-07-15,false
navarretemarco-antonio@example.com,La verdad oculta,2023-05-23,true
navarretemarco-antonio@example.com,El laberinto,2025-12-02,true
navarretemarco-antonio@example.com,Mas alla del bien,2023-12-17,true
navarretemarco-antonio@example.com,El guardian,2025-06-14,true
navarretemarco-antonio@example.com,La trampa final,2026-01-24,true
navarretemarco-antonio@example.com,Sin limite,2025-06-13,false
navarretemarco-antonio@example.com,La señal,2025-08-17,true
navarretemarco-antonio@example.com,El guardian eterno,2024-05-08,true
navarretemarco-antonio@example.com,Torbellino,2023-06-18,false
navarretemarco-antonio@example.com,Zona de guerra,2024-03-19,true
navarretemarco-antonio@example.com,Desolacion,2024-04-14,true
navarretemarco-antonio@example.com,El tercer ojo,2025-11-11,true
navarretemarco-antonio@example.com,Sin cuartel,2024-03-06,true
navarretemarco-antonio@example.com,El tiempo se acaba,2025-08-09,false
navarretemarco-antonio@example.com,Sin piedad ni gloria,2026-01-06,true
navarretemarco-antonio@example.com,La batalla final,2023-06-04,true
navarretemarco-antonio@example.com,La clave perdida,2024-04-20,true
navarretemarco-antonio@example.com,El testamento,2025-05-25,false
navarretemarco-antonio@example.com,Punto critico,2023-05-10,true
leonardoharo@example.net,Cero absoluto,2024-05-17,false
leonardoharo@example.net,El guardian,2025-06-30,false
leonardoharo@example.net,El abismo oscuro,2025-08-02,false
leonardoharo@example.net,El testigo silencioso,2026-01-11,false
leonardoharo@example.net,La conexion,2023-08-18,true
leonardoharo@example.net,La guerra fria,2023-09-12,true
leonardoharo@example.net,La noche sin fin,2025-12-05,true
leonardoharo@example.net,La fuerza interior,2024-08-22,true
leonardoharo@example.net,La clave perdida,2025-10-29,false
leonardoharo@example.net,La amenaza,2025-05-24,true
augustoolivera@example.com,El tercer ojo,2023-10-18,true
augustoolivera@example.com,El infierno verde,2025-03-19,false
augustoolivera@example.com,La decision,2025-11-13,false
augustoolivera@example.com,Tierra de nadie,2025-01-17,false
augustoolivera@example.com,La profecia,2023-10-24,false
augustoolivera@example.com,La fuerza del destino,2024-12-14,false
augustoolivera@example.com,La cadena rota,2023-08-20,true
augustoolivera@example.com,Conexion fatal,2023-08-01,false
augustoolivera@example.com,El cruce,2025-03-15,true
augustoolivera@example.com,La persecucion,2025-08-14,true
augustoolivera@example.com,El espiritu guerrero,2023-10-14,false
augustoolivera@example.com,El ultimo heroe,2025-05-18,true
augustoolivera@example.com,Zona de guerra,2023-09-09,true
jaimestimoteo@example.com,El ladrón de sueños,2023-06-08,true
jaimestimoteo@example.com,Doble identidad,2025-09-30,true
jaimestimoteo@example.com,Zona de guerra,2024-11-25,true
jaimestimoteo@example.com,La clave perdida,2024-01-22,true
jaimestimoteo@example.com,Sin escape,2025-01-05,false
jaimestimoteo@example.com,Explosion,2025-05-26,true
jaimestimoteo@example.com,Instinto,2025-03-11,false
jaimestimoteo@example.com,La maldicion,2025-08-22,true
jaimestimoteo@example.com,La batalla final,2023-11-16,true
jaimestimoteo@example.com,La rueda del destino,2025-11-30,true
jaimestimoteo@example.com,Insurreccion,2025-10-05,false
jaimestimoteo@example.com,Fractura,2025-01-14,true
jaimestimoteo@example.com,Evasion total,2026-02-02,true
jaimestimoteo@example.com,La mente oscura,2024-09-25,true
jaimestimoteo@example.com,Sin nombre,2024-07-11,false
jaimestimoteo@example.com,Desolacion,2025-10-09,true
daliacervantez@example.org,La sombra del mal,2024-03-08,true
daliacervantez@example.org,La rueda del destino,2024-05-01,true
daliacervantez@example.org,La promesa rota,2025-05-31,true
daliacervantez@example.org,Mas alla del bien,2025-02-11,true
daliacervantez@example.org,El destino marcado,2024-06-05,false
daliacervantez@example.org,El ultimo comando,2024-11-14,true
daliacervantez@example.org,Doble identidad,2024-10-19,false
daliacervantez@example.org,El legado,2026-03-16,false
daliacervantez@example.org,El cazador de almas,2024-01-28,true
daliacervantez@example.org,El umbral,2025-02-14,true
daliacervantez@example.org,Implosion,2026-02-27,false
vigilmaria-cristina@example.org,La redencion,2025-06-25,true
vigilmaria-cristina@example.org,El cazador de almas,2025-06-10,true
vigilmaria-cristina@example.org,El camino perdido,2023-11-29,false
vigilmaria-cristina@example.org,Descenso,2026-01-05,true
vigilmaria-cristina@example.org,El espejo roto,2025-03-12,true
vigilmaria-cristina@example.org,Colisión de mundos,2025-11-29,false
vigilmaria-cristina@example.org,La verdad prohibida,2024-07-09,false
vigilmaria-cristina@example.org,La frontera,2024-02-23,false
vigilmaria-cristina@example.org,La caja de pandora,2024-06-14,false
vigilmaria-cristina@example.org,La conexion,2025-02-19,true
vigilmaria-cristina@example.org,Sin memoria,2025-04-02,true
vigilmaria-cristina@example.org,Zona de peligro,2024-05-31,false
vigilmaria-cristina@example.org,Caos total,2024-01-11,false
vigilmaria-cristina@example.org,El codigo negro,2026-01-18,true
vigilmaria-cristina@example.org,Mas fuerte que el destino,2023-06-16,true
vigilmaria-cristina@example.org,Abismo,2024-07-26,true
vigilmaria-cristina@example.org,El silencio roto,2024-04-02,true
federico55@example.org,Desolacion,2024-02-13,true
federico55@example.org,La frontera,2023-08-12,true
federico55@example.org,Sin tregua,2025-07-23,false
federico55@example.org,El umbral,2025-07-20,false
federico55@example.org,Sin fronteras,2025-12-21,false
federico55@example.org,Cero absoluto,2024-10-26,true
federico55@example.org,El ultimo dia,2024-07-22,false
tsauceda@example.com,La alianza,2025-08-16,true
tsauceda@example.com,La sombra del pasado,2025-09-10,false
tsauceda@example.com,El mensajero,2024-02-14,true
tsauceda@example.com,La voz del silencio,2024-10-26,true
tsauceda@example.com,El vacio,2024-04-16,false
tsauceda@example.com,La frontera,2023-10-16,false
tsauceda@example.com,La guerra fria,2025-07-11,false
tsauceda@example.com,Derrumbe,2024-01-13,false
tsauceda@example.com,La caja de pandora,2024-09-26,false
tsauceda@example.com,Sin rastro,2025-06-13,true
tsauceda@example.com,El despertar,2023-11-12,false
tsauceda@example.com,Instinto,2025-08-20,true
tsauceda@example.com,La oscuridad eterna,2025-03-26,false
tsauceda@example.com,La decision,2023-06-16,false
tsauceda@example.com,La espiral,2024-01-13,true
tsauceda@example.com,Descenso,2026-01-16,false
catalinapedroza@example.net,Impacto final,2026-03-03,false
catalinapedroza@example.net,Doble identidad,2023-12-26,true
catalinapedroza@example.net,La maquina del tiempo,2023-11-22,false
catalinapedroza@example.net,La noche de los lobos,2024-07-04,false
catalinapedroza@example.net,Sin nombre,2025-12-11,true
catalinapedroza@example.net,El enviado,2024-02-22,true
catalinapedroza@example.net,Origen,2025-01-26,true
catalinapedroza@example.net,Torbellino,2025-08-08,true
catalinapedroza@example.net,Sin memoria,2024-06-19,true
catalinapedroza@example.net,Derrumbe,2025-12-06,false
catalinapedroza@example.net,La fuerza del mal,2024-07-12,true
catalinapedroza@example.net,El espejo oscuro,2024-06-20,false
catalinapedroza@example.net,Bajo cero,2024-01-12,true
catalinapedroza@example.net,La ultima batalla,2023-12-05,true
benavidezfelix@example.net,Sin memoria,2025-03-26,false
benavidezfelix@example.net,Oscuridad total,2024-10-16,false
benavidezfelix@example.net,Conexion fatal,2025-01-22,false
benavidezfelix@example.net,Fuga imposible,2023-07-06,true
benavidezfelix@example.net,Sin cuartel,2025-12-20,true
benavidezfelix@example.net,El ultimo paso,2025-07-24,false
benavidezfelix@example.net,El ladrón de sueños,2024-04-01,true
benavidezfelix@example.net,La señal,2023-04-27,false
chavarriajuan@example.net,La batalla final,2024-01-08,false
chavarriajuan@example.net,El abismo oscuro,2025-08-26,false
chavarriajuan@example.net,Tiempo prestado,2023-11-07,false
chavarriajuan@example.net,La ultima batalla,2025-11-02,false
chavarriajuan@example.net,El regreso,2023-09-01,false
chavarriajuan@example.net,El ultimo comando,2023-12-17,false
chavarriajuan@example.net,La profecia,2024-10-12,true
chavarriajuan@example.net,El testamento,2026-03-16,false
chavarriajuan@example.net,La marca del diablo,2025-02-19,false
chavarriajuan@example.net,La red,2025-11-16,false
chavarriajuan@example.net,El horizonte perdido,2024-09-04,false
chavarriajuan@example.net,El ladrón de sueños,2024-05-10,false
chavarriajuan@example.net,Sombras del pasado,2023-07-10,true
chavarriajuan@example.net,Sin tregua,2023-06-10,true
chavarriajuan@example.net,Fragmentos,2023-08-27,false
chavarriajuan@example.net,Sueños rotos,2024-04-05,false
chavarriajuan@example.net,La sombra del pasado,2025-08-22,false
klozano@example.net,La gran aventura,2025-11-17,true
klozano@example.net,La trampa final,2026-02-24,true
klozano@example.net,El laberinto,2023-09-23,false
klozano@example.net,La voz del silencio,2024-07-30,false
klozano@example.net,La red,2023-06-07,false
klozano@example.net,La oscuridad interior,2024-09-11,false
klozano@example.net,El abismo oscuro,2026-02-17,false
klozano@example.net,El ultimo susurro,2023-09-16,true
klozano@example.net,Sin escape,2026-04-02,false
klozano@example.net,Territorio enemigo,2025-11-18,false
klozano@example.net,Implosion,2025-08-19,true
klozano@example.net,Sombras del pasado,2024-04-01,false
klozano@example.net,Sangre fria,2024-02-28,false
klozano@example.net,El testamento,2024-11-07,false
klozano@example.net,El infiltrado,2026-01-25,true
klozano@example.net,La venganza,2024-03-19,true
klozano@example.net,Sombra y luz,2024-01-30,false
klozano@example.net,Fragmentos,2023-08-11,false
klozano@example.net,La persecucion,2023-04-22,false
zoe06@example.com,La redencion,2025-06-25,false
zoe06@example.com,Furia imparable,2023-08-10,true
zoe06@example.com,Fractura,2025-10-09,true
zoe06@example.com,Sin retorno,2026-02-20,false
zoe06@example.com,El codigo negro,2024-01-26,true
zoe06@example.com,La red de mentiras,2024-05-19,false
zoe06@example.com,La caja de pandora,2023-08-17,true
zoe06@example.com,Sin salida aparente,2026-03-16,false
magdalena94@example.com,Codigo rojo,2025-03-01,false
magdalena94@example.com,El error fatal,2023-07-23,false
magdalena94@example.com,Evasion total,2026-01-27,true
magdalena94@example.com,Punto critico,2025-03-07,false
magdalena94@example.com,Sin piedad,2025-04-03,true
magdalena94@example.com,La voz del silencio,2026-02-22,true
magdalena94@example.com,La amenaza silenciosa,2023-10-04,false
magdalena94@example.com,La oscuridad eterna,2025-12-30,false
magdalena94@example.com,El mundo al reves,2024-05-30,false
magdalena94@example.com,La caja de pandora,2024-12-15,true
magdalena94@example.com,La profecia,2025-07-06,false
magdalena94@example.com,Instinto,2023-10-07,false
magdalena94@example.com,El ultimo paso,2025-05-14,false
magdalena94@example.com,La cadena rota,2024-08-16,false
magdalena94@example.com,El enviado,2024-02-13,true
magdalena94@example.com,El vigilante,2024-06-13,true
magdalena94@example.com,El elegido,2025-04-04,false
magdalena94@example.com,El cazador solitario,2024-02-19,false
magdalena94@example.com,Explosion,2023-05-22,false
magdalena94@example.com,El mensajero,2023-12-01,false
omarroybal@example.com,Origen,2025-04-27,false
omarroybal@example.com,El legado,2025-07-24,true
omarroybal@example.com,La red de mentiras,2024-10-08,false
omarroybal@example.com,Renacimiento,2026-03-06,true
omarroybal@example.com,La conexion,2025-10-09,false
omarroybal@example.com,Sin retorno,2026-01-27,false
omarroybal@example.com,La conspiración,2024-04-02,false
omarroybal@example.com,El tercer ojo,2025-08-20,true
omarroybal@example.com,La zona gris,2024-01-17,false
omarroybal@example.com,Sueños rotos,2023-12-03,false
omarroybal@example.com,Punto ciego,2023-11-03,false
omarroybal@example.com,La sombra del futuro,2023-05-16,false
omarroybal@example.com,Evasion total,2024-09-23,false
omarroybal@example.com,La red,2023-05-11,false
omarroybal@example.com,El precio del poder,2023-09-22,true
omarroybal@example.com,La ultima oportunidad,2023-12-29,false
omarroybal@example.com,El oraculo,2023-06-19,true
omarroybal@example.com,El cruce,2024-02-06,false
reina57@example.net,Sin identidad,2023-08-13,true
reina57@example.net,El precio de la gloria,2025-04-26,false
reina57@example.net,El juego mortal,2024-10-27,true
reina57@example.net,El eco del pasado,2025-03-19,true
reina57@example.net,La maquina del tiempo,2023-07-06,true
reina57@example.net,El ultimo testigo,2025-07-30,false
reina57@example.net,Sin identidad conocida,2024-12-16,true
reina57@example.net,La espiral,2026-01-10,false
reina57@example.net,Codigo rojo,2024-10-22,true
vacaeric@example.org,Evasion total,2024-11-29,true
vacaeric@example.org,Zona de guerra,2025-07-17,true
vacaeric@example.org,El regreso del mal,2024-12-25,true
vacaeric@example.org,El ultimo dia,2026-01-09,false
vacaeric@example.org,El ultimo grito,2024-04-30,true
vacaeric@example.org,La ultima oportunidad,2024-04-05,true
vacaeric@example.org,El cazador de almas,2024-06-21,false
vacaeric@example.org,Punto ciego,2026-03-06,true
vacaeric@example.org,La maquina del tiempo,2026-01-17,true
vacaeric@example.org,La oscuridad interior,2026-01-02,false
yolivares@example.com,El silencio roto,2024-05-20,true
yolivares@example.com,El codigo negro,2024-12-31,true
yolivares@example.com,El legado,2025-08-27,false
yolivares@example.com,La alianza,2023-05-09,false
yolivares@example.com,Golpe mortal,2025-08-13,true
yolivares@example.com,El elegido,2024-02-14,false
conchitaledesma@example.com,El testigo silencioso,2025-11-20,true
conchitaledesma@example.com,La caja de pandora,2023-07-08,true
conchitaledesma@example.com,Derrumbe,2023-09-09,true
conchitaledesma@example.com,Golpe mortal,2024-06-29,false
conchitaledesma@example.com,El regreso del mal,2024-03-25,true
conchitaledesma@example.com,Zona prohibida,2025-03-05,false
moramiriam@example.com,El infiltrado,2024-05-01,true
moramiriam@example.com,El testamento,2024-07-12,false
moramiriam@example.com,Oscuridad total,2024-10-06,true
moramiriam@example.com,Detonacion,2025-03-06,true
moramiriam@example.com,Sin tregua,2025-06-15,false
moramiriam@example.com,El umbral,2025-11-15,false
moramiriam@example.com,La fuga,2024-03-18,false
moramiriam@example.com,Punto critico,2026-03-06,false
moramiriam@example.com,La ultima oportunidad,2024-09-06,false
moramiriam@example.com,Zona de guerra,2024-03-09,true
moramiriam@example.com,Doble identidad,2026-04-05,false
armentaalejandro@example.org,La marca del diablo,2025-12-25,true
armentaalejandro@example.org,Sin identidad,2026-03-17,true
armentaalejandro@example.org,La ultima esperanza,2025-05-18,true
armentaalejandro@example.org,La guerra de sombras,2026-03-17,false
armentaalejandro@example.org,Renacimiento,2023-07-26,false
armentaalejandro@example.org,Colisión de mundos,2026-03-04,false
armentaalejandro@example.org,Sin identidad conocida,2025-08-02,false
armentaalejandro@example.org,El cruce,2026-02-23,true
xllamas@example.org,La guerra de sombras,2026-04-14,false
xllamas@example.org,El secreto del lago,2024-03-24,true
xllamas@example.org,La noche sin fin,2024-01-16,false
xllamas@example.org,El codigo negro,2026-04-10,true
xllamas@example.org,Caos total,2024-02-08,true
xllamas@example.org,El poder oculto,2024-11-16,false
xllamas@example.org,La cadena rota,2025-11-04,false
hectorjimenez@example.net,El juego mortal,2025-08-02,false
hectorjimenez@example.net,La isla perdida,2026-03-10,true
hectorjimenez@example.net,La oscuridad interior,2023-08-17,true
hectorjimenez@example.net,El observador,2025-07-23,true
hectorjimenez@example.net,Derrumbe,2023-08-25,false
hectorjimenez@example.net,El regreso,2023-11-16,false
hectorjimenez@example.net,Sueños rotos,2023-12-03,false
hectorjimenez@example.net,Tormenta interior,2026-02-07,false
hectorjimenez@example.net,La caida libre,2026-04-19,false
slozano@example.org,El enviado,2024-03-31,true
slozano@example.org,Implosion,2025-04-26,false
slozano@example.org,Abismo,2025-12-26,true
slozano@example.org,La redencion,2025-12-23,false
slozano@example.org,Voces en la oscuridad,2024-01-01,true
aocampo@example.net,La zona roja,2025-12-07,true
aocampo@example.net,Fragmentos,2024-01-25,true
aocampo@example.net,El maestro del engano,2025-01-27,false
aocampo@example.net,La ultima frontera,2024-10-14,true
aocampo@example.net,El peso del silencio,2025-12-02,true
aocampo@example.net,La espiral,2026-02-16,true
aocampo@example.net,Cero absoluto,2025-03-02,true
aocampo@example.net,El camino perdido,2023-06-18,true
aocampo@example.net,Voces en la oscuridad,2024-04-02,false
aocampo@example.net,La ultima oportunidad,2024-01-18,true
aocampo@example.net,Sangre fria,2025-05-07,true
aocampo@example.net,El infiltrado,2024-11-26,true
aocampo@example.net,La venganza perfecta,2023-05-13,false
aocampo@example.net,La señal perdida,2025-11-11,false
aocampo@example.net,Impacto,2026-03-27,false
aocampo@example.net,Entre dos mundos,2024-04-28,false
aocampo@example.net,La batalla final,2025-05-28,true
aocampo@example.net,Implosion,2024-08-28,true
aocampo@example.net,Furia imparable,2026-03-13,false
aocampo@example.net,El precio de la gloria,2025-03-28,true
adela06@example.com,El peso del silencio,2025-03-10,true
adela06@example.com,El secreto del lago,2025-02-21,true
adela06@example.com,Sin nombre,2024-07-01,false
adela06@example.com,El umbral,2023-07-28,false
adela06@example.com,La tela de araña,2026-03-11,false
adela06@example.com,La señal perdida,2024-10-18,false
adela06@example.com,Luz y oscuridad,2024-04-08,true
aguileraines@example.org,Golpe mortal,2024-08-11,true
aguileraines@example.org,El ultimo dia,2026-01-05,true
aguileraines@example.org,Sin piedad,2024-10-19,true
aguileraines@example.org,Impacto,2025-06-05,false
aguileraines@example.org,El riesgo calculado,2026-03-20,false
aguileraines@example.org,El regreso del mal,2023-06-22,false
aguileraines@example.org,La amenaza,2025-05-01,true
aguileraines@example.org,El monstruo interior,2023-08-23,true
aguileraines@example.org,La caida,2025-09-23,true
aguileraines@example.org,El poder oculto,2026-01-22,false
anabel61@example.net,El cazador,2025-01-19,false
anabel61@example.net,Mas alla del bien,2025-08-16,true
anabel61@example.net,Sin tregua,2023-12-26,false
anabel61@example.net,La verdad prohibida,2026-02-16,true
anabel61@example.net,La alianza,2024-08-09,true
anabel61@example.net,El precio del poder,2026-04-14,false
anabel61@example.net,El observador,2025-08-29,true
anabel61@example.net,El legado,2024-04-02,false
anabel61@example.net,El oraculo,2023-12-22,true
anabel61@example.net,El codigo olvidado,2023-11-30,false
anabel61@example.net,Implosion,2024-07-01,true
anabel61@example.net,Voces en la oscuridad,2023-10-02,false
chaconcristal@example.org,Instinto,2025-02-07,false
chaconcristal@example.org,Sin cuartel,2024-05-17,false
chaconcristal@example.org,Conexion fatal,2026-04-12,true
chaconcristal@example.org,La señal perdida,2024-09-04,true
chaconcristal@example.org,La noche de los lobos,2025-11-05,false
chaconcristal@example.org,La trampa mortal,2025-09-09,true
chaconcristal@example.org,Zona prohibida,2026-02-01,false
chaconcristal@example.org,Cero absoluto,2023-12-05,false
chaconcristal@example.org,El ultimo viaje,2025-02-02,false
chaconcristal@example.org,El doble juego,2023-11-26,false
chaconcristal@example.org,La conexion,2026-03-02,false
chaconcristal@example.org,Sin rastro,2024-10-23,true
chaconcristal@example.org,Sangre fria,2023-07-05,true
chaconcristal@example.org,El cruce,2024-01-12,false
chaconcristal@example.org,El infierno verde,2025-10-02,true
angelica15@example.org,La espiral,2024-08-02,true
angelica15@example.org,El ultimo paso,2025-04-10,false
angelica15@example.org,El cazador solitario,2023-05-22,true
angelica15@example.org,La ultima oportunidad,2025-10-30,false
angelica15@example.org,El cazador de almas,2026-01-12,true
angelica15@example.org,El umbral,2024-06-25,true
angelica15@example.org,La venganza perfecta,2026-01-12,false
angelica15@example.org,Origen,2025-06-16,true
angelica15@example.org,La caida libre,2024-03-22,false
angelica15@example.org,Entre dos mundos,2023-08-03,false
angelica15@example.org,Oscuridad total,2023-05-28,true
rosario17@example.org,Explosion,2025-07-31,true
rosario17@example.org,Colision,2025-12-13,true
rosario17@example.org,Fuga imposible,2024-08-23,false
rosario17@example.org,El ladrón de sueños,2025-01-05,true
rosario17@example.org,El guardian,2025-02-22,true
rosario17@example.org,Sin limite,2025-07-14,true
rosario17@example.org,El oraculo,2024-08-29,false
rosario17@example.org,Entre dos mundos,2025-06-26,true
rosario17@example.org,La ultima oportunidad,2023-09-03,true
rosario17@example.org,La pesadilla,2025-05-21,true
rosario17@example.org,La verdad prohibida,2025-03-17,true
rosario17@example.org,Impacto final,2025-09-14,false
rosario17@example.org,La herencia maldita,2024-10-01,false
rosario17@example.org,Implosion,2025-04-18,true
rosario17@example.org,Doble identidad,2023-05-11,false
rosario17@example.org,Tierra de nadie,2025-09-18,true
rosario17@example.org,El ultimo dia,2024-09-08,true
rosario17@example.org,La red de mentiras,2024-06-01,true
beatrizmontano@example.com,Origen,2023-11-12,false
beatrizmontano@example.com,La redencion,2024-11-11,true
beatrizmontano@example.com,La batalla final,2023-07-18,true
beatrizmontano@example.com,La trampa final,2023-10-19,false
beatrizmontano@example.com,La guerra de sombras,2024-01-27,false
beatrizmontano@example.com,El testamento,2025-06-06,true
florezpaola@example.net,El testamento,2024-05-29,false
florezpaola@example.net,El testigo silencioso,2024-10-10,false
florezpaola@example.net,Golpe mortal,2024-12-20,false
florezpaola@example.net,La batalla final,2023-08-19,false
florezpaola@example.net,El umbral,2025-03-12,false
florezpaola@example.net,Implosion,2026-04-06,true
florezpaola@example.net,La conexion,2024-11-25,true
florezpaola@example.net,El laberinto,2023-07-29,true
florezpaola@example.net,El codigo olvidado,2024-05-21,false
florezpaola@example.net,El oraculo,2024-09-29,true
florezpaola@example.net,Combustion,2023-10-17,true
florezpaola@example.net,La zona gris,2023-10-31,true
florezpaola@example.net,La mente oscura,2023-06-02,false
florezpaola@example.net,El despertador,2026-04-18,false
florezpaola@example.net,Oscuridad total,2023-12-24,false
florezpaola@example.net,Punto ciego,2023-11-10,true
florezpaola@example.net,La fuerza del mal,2025-11-14,true
florezpaola@example.net,Sin rastro,2025-05-29,false
florezpaola@example.net,El doble juego,2025-12-08,false
enava@example.net,El testigo silencioso,2023-12-24,true
enava@example.net,La profecia,2025-01-24,true
enava@example.net,Sin piedad,2025-01-13,true
enava@example.net,Mas alla del bien,2023-12-04,true
enava@example.net,El codigo olvidado,2024-05-19,true
enava@example.net,Sin tregua,2026-04-03,true
enava@example.net,Zona de peligro,2024-02-12,true
enava@example.net,La noche infinita,2026-01-16,true
enava@example.net,Impacto final,2023-09-14,false
enava@example.net,Sin retorno,2023-07-01,false
enava@example.net,La alianza,2024-07-18,false
enava@example.net,La bestia,2023-07-25,false
enava@example.net,Mas fuerte que el destino,2025-03-31,true
enava@example.net,La caida,2025-02-18,false
enava@example.net,Tiempo prestado,2023-06-13,false
enava@example.net,La mente oscura,2025-02-15,true
enava@example.net,El despertador,2025-05-13,false
enava@example.net,La tormenta perfecta,2024-06-13,false
enava@example.net,La redencion,2024-07-06,true
virginiatrejo@example.org,Sombras del pasado,2023-10-23,false
virginiatrejo@example.org,La trampa mortal,2025-01-28,true
virginiatrejo@example.org,El infierno verde,2025-12-07,true
virginiatrejo@example.org,La marca del diablo,2025-06-14,true
virginiatrejo@example.org,Evasion total,2023-07-19,true
virginiatrejo@example.org,Fractura,2025-11-07,true
virginiatrejo@example.org,La fuerza del mal,2025-04-29,false
virginiatrejo@example.org,La ultima batalla,2023-07-12,false
virginiatrejo@example.org,Sin piedad,2024-11-24,false
virginiatrejo@example.org,La zona roja,2025-03-24,false
virginiatrejo@example.org,Torbellino,2025-07-08,true
virginiatrejo@example.org,Insurreccion,2024-03-15,true
cortesclara@example.net,Codigo rojo,2023-10-24,true
cortesclara@example.net,La maldicion,2024-03-07,true
cortesclara@example.net,El oraculo,2024-11-12,true
cortesclara@example.net,El espejo oscuro,2025-11-25,false
cortesclara@example.net,La isla perdida,2025-05-12,false
cortesclara@example.net,El ultimo dia,2025-06-03,true
smata@example.org,El ultimo acto,2026-02-16,true
smata@example.org,Punto critico,2024-12-22,true
smata@example.org,La profecia,2025-07-19,true
smata@example.org,Tierra de nadie,2024-07-27,false
smata@example.org,La oscuridad eterna,2024-12-16,false
smata@example.org,Origen,2023-10-14,true
wbarrera@example.com,El ladrón de sueños,2023-08-08,true
wbarrera@example.com,Punto sin retorno,2023-11-03,true
wbarrera@example.com,El oraculo,2025-09-05,false
wbarrera@example.com,Zona de guerra,2024-09-06,true
wbarrera@example.com,El juego mortal,2023-07-29,false
wbarrera@example.com,La sombra del mal,2023-10-29,true
wbarrera@example.com,El tiempo se acaba,2024-07-25,false
wbarrera@example.com,La venganza,2025-03-19,false
wbarrera@example.com,La persecucion,2024-02-01,true
wbarrera@example.com,La tormenta perfecta,2025-02-07,true
wbarrera@example.com,El precio de la gloria,2024-03-11,false
wbarrera@example.com,La señal,2024-07-21,true
wbarrera@example.com,Sin salida aparente,2024-01-05,false
wbarrera@example.com,La fuerza del destino,2026-03-14,true
wbarrera@example.com,El monstruo interior,2025-03-30,false
wbarrera@example.com,La pesadilla,2025-08-31,true
wbarrera@example.com,La alianza,2024-07-19,false
wbarrera@example.com,El legado,2025-09-13,false
wbarrera@example.com,La espiral,2026-01-10,false
wbarrera@example.com,Sin escape,2023-07-22,true
vieralinda@example.org,La clave perdida,2025-05-13,false
vieralinda@example.org,El infiltrado,2025-10-10,true
vieralinda@example.org,La caida libre,2025-05-04,false
vieralinda@example.org,El espejo roto,2024-03-15,true
vieralinda@example.org,El guardian eterno,2024-11-05,false
vieralinda@example.org,El espejo oscuro,2024-11-23,false
vieralinda@example.org,El horizonte perdido,2025-03-18,false
vieralinda@example.org,La guerra de sombras,2023-11-16,false
vieralinda@example.org,El ultimo susurro,2023-11-10,true
vieralinda@example.org,Sin cuartel,2024-06-19,false
vieralinda@example.org,El espiritu guerrero,2024-10-20,false
vieralinda@example.org,El despertar,2023-11-10,true
vieralinda@example.org,La fuerza interior,2026-01-20,true
vieralinda@example.org,Impacto,2023-09-29,false
vieralinda@example.org,El observador,2025-08-13,true
vieralinda@example.org,Entre dos mundos,2025-10-04,false
amaliabenitez@example.com,La conexion,2023-09-06,false
amaliabenitez@example.com,El ultimo testigo,2024-09-22,false
amaliabenitez@example.com,Tierra de nadie,2024-07-26,false
amaliabenitez@example.com,El prisionero,2025-05-21,true
amaliabenitez@example.com,Combustion,2024-10-14,false
dianamelgar@example.net,El legado,2024-03-17,false
dianamelgar@example.net,Sin nombre,2024-09-05,false
dianamelgar@example.net,Doble identidad,2025-01-09,false
dianamelgar@example.net,Descenso,2025-12-17,true
dianamelgar@example.net,Torbellino,2025-08-04,false
dianamelgar@example.net,El riesgo calculado,2025-05-19,true
dianamelgar@example.net,El testamento,2023-12-29,false
dianamelgar@example.net,El ultimo grito,2023-10-11,false
dianamelgar@example.net,Tierra de nadie,2025-07-18,false
dianamelgar@example.net,El tercer ojo,2024-05-04,true
dianamelgar@example.net,El proyecto secreto,2025-07-23,true
dianamelgar@example.net,La espiral,2025-11-03,true
natalia78@example.net,El cazador,2025-04-07,true
natalia78@example.net,El infiltrado,2025-08-10,false
natalia78@example.net,Desolacion,2025-08-19,false
natalia78@example.net,La señal,2026-03-28,true
natalia78@example.net,El doble juego,2024-06-25,true
natalia78@example.net,La mente oscura,2023-12-31,true
natalia78@example.net,La frontera,2024-10-30,false
natalia78@example.net,Origen,2025-10-10,false
natalia78@example.net,La red,2025-09-11,true
natalia78@example.net,El espejo oscuro,2024-09-07,false
natalia78@example.net,Luz y oscuridad,2024-02-15,false
resendezarmando@example.net,La marca del diablo,2025-10-25,true
resendezarmando@example.net,Bajo cero,2024-06-02,false
resendezarmando@example.net,Punto critico,2023-08-12,true
resendezarmando@example.net,El codigo negro,2024-12-21,false
resendezarmando@example.net,El guardian eterno,2025-03-28,false
resendezarmando@example.net,Origen,2024-03-13,true
resendezarmando@example.net,Zona prohibida,2024-06-25,true
resendezarmando@example.net,Sin tregua,2025-12-27,true
resendezarmando@example.net,La guerra fria,2023-12-15,false
resendezarmando@example.net,La trampa mortal,2026-01-14,true
resendezarmando@example.net,El espejo oscuro,2025-08-04,true
resendezarmando@example.net,El punto final,2023-09-28,true
resendezarmando@example.net,Furia imparable,2026-02-18,true
resendezarmando@example.net,El ultimo testigo,2026-01-18,false
resendezarmando@example.net,La guerra de sombras,2024-10-25,false
bernabe17@example.org,Furia imparable,2023-11-03,true
bernabe17@example.org,Tormenta interior,2023-11-13,true
bernabe17@example.org,La zona roja,2024-11-15,false
bernabe17@example.org,La herencia maldita,2025-03-10,true
bernabe17@example.org,Oscuridad total,2023-04-25,true
bernabe17@example.org,Sombras del pasado,2026-02-09,false
bernabe17@example.org,Colision,2026-01-18,true
bernabe17@example.org,La fuerza del destino,2023-06-01,true
bernabe17@example.org,Sin rastro,2023-09-24,true
bernabe17@example.org,La guerra fria,2024-04-13,false
juarezoliver@example.net,Sin salida aparente,2025-05-04,true
juarezoliver@example.net,La maquina del tiempo,2023-05-20,false
juarezoliver@example.net,La batalla final,2024-08-23,true
juarezoliver@example.net,La noche sin fin,2024-06-07,true
juarezoliver@example.net,El punto de quiebre,2025-01-21,false
juarezoliver@example.net,La maldicion,2024-04-25,true
lourdescastro@example.org,Tiempo prestado,2024-08-18,false
lourdescastro@example.org,La guerra fria,2024-09-04,false
lourdescastro@example.org,La rueda del destino,2023-10-18,false
lourdescastro@example.org,Sin piedad ni gloria,2025-08-24,true
lourdescastro@example.org,Abismo,2025-05-03,true
lourdescastro@example.org,La decision,2024-10-09,true
lourdescastro@example.org,El guardian eterno,2026-02-26,false
lourdescastro@example.org,Voces en la oscuridad,2024-10-27,true
lourdescastro@example.org,La herencia maldita,2024-11-15,false
lourdescastro@example.org,El espejo roto,2025-07-09,true
lourdescastro@example.org,La sombra del pasado,2025-11-05,false
lourdescastro@example.org,El enviado,2024-02-20,true
lourdescastro@example.org,Punto critico,2024-11-23,false
lourdescastro@example.org,Implosion,2024-10-24,false
hsanchez@example.net,El precio del poder,2024-03-22,false
hsanchez@example.net,El eco del pasado,2024-12-13,false
hsanchez@example.net,El ultimo comando,2025-02-07,true
hsanchez@example.net,Furia imparable,2023-05-14,true
hsanchez@example.net,Sin retorno,2025-11-15,false
hsanchez@example.net,La voz del silencio,2025-11-20,true
hsanchez@example.net,El despertador,2025-04-18,false
hsanchez@example.net,El regreso del mal,2024-12-14,true
hsanchez@example.net,La ultima frontera,2025-11-01,false
laraflavio@example.net,Fuera de control,2023-06-24,true
laraflavio@example.net,Bajo cero,2024-07-26,false
laraflavio@example.net,La caja de pandora,2025-09-19,false
laraflavio@example.net,Sin identidad,2025-08-30,false
laraflavio@example.net,Golpe mortal,2025-05-15,true
laraflavio@example.net,El precio de la verdad,2024-01-04,false
laraflavio@example.net,La clave perdida,2024-07-21,false
laraflavio@example.net,La red de mentiras,2023-06-07,false
laraflavio@example.net,Derrumbe,2025-11-29,true
vlugo@example.org,El ultimo testigo,2023-05-15,true
vlugo@example.org,El precio de la verdad,2025-07-16,false
vlugo@example.org,El silencio roto,2023-11-23,false
vlugo@example.org,El observador,2025-05-01,false
vlugo@example.org,Sin identidad,2025-03-20,false
vlugo@example.org,Tiempo prestado,2025-06-22,false
vlugo@example.org,Renacimiento,2024-05-08,true
eugenioleiva@example.org,Tormenta interior,2023-06-23,true
eugenioleiva@example.org,Sin piedad ni gloria,2025-01-26,true
eugenioleiva@example.org,Sin identidad,2024-01-14,false
eugenioleiva@example.org,El mundo al reves,2025-08-29,false
eugenioleiva@example.org,El codigo olvidado,2026-01-24,false
eugenioleiva@example.org,Sombra y luz,2023-12-14,true
eugenioleiva@example.org,El testamento,2024-04-13,true
eugenioleiva@example.org,El punto final,2023-11-29,false
eugenioleiva@example.org,El cazador solitario,2023-09-20,false
eugenioleiva@example.org,La bestia,2024-10-18,false
eugenioleiva@example.org,La guerra fria,2025-10-27,true
eugenioleiva@example.org,Tierra de nadie,2026-04-07,false
eugenioleiva@example.org,El ultimo dia,2026-02-01,false
eugenioleiva@example.org,El ultimo comando,2024-03-18,false
eugenioleiva@example.org,El cruce,2024-01-07,true
eugenioleiva@example.org,Luz y oscuridad,2023-08-07,true
eugenioleiva@example.org,La rueda del destino,2023-05-01,true
eugenioleiva@example.org,La zona gris,2025-07-24,false
eugenioleiva@example.org,Territorio enemigo,2024-02-27,true
lbernal@example.com,El cazador,2026-02-06,false
lbernal@example.com,Tiempo prestado,2024-04-04,true
lbernal@example.com,Tormenta de fuego,2024-09-10,false
lbernal@example.com,La ultima frontera,2024-03-24,true
lbernal@example.com,La oscuridad interior,2023-08-13,true
lbernal@example.com,La trampa,2026-02-14,false
lbernal@example.com,La verdad prohibida,2025-09-03,false
lbernal@example.com,El guerrero,2024-06-11,false
icisneros@example.net,Sin limite,2025-01-23,true
icisneros@example.net,Sin identidad conocida,2024-04-26,false
icisneros@example.net,El despertador,2024-07-30,false
icisneros@example.net,La alianza,2024-01-27,true
icisneros@example.net,Mas fuerte que el destino,2023-05-01,true
icisneros@example.net,La cadena rota,2025-11-06,true
icisneros@example.net,Evasion total,2024-08-10,false
icisneros@example.net,La redencion,2025-03-21,true
icisneros@example.net,La señal perdida,2025-06-28,true
icisneros@example.net,La gran aventura,2023-05-16,true
icisneros@example.net,El cazador solitario,2025-10-29,true
icisneros@example.net,Oscuridad total,2023-05-03,false
icisneros@example.net,Sin identidad,2025-12-28,false
icisneros@example.net,Cero absoluto,2023-05-01,true
icisneros@example.net,La guerra de sombras,2024-07-20,true
icisneros@example.net,El ultimo grito,2023-11-12,true
icisneros@example.net,Golpe mortal,2024-06-22,false
icisneros@example.net,Abismo,2024-04-14,true
icisneros@example.net,El monstruo interior,2025-06-01,false
maria-eugeniasepulveda@example.net,El espejo roto,2025-06-08,false
maria-eugeniasepulveda@example.net,El codigo olvidado,2025-09-12,true
maria-eugeniasepulveda@example.net,La zona gris,2025-01-05,false
maria-eugeniasepulveda@example.net,La verdad prohibida,2023-05-17,true
maria-eugeniasepulveda@example.net,La verdad oculta,2024-09-19,false
maria-eugeniasepulveda@example.net,Fuga imposible,2023-12-18,false
maria-eugeniasepulveda@example.net,El punto de quiebre,2025-03-31,false
maria-eugeniasepulveda@example.net,El enviado,2026-04-11,true
maria-eugeniasepulveda@example.net,Tiempo prestado,2024-10-27,true
maria-eugeniasepulveda@example.net,Sin tregua,2025-02-27,true
maria-eugeniasepulveda@example.net,La gran aventura,2025-06-25,false
maria-eugeniasepulveda@example.net,El ultimo grito,2025-04-13,false
maria-eugeniasepulveda@example.net,La batalla final,2026-03-14,true
maria-eugeniasepulveda@example.net,La decision,2023-06-15,true
maria-eugeniasepulveda@example.net,La señal,2025-03-28,true
maria-eugeniasepulveda@example.net,Evasion total,2026-01-27,true
maria-eugeniasepulveda@example.net,El peso del silencio,2025-12-13,false
maria-eugeniasepulveda@example.net,Luz y oscuridad,2024-10-08,false
maria-eugeniasepulveda@example.net,La sombra del pasado,2024-06-28,true
maria-eugeniasepulveda@example.net,La espiral,2023-04-30,false
ceciliabetancourt@example.com,El peso del silencio,2023-05-01,true
ceciliabetancourt@example.com,La amenaza silenciosa,2025-07-11,true
ceciliabetancourt@example.com,El cruce,2025-08-28,false
ceciliabetancourt@example.com,Fuera de control,2025-11-08,false
ceciliabetancourt@example.com,Combustion,2024-10-03,false
ceciliabetancourt@example.com,Fuga imposible,2023-08-11,false
ceciliabetancourt@example.com,La voz del silencio,2025-06-24,false
ceciliabetancourt@example.com,La venganza perfecta,2026-02-17,false
ceciliabetancourt@example.com,Sin identidad,2026-03-29,true
ceciliabetancourt@example.com,Sin salida,2024-03-13,true
ceciliabetancourt@example.com,En el limite,2024-06-07,false
ceciliabetancourt@example.com,Abismo,2026-02-20,false
ceciliabetancourt@example.com,Sin salida aparente,2025-03-07,false
ceciliabetancourt@example.com,Derrumbe,2026-04-04,false
ceciliabetancourt@example.com,El proyecto secreto,2023-07-22,true
ceciliabetancourt@example.com,Entre dos mundos,2025-05-04,true
ceciliabetancourt@example.com,El ultimo susurro,2024-12-10,false
ceciliabetancourt@example.com,El camino perdido,2025-04-13,true
clementearmas@example.net,El monstruo interior,2024-01-26,false
clementearmas@example.net,El secreto del lago,2024-10-22,false
clementearmas@example.net,El oraculo,2023-10-01,true
clementearmas@example.net,Zona de guerra,2024-01-26,true
clementearmas@example.net,El precio de la verdad,2024-03-02,false
clementearmas@example.net,La sombra del pasado,2024-10-21,true
clementearmas@example.net,El ultimo paso,2025-04-10,false
clementearmas@example.net,La guerra de sombras,2023-07-06,true
clementearmas@example.net,La noche de los lobos,2024-10-13,true
angela97@example.com,La ultima esperanza,2023-08-11,false
angela97@example.com,La ultima frontera,2025-05-21,false
angela97@example.com,Entre dos mundos,2024-01-10,true
angela97@example.com,La decision,2024-07-16,true
angela97@example.com,La trampa final,2025-09-25,false
angela97@example.com,La redencion,2024-12-04,true
angela97@example.com,Zona prohibida,2024-10-30,true
angela97@example.com,El espejo oscuro,2023-04-21,true
angela97@example.com,El ultimo recurso,2025-02-14,false
marcela08@example.net,Evasion total,2026-03-12,true
marcela08@example.net,Colisión de mundos,2025-09-19,false
marcela08@example.net,El prisionero,2025-04-02,false
marcela08@example.net,Sueños rotos,2025-10-12,false
marcela08@example.net,Sin identidad,2023-07-27,true
marcela08@example.net,Sin piedad,2025-05-27,false
marcela08@example.net,Zona de peligro,2026-03-28,false
marcela08@example.net,Tiempo prestado,2025-08-16,true
marcela08@example.net,El ultimo comando,2026-01-20,false
marcela08@example.net,Mas alla del bien,2024-04-02,true
marcela08@example.net,La isla perdida,2024-03-20,true
marcela08@example.net,La ultima batalla,2025-05-10,true
marcela08@example.net,El abismo oscuro,2024-03-28,true
marcela08@example.net,El ultimo acto,2024-10-08,true
marcela08@example.net,Fuga imposible,2023-08-15,false
serafinrodarte@example.com,Sombra y luz,2024-08-27,true
serafinrodarte@example.com,Fragmentos,2023-11-15,false
serafinrodarte@example.com,La fuerza interior,2024-09-19,false
serafinrodarte@example.com,Evasion total,2024-04-17,true
serafinrodarte@example.com,Impacto,2025-12-07,false
serafinrodarte@example.com,La gran aventura,2024-12-11,true
serafinrodarte@example.com,El infiltrado,2026-03-02,true
serafinrodarte@example.com,Explosion,2023-10-24,false
serafinrodarte@example.com,El cazador solitario,2024-09-15,false
serafinrodarte@example.com,La conspiración,2023-10-22,true
isabel94@example.net,El horizonte perdido,2025-10-05,true
isabel94@example.net,El infiltrado,2025-02-23,false
isabel94@example.net,El ultimo grito,2023-11-04,false
isabel94@example.net,El error fatal,2025-10-18,true
isabel94@example.net,Sin identidad conocida,2023-06-30,true
isabel94@example.net,La espiral,2024-06-18,true
isabel94@example.net,Punto ciego,2023-07-22,false
isabel94@example.net,El maestro del engano,2024-08-22,false
isabel94@example.net,El legado,2023-09-29,true
isabel94@example.net,El doble juego,2024-04-11,true
isabel94@example.net,Colision,2023-09-08,true
isabel94@example.net,El ultimo dia,2024-12-14,false
isabel94@example.net,Punto sin retorno,2025-11-18,false
isabel94@example.net,El precio de la verdad,2025-05-21,true
isabel94@example.net,La redencion,2025-04-28,true
ilseanguiano@example.com,El mundo al reves,2024-02-22,true
ilseanguiano@example.com,La trampa final,2026-03-14,false
ilseanguiano@example.com,La señal perdida,2024-04-19,false
ilseanguiano@example.com,El espejo oscuro,2025-06-06,true
ilseanguiano@example.com,Sin salida,2024-11-18,true
ilseanguiano@example.com,La profecia,2024-06-29,true
ilseanguiano@example.com,La oscuridad interior,2023-07-24,true
ilseanguiano@example.com,La caida,2024-12-30,true
ilseanguiano@example.com,La zona roja,2024-05-21,true
ilseanguiano@example.com,El ultimo susurro,2023-12-22,false
ilseanguiano@example.com,La red de mentiras,2024-09-28,true
ilseanguiano@example.com,Renacimiento,2025-10-20,false
ilseanguiano@example.com,El precio de la verdad,2025-01-25,false
ilseanguiano@example.com,La fuerza del destino,2024-08-11,true
ilseanguiano@example.com,La oscuridad eterna,2026-01-10,true
ilseanguiano@example.com,La zona gris,2023-10-17,true
ilseanguiano@example.com,El eco del pasado,2023-11-25,true
ilseanguiano@example.com,Zona prohibida,2024-09-17,false
ilseanguiano@example.com,Explosion,2023-05-05,true
lsalas@example.com,El ultimo paso,2025-01-11,false
lsalas@example.com,Insurreccion,2025-08-14,true
lsalas@example.com,El testamento,2025-09-21,false
lsalas@example.com,El ultimo testigo,2024-02-11,true
lsalas@example.com,Origen,2025-04-05,false
lsalas@example.com,Codigo rojo,2024-06-12,true
lsalas@example.com,La alianza,2024-01-01,true
lsalas@example.com,El guardian eterno,2025-05-03,false
lsalas@example.com,Sin identidad conocida,2025-01-10,false
carriongraciela@example.net,La ultima batalla,2023-07-28,false
carriongraciela@example.net,La oscuridad eterna,2024-08-06,false
carriongraciela@example.net,El cazador solitario,2023-11-14,false
carriongraciela@example.net,La marca del diablo,2024-02-09,false
carriongraciela@example.net,Fuga imposible,2026-04-02,false
carriongraciela@example.net,El riesgo calculado,2025-06-13,true
carriongraciela@example.net,Voces en la oscuridad,2026-01-16,false
carriongraciela@example.net,La amenaza,2025-04-26,false
carriongraciela@example.net,La sombra del futuro,2025-06-14,true
carriongraciela@example.net,Mas alla del bien,2024-12-05,true
carriongraciela@example.net,Punto sin retorno,2025-11-14,false
carriongraciela@example.net,Fuera de control,2025-10-20,false
carriongraciela@example.net,Sin salida,2025-01-13,false
carriongraciela@example.net,El codigo olvidado,2023-05-10,true
carriongraciela@example.net,La guerra fria,2026-01-24,false
carriongraciela@example.net,La frontera,2025-07-25,true
carriongraciela@example.net,El elegido,2024-09-06,false
carriongraciela@example.net,El ladrón de sueños,2024-01-06,false
elisahinojosa@example.org,La fuerza del destino,2025-06-01,true
elisahinojosa@example.org,El peso del silencio,2023-09-06,true
elisahinojosa@example.org,La amenaza silenciosa,2024-04-09,false
elisahinojosa@example.org,La guerra fria,2026-02-20,true
elisahinojosa@example.org,El juego mortal,2026-04-10,false
elisahinojosa@example.org,El guerrero,2025-02-14,false
elisahinojosa@example.org,Sin limite,2025-06-18,true
elisahinojosa@example.org,El abismo oscuro,2025-05-06,false
pescobar@example.org,La caida,2024-06-27,true
pescobar@example.org,La persecucion,2025-06-23,true
pescobar@example.org,El maestro del engano,2025-10-18,false
pescobar@example.org,Oscuridad total,2024-08-30,false
pescobar@example.org,El ultimo testigo,2024-06-12,true
pescobar@example.org,La alianza,2025-02-18,true
jeronimomontoya@example.org,Punto sin retorno,2025-11-08,true
jeronimomontoya@example.org,El abismo oscuro,2024-03-15,true
jeronimomontoya@example.org,La oscuridad interior,2023-12-02,false
jeronimomontoya@example.org,El ultimo paso,2023-07-09,false
jeronimomontoya@example.org,El espejo roto,2023-09-27,false
jeronimomontoya@example.org,El infiltrado,2025-01-04,true
jeronimomontoya@example.org,Implosion,2023-12-14,false
jeronimomontoya@example.org,El elegido,2024-12-19,false
jeronimomontoya@example.org,Punto critico,2024-06-17,false
jeronimomontoya@example.org,La trampa mortal,2025-08-20,true
jeronimomontoya@example.org,Colision,2023-07-14,false
jeronimomontoya@example.org,Sin identidad conocida,2025-08-04,true
jeronimomontoya@example.org,La guerra de sombras,2024-12-19,false
jeronimomontoya@example.org,La amenaza silenciosa,2025-02-22,true
jeronimomontoya@example.org,Impacto,2025-07-06,false
jeronimomontoya@example.org,El precio del poder,2025-05-08,false
jeronimomontoya@example.org,Sin fronteras,2023-12-16,false
jeronimomontoya@example.org,Conexion fatal,2025-06-01,true
jeronimomontoya@example.org,La zona gris,2026-02-04,true
razocarlota@example.net,El ladrón de sueños,2024-03-22,false
razocarlota@example.net,Entre dos mundos,2025-10-11,false
razocarlota@example.net,El mundo al reves,2024-10-26,true
razocarlota@example.net,El enviado,2025-01-24,false
razocarlota@example.net,El guardian eterno,2023-12-10,true
cgallardo@example.net,Desolacion,2024-12-07,true
cgallardo@example.net,El oraculo,2025-05-22,false
cgallardo@example.net,Detonacion,2024-03-13,true
cgallardo@example.net,La red de mentiras,2025-09-09,true
cgallardo@example.net,Sombras del pasado,2025-02-23,false
cgallardo@example.net,La segunda oportunidad,2025-05-20,true
cgallardo@example.net,La herida abierta,2024-10-21,false
cgallardo@example.net,Cero absoluto,2023-09-23,false
cgallardo@example.net,El cruce,2025-01-06,true
cgallardo@example.net,El infiltrado,2023-06-03,true
cgallardo@example.net,El cazador solitario,2024-01-17,false
cgallardo@example.net,Bajo cero,2025-04-15,false
leonardo55@example.net,El ultimo viaje,2024-11-13,true
leonardo55@example.net,El cazador de almas,2025-03-26,false
leonardo55@example.net,La mente oscura,2025-05-29,false
leonardo55@example.net,La ultima oportunidad,2025-10-10,false
leonardo55@example.net,La tormenta perfecta,2024-06-23,true
leonardo55@example.net,La fuga,2025-05-01,true
qsisneros@example.net,El abismo oscuro,2025-08-06,true
qsisneros@example.net,La venganza perfecta,2025-01-22,false
qsisneros@example.net,La conspiración,2024-10-05,false
qsisneros@example.net,Detonacion,2023-07-24,true
qsisneros@example.net,La decision,2025-03-09,true
qsisneros@example.net,Luz y oscuridad,2023-05-05,false
qsisneros@example.net,El codigo negro,2025-01-27,false
qsisneros@example.net,Punto de no retorno,2024-08-20,true
horacioorozco@example.org,El regreso del mal,2025-10-31,false
horacioorozco@example.org,El proyecto secreto,2024-03-16,true
horacioorozco@example.org,La alianza,2023-07-08,true
horacioorozco@example.org,La sombra del pasado,2024-04-29,false
horacioorozco@example.org,Codigo rojo,2024-02-09,true
horacioorozco@example.org,El precio de la gloria,2025-04-25,true
horacioorozco@example.org,Sin nombre,2024-11-23,false
horacioorozco@example.org,El punto de quiebre,2024-07-14,false
horacioorozco@example.org,Sin rastro,2026-03-21,false
horacioorozco@example.org,El testigo silencioso,2026-03-22,false
horacioorozco@example.org,Zona prohibida,2024-04-22,true
horacioorozco@example.org,Torbellino,2024-11-10,true
horacioorozco@example.org,La noche infinita,2024-12-30,false
horacioorozco@example.org,El tiempo se acaba,2024-11-21,true
yresendez@example.com,La noche infinita,2024-10-13,true
yresendez@example.com,Fractura,2024-06-22,true
yresendez@example.com,La espiral,2023-11-10,true
yresendez@example.com,Descenso,2025-09-16,false
yresendez@example.com,Combustion,2026-01-12,true
yresendez@example.com,Impacto final,2024-06-29,true
yresendez@example.com,El ultimo recurso,2023-08-21,true
yresendez@example.com,El infierno verde,2025-09-08,false
yresendez@example.com,La maquina del tiempo,2023-09-15,true
yresendez@example.com,La maldicion,2023-07-21,true
yresendez@example.com,La fuga,2024-12-21,true
yresendez@example.com,El laberinto,2023-12-10,true
quirozemilio@example.org,Explosion,2023-07-08,true
quirozemilio@example.org,La noche sin fin,2026-03-12,false
quirozemilio@example.org,Tormenta interior,2025-12-18,true
quirozemilio@example.org,El testigo silencioso,2025-04-06,false
quirozemilio@example.org,Sin rastro,2025-02-18,true
berta19@example.net,La noche sin fin,2024-06-04,false
berta19@example.net,Sin salida,2025-03-07,false
berta19@example.net,La tela de araña,2023-09-07,false
berta19@example.net,Sin fronteras,2024-10-13,true
berta19@example.net,El regreso del mal,2023-10-22,false
berta19@example.net,Sangre fria,2025-12-18,true
berta19@example.net,Sin identidad conocida,2025-12-17,false
berta19@example.net,El poder oculto,2025-06-30,true
berta19@example.net,Fragmentos,2023-08-30,true
berta19@example.net,Zona de guerra,2024-05-16,true
berta19@example.net,Luz y oscuridad,2024-02-26,true
berta19@example.net,El tercer ojo,2025-01-27,true
berta19@example.net,La noche infinita,2025-07-31,false
berta19@example.net,Descenso,2025-09-10,true
berta19@example.net,Punto de no retorno,2025-08-31,false
iaguilera@example.org,La isla perdida,2026-01-13,true
iaguilera@example.org,El ultimo acto,2025-08-31,false
iaguilera@example.org,Territorio enemigo,2025-11-04,true
iaguilera@example.org,La conexion,2026-02-21,true
iaguilera@example.org,El espejo oscuro,2025-08-18,false
iaguilera@example.org,El tercer ojo,2024-03-26,true
iaguilera@example.org,Combustion,2025-02-04,true
iaguilera@example.org,Sin tregua,2025-12-13,false
iaguilera@example.org,El observador,2025-07-07,false
iaguilera@example.org,El cazador,2024-02-20,true
iaguilera@example.org,El mensajero,2025-04-18,true
iaguilera@example.org,Tiempo prestado,2026-03-27,true
iaguilera@example.org,El ultimo recurso,2025-05-12,true
clara28@example.net,La voz del silencio,2025-08-11,true
clara28@example.net,El peso del silencio,2025-06-07,false
clara28@example.net,La noche de los lobos,2025-09-21,true
clara28@example.net,Zona prohibida,2025-10-21,false
clara28@example.net,Impacto,2025-04-17,false
clara28@example.net,Tormenta de fuego,2026-03-15,false
clara28@example.net,La venganza,2024-03-18,true
clara28@example.net,El tercer ojo,2025-05-19,false
fcampos@example.org,La maquina del tiempo,2025-08-09,true
fcampos@example.org,La fuerza del destino,2026-03-02,true
fcampos@example.org,El testamento,2024-09-05,true
fcampos@example.org,La segunda oportunidad,2026-03-16,false
fcampos@example.org,Fuera de control,2024-10-28,true
fcampos@example.org,Colapso,2025-09-24,true
fcampos@example.org,Detonacion,2024-06-05,true
fcampos@example.org,El tercer ojo,2024-09-20,true
fcampos@example.org,Sin nombre,2025-02-02,false
fcampos@example.org,La mente oscura,2025-01-06,false
fcampos@example.org,El silencio roto,2026-02-18,false
fcampos@example.org,Zona de guerra,2024-02-18,true
fcampos@example.org,Sin tregua,2025-05-10,true
zeferino89@example.org,Colision,2025-11-14,true
zeferino89@example.org,El mundo al reves,2024-05-25,false
zeferino89@example.org,La redencion,2025-09-02,true
zeferino89@example.org,La ultima esperanza,2024-10-18,false
zeferino89@example.org,El punto final,2025-09-19,false
zeferino89@example.org,El guerrero,2026-02-24,false
zeferino89@example.org,Sin nombre,2023-12-23,false
zeferino89@example.org,Caos total,2025-07-23,true
zeferino89@example.org,Doble identidad,2025-05-15,true
zeferino89@example.org,Tormenta de fuego,2025-06-06,true
zeferino89@example.org,Colapso,2024-06-12,false
zeferino89@example.org,Mas alla del bien,2023-11-06,false
zeferino89@example.org,El despertador,2024-04-14,true
zeferino89@example.org,El enviado,2025-01-21,true
zeferino89@example.org,Tierra de nadie,2024-01-28,true
carla30@example.com,La clave perdida,2024-06-07,false
carla30@example.com,Sin identidad,2023-12-09,false
carla30@example.com,Sin piedad ni gloria,2023-07-11,false
carla30@example.com,La promesa rota,2023-10-20,false
carla30@example.com,En el limite,2023-07-02,false
carla30@example.com,El laberinto,2025-05-22,true
carla30@example.com,El secreto del lago,2024-04-02,true
carla30@example.com,El infiltrado,2024-01-11,true
carla30@example.com,La maquina del tiempo,2023-09-24,false
carla30@example.com,Bajo cero,2023-09-21,false
carla30@example.com,El cazador de almas,2025-01-15,true
carla30@example.com,El testigo silencioso,2025-05-28,true
carla30@example.com,Derrumbe,2023-08-22,false
martha89@example.org,Sangre fria,2023-12-02,false
martha89@example.org,El guardian,2023-11-27,false
martha89@example.org,Sin piedad,2024-10-05,false
martha89@example.org,El cruce,2025-06-29,true
martha89@example.org,El prisionero,2025-12-09,false
martha89@example.org,Mas fuerte que el destino,2024-10-17,false
martha89@example.org,La noche sin fin,2023-09-22,true
vguillen@example.net,Origen,2025-04-29,true
vguillen@example.net,La pesadilla,2025-03-19,false
vguillen@example.net,Sangre fria,2025-09-18,false
vguillen@example.net,Descenso,2024-08-09,false
vguillen@example.net,Sin cuartel,2025-10-16,false
vguillen@example.net,El espejo oscuro,2025-09-15,true
julia65@example.org,La bestia,2023-09-27,true
julia65@example.org,Sin nombre,2025-07-07,false
julia65@example.org,Desolacion,2023-11-04,true
julia65@example.org,La cadena rota,2026-03-31,true
julia65@example.org,La oscuridad interior,2024-03-17,false
julia65@example.org,La ultima esperanza,2025-03-09,true
julia65@example.org,El vacio,2023-05-24,true
julia65@example.org,La mente oscura,2024-08-28,false
julia65@example.org,Golpe mortal,2026-03-27,true
julia65@example.org,Colision,2023-10-15,true
julia65@example.org,El precio de la verdad,2024-07-14,false
julia65@example.org,Sin cuartel,2025-03-04,true
julia65@example.org,Colisión de mundos,2024-07-05,true
julia65@example.org,La fuerza del destino,2025-09-30,true
julia65@example.org,El ultimo recurso,2025-03-31,false
angela91@example.net,El riesgo calculado,2026-03-31,true
angela91@example.net,El ultimo recurso,2023-09-11,false
angela91@example.net,El eco del pasado,2025-03-08,false
angela91@example.net,El camino perdido,2025-04-07,true
angela91@example.net,El juego mortal,2024-08-07,true
angela91@example.net,Renacimiento,2024-03-19,false
angela91@example.net,La señal,2023-08-26,false
angela91@example.net,La maldicion,2024-06-30,true
angela91@example.net,La mente oscura,2024-09-30,false
angela91@example.net,La rueda del destino,2023-05-27,true
angela91@example.net,Mas alla del bien,2025-02-15,false
angela91@example.net,Sin identidad conocida,2024-08-10,false
angela91@example.net,La tormenta perfecta,2024-07-23,true
angela91@example.net,La sombra del futuro,2023-08-18,false
angela91@example.net,Sombra y luz,2023-08-31,false
yarevalo@example.net,La ultima batalla,2025-07-12,false
yarevalo@example.net,El observador,2025-07-08,false
yarevalo@example.net,El maestro del engano,2024-09-07,true
yarevalo@example.net,Sombra y luz,2023-11-02,true
yarevalo@example.net,Origen,2025-01-09,true
orellanaandrea@example.com,El vigilante,2023-08-11,false
orellanaandrea@example.com,El juego mortal,2024-04-13,true
orellanaandrea@example.com,La conspiración,2024-04-22,true
orellanaandrea@example.com,Sin tregua,2025-06-06,false
orellanaandrea@example.com,La cadena rota,2024-05-12,false
orellanaandrea@example.com,Punto de no retorno,2024-03-21,true
orellanaandrea@example.com,La venganza,2024-11-30,true
orellanaandrea@example.com,La noche sin fin,2026-04-05,false
orellanaandrea@example.com,El destino marcado,2025-10-31,false
orellanaandrea@example.com,El enviado,2025-06-06,true
orellanaandrea@example.com,El precio de la gloria,2023-08-08,false
orellanaandrea@example.com,La sombra del mal,2024-03-02,false
orellanaandrea@example.com,El cazador de almas,2024-09-06,false
orellanaandrea@example.com,El ladrón de sueños,2024-03-29,false
orellanaandrea@example.com,La trampa mortal,2026-02-02,true
orellanaandrea@example.com,Caos total,2024-01-23,true
marcelacoronado@example.net,El horizonte perdido,2024-03-11,true
marcelacoronado@example.net,El despertador,2024-07-06,false
marcelacoronado@example.net,La ultima oportunidad,2024-01-21,true
marcelacoronado@example.net,La profecia,2025-01-01,true
marcelacoronado@example.net,El regreso del mal,2025-01-29,false
marcelacoronado@example.net,El tercer ojo,2025-10-06,false
marcelacoronado@example.net,El testigo silencioso,2024-09-24,false
marcelacoronado@example.net,Fractura,2024-03-30,true
marcelacoronado@example.net,Sin rastro,2025-02-12,false
marcelacoronado@example.net,Implosion,2023-08-03,true
marcelacoronado@example.net,Fuga imposible,2023-11-19,true
marcelacoronado@example.net,La trampa mortal,2024-07-02,false
marcelacoronado@example.net,La conspiración,2023-10-05,false
marcelacoronado@example.net,El doble juego,2026-02-10,false
marcelacoronado@example.net,La venganza,2025-11-15,false
marcelacoronado@example.net,El ultimo grito,2023-09-11,true
marcelacoronado@example.net,Cero absoluto,2024-03-29,false
marcelacoronado@example.net,El vacio,2023-07-02,true
marcelacoronado@example.net,Desolacion,2023-11-30,true
marcelacoronado@example.net,Bajo cero,2024-06-08,true
romerosergio@example.com,El despertar,2024-12-17,false
romerosergio@example.com,El espiritu guerrero,2025-04-16,true
romerosergio@example.com,El maestro del engano,2023-12-01,false
romerosergio@example.com,Entre dos mundos,2025-11-26,false
romerosergio@example.com,El precio de la verdad,2023-09-03,true
romerosergio@example.com,La señal perdida,2024-03-06,false
romerosergio@example.com,El legado,2023-05-24,false
romerosergio@example.com,El proyecto secreto,2023-09-19,false
romerosergio@example.com,El camino perdido,2024-12-19,true
romerosergio@example.com,La zona gris,2025-03-12,false
romerosergio@example.com,Sin piedad,2023-09-23,true
romerosergio@example.com,Colapso,2025-11-20,false
romerosergio@example.com,Sin identidad,2025-05-20,true
romerosergio@example.com,El abismo oscuro,2026-03-18,false
romerosergio@example.com,Caos total,2023-11-17,false
romerosergio@example.com,La sombra del mal,2023-10-01,true
romerosergio@example.com,Sin limite,2025-04-14,true
nchavarria@example.net,La segunda oportunidad,2023-08-29,true
nchavarria@example.net,La persecucion,2026-01-26,false
nchavarria@example.net,La mente oscura,2025-11-09,false
nchavarria@example.net,El umbral,2025-07-13,false
nchavarria@example.net,La maldicion,2025-05-05,true
nchavarria@example.net,Combustion,2024-08-14,false
nchavarria@example.net,Sombras del pasado,2023-06-03,false
nchavarria@example.net,Punto ciego,2024-08-10,false
elisa75@example.com,El camino perdido,2023-05-08,false
elisa75@example.com,La maquina del tiempo,2025-05-28,true
elisa75@example.com,Sin piedad ni gloria,2023-07-14,true
elisa75@example.com,El punto final,2024-03-28,false
elisa75@example.com,La promesa rota,2024-11-01,false
elisa75@example.com,Sin salida aparente,2025-09-24,false
elisa75@example.com,El ultimo grito,2024-05-10,false
elisa75@example.com,Instinto,2025-05-01,true
elisa75@example.com,Mas alla del horizonte,2023-04-28,true
elisa75@example.com,Luz y oscuridad,2025-05-21,false
elisa75@example.com,El despertar,2025-06-26,false
elisa75@example.com,Combustion,2024-11-30,true
angelica70@example.org,La rueda del destino,2024-05-27,true
angelica70@example.org,Sin nombre,2023-10-25,true
angelica70@example.org,El elegido,2025-05-08,true
angelica70@example.org,El regreso del mal,2024-10-09,false
angelica70@example.org,Sin escape,2025-01-05,false
angelica70@example.org,El ultimo dia,2025-07-31,false
diazisrael@example.com,Sin salida aparente,2024-04-13,true
diazisrael@example.com,La zona gris,2025-02-19,true
diazisrael@example.com,La tela de araña,2024-04-11,true
diazisrael@example.com,Oscuridad total,2024-03-18,false
diazisrael@example.com,Punto sin retorno,2025-01-19,false
diazisrael@example.com,La fuerza interior,2025-09-14,false
diazisrael@example.com,Sin escape,2024-12-19,true
diazisrael@example.com,Desolacion,2024-06-08,false
diazisrael@example.com,La amenaza,2024-03-10,true
diazisrael@example.com,El riesgo calculado,2025-11-11,true
diazisrael@example.com,El mundo al reves,2024-02-11,false
diazisrael@example.com,Sin limite,2025-06-21,false
diazisrael@example.com,El silencio roto,2025-02-25,false
diazisrael@example.com,La sombra del mal,2025-05-01,true
diazisrael@example.com,La redencion,2026-04-12,false
diazisrael@example.com,Entre dos mundos,2024-01-14,true
diazisrael@example.com,La verdad oculta,2024-11-18,true
diazisrael@example.com,La marca del diablo,2023-05-17,true
diazisrael@example.com,El despertar,2024-01-15,true
qbanuelos@example.net,La voz del silencio,2025-01-01,true
qbanuelos@example.net,La conexion,2024-05-01,false
qbanuelos@example.net,Impacto,2025-11-23,true
qbanuelos@example.net,Cero absoluto,2026-02-06,false
qbanuelos@example.net,La venganza perfecta,2025-05-15,true
qbanuelos@example.net,La sombra del futuro,2025-02-03,false
qbanuelos@example.net,El mundo al reves,2023-10-31,true
qbanuelos@example.net,La oscuridad eterna,2024-11-10,true
qbanuelos@example.net,Sombras del pasado,2023-10-13,false
qbanuelos@example.net,El enviado,2025-06-12,false
qbanuelos@example.net,El destino marcado,2023-12-21,true
qbanuelos@example.net,El ultimo grito,2023-07-25,true
qbanuelos@example.net,El guerrero,2024-06-04,true
qbanuelos@example.net,El ultimo testigo,2023-05-24,false
maria-jose83@example.net,Punto critico,2023-11-05,false
maria-jose83@example.net,El proyecto secreto,2023-07-31,true
maria-jose83@example.net,El ultimo heroe,2023-07-30,false
maria-jose83@example.net,Sangre fria,2023-07-29,false
maria-jose83@example.net,Abismo,2025-05-15,false
maria-jose83@example.net,La noche sin fin,2023-10-07,true
maria-jose83@example.net,Tormenta interior,2025-08-05,true
maria-jose83@example.net,Sin identidad conocida,2024-04-22,false
maria-jose83@example.net,Sin escape,2025-02-08,true
maria-jose83@example.net,El peso del silencio,2025-06-20,false
maria-jose83@example.net,La pesadilla,2023-09-11,false
lopezarcelia@example.net,El testamento,2025-08-29,false
lopezarcelia@example.net,La tormenta perfecta,2024-04-26,false
lopezarcelia@example.net,La marca del diablo,2023-07-14,false
lopezarcelia@example.net,Instinto,2023-12-06,true
lopezarcelia@example.net,El espejo roto,2023-12-27,true
mcarvajal@example.net,Tierra de nadie,2026-01-16,false
mcarvajal@example.net,El juego mortal,2024-03-17,false
mcarvajal@example.net,La mente oscura,2023-07-21,true
mcarvajal@example.net,La oscuridad interior,2025-05-23,false
mcarvajal@example.net,La alianza,2025-02-07,true
mcarvajal@example.net,Tiempo prestado,2024-07-09,true
mcarvajal@example.net,La conspiración,2025-04-28,false
tomasmeza@example.com,La noche infinita,2025-03-25,true
tomasmeza@example.com,La marca del diablo,2025-11-29,false
tomasmeza@example.com,La venganza,2025-03-24,true
tomasmeza@example.com,El ultimo heroe,2023-09-24,false
tomasmeza@example.com,Sin cuartel,2026-01-11,true
tomasmeza@example.com,La ultima batalla,2023-07-03,false
tomasmeza@example.com,Colision,2026-01-23,true
tomasmeza@example.com,El cazador,2025-03-16,true
tomasmeza@example.com,La tela de araña,2024-05-27,false
tomasmeza@example.com,La sombra del mal,2026-01-23,false
tomasmeza@example.com,La segunda oportunidad,2025-11-12,false
tomasmeza@example.com,La zona gris,2023-05-02,true
tomasmeza@example.com,La oscuridad eterna,2025-04-15,true
tomasmeza@example.com,Combustion,2025-12-19,true
tomasmeza@example.com,La oscuridad interior,2024-10-11,true
reina34@example.org,Sin limite,2025-12-06,false
reina34@example.org,La maldicion,2023-11-18,true
reina34@example.org,Explosion,2025-10-05,false
reina34@example.org,Sin rastro,2023-06-12,true
reina34@example.org,El infierno verde,2024-03-31,true
pereavictor@example.org,Caos total,2024-07-03,false
pereavictor@example.org,Punto de no retorno,2024-07-22,true
pereavictor@example.org,La redencion,2024-05-11,true
pereavictor@example.org,El ultimo dia,2025-11-17,false
pereavictor@example.org,La amenaza silenciosa,2023-06-29,false
pereavictor@example.org,Voces en la oscuridad,2024-10-05,false
pereavictor@example.org,El punto final,2025-05-28,true
pereavictor@example.org,Fuga imposible,2023-10-07,true
pereavictor@example.org,La guerra de sombras,2026-02-07,false
pereavictor@example.org,El riesgo calculado,2023-07-22,true
pereavictor@example.org,Sin salida,2024-11-03,true
pereavictor@example.org,La herencia maldita,2025-07-30,false
pereavictor@example.org,La caida libre,2024-12-06,true
pereavictor@example.org,Punto critico,2026-03-08,false
pereavictor@example.org,La pesadilla,2023-12-18,true
pereavictor@example.org,La tela de araña,2023-06-21,true
pereavictor@example.org,La guerra fria,2025-08-17,false
pereavictor@example.org,El punto de quiebre,2025-03-17,false
antonio55@example.net,Conexion fatal,2023-05-31,true
antonio55@example.net,El riesgo calculado,2025-10-18,true
antonio55@example.net,El ultimo heroe,2026-02-20,false
antonio55@example.net,Sin identidad,2025-01-05,false
antonio55@example.net,Sin fronteras,2024-01-10,false
antonio55@example.net,Entre dos mundos,2025-01-13,true
antonio55@example.net,El proyecto secreto,2025-10-29,true
antonio55@example.net,El poder oculto,2024-02-17,true
antonio55@example.net,La promesa rota,2026-03-26,false
antonio55@example.net,Punto ciego,2025-06-17,true
antonio55@example.net,La sombra del futuro,2023-11-13,false
antonio55@example.net,Furia imparable,2025-01-07,false
antonio55@example.net,El infierno verde,2025-12-25,false
antonio55@example.net,El ultimo dia,2026-04-18,false
antonio55@example.net,La conexion,2024-12-24,true
antonio55@example.net,La profecia,2024-08-24,true
antonio55@example.net,Mas alla del horizonte,2023-08-02,false
antonio55@example.net,El testigo silencioso,2024-03-28,false
antonio55@example.net,Doble identidad,2023-04-27,false
mtapia@example.com,Instinto,2025-10-28,true
mtapia@example.com,Mas fuerte que el destino,2025-10-12,false
mtapia@example.com,El peso del silencio,2026-03-13,false
mtapia@example.com,Sin salida aparente,2026-04-19,false
mtapia@example.com,Detonacion,2025-01-25,false
mtapia@example.com,Sin retorno,2026-02-16,false
mtapia@example.com,Sin fronteras,2024-07-15,false
mtapia@example.com,Fuga imposible,2024-05-22,false
mtapia@example.com,La noche de los lobos,2025-07-11,true
mtapia@example.com,El ultimo comando,2025-09-01,false
mtapia@example.com,Zona de guerra,2024-01-15,false
mtapia@example.com,El ladrón de sueños,2023-05-24,true
mtapia@example.com,Evasion total,2025-06-19,false
mtapia@example.com,El tercer ojo,2025-03-26,false
mtapia@example.com,Mas alla del horizonte,2023-07-18,true
mtapia@example.com,El ultimo grito,2024-02-28,true
mtapia@example.com,La bestia,2025-01-03,true
parraomar@example.com,La redencion,2024-03-05,true
parraomar@example.com,Sangre fria,2026-03-08,false
parraomar@example.com,La batalla final,2025-04-03,true
parraomar@example.com,Voces en la oscuridad,2025-12-07,false
parraomar@example.com,La ultima oportunidad,2023-07-01,false
parraomar@example.com,La ultima frontera,2023-11-12,true
parraomar@example.com,La maquina del tiempo,2024-06-10,false
parraomar@example.com,Origen,2026-02-21,true
parraomar@example.com,Sin memoria,2025-12-05,true
parraomar@example.com,La amenaza,2025-04-26,false
parraomar@example.com,Tierra de nadie,2024-01-11,false
parraomar@example.com,Derrumbe,2025-10-28,true
renato65@example.org,Sin rastro,2024-06-19,false
renato65@example.org,El infierno verde,2025-07-11,true
renato65@example.org,El codigo negro,2024-01-14,false
renato65@example.org,El precio del poder,2024-04-11,true
renato65@example.org,El cazador,2026-02-11,false
renato65@example.org,La fuerza del destino,2024-03-13,false
renato65@example.org,La señal perdida,2025-02-13,true
renato65@example.org,El elegido,2024-12-24,true
renato65@example.org,La frontera,2023-09-15,true
renato65@example.org,El ladrón de sueños,2026-02-01,true
renato65@example.org,La sombra del futuro,2025-04-09,true
renato65@example.org,Sin escape,2025-09-19,false
renato65@example.org,La trampa final,2024-10-15,false
luis-miguel31@example.org,La maquina del tiempo,2025-08-19,false
luis-miguel31@example.org,La profecia,2024-01-10,false
luis-miguel31@example.org,El cruce,2025-02-04,true
luis-miguel31@example.org,Sombras del pasado,2025-11-28,false
luis-miguel31@example.org,El ultimo susurro,2023-04-29,false
luis-miguel31@example.org,La cadena rota,2024-04-06,false
luis-miguel31@example.org,La señal,2023-06-12,true
luis-miguel31@example.org,La frontera,2025-08-13,false
luis-miguel31@example.org,Combustion,2024-04-16,false
luis-miguel31@example.org,El despertar,2025-01-19,true
luis-miguel31@example.org,La rueda del destino,2023-07-17,false
luis-miguel31@example.org,La sombra del mal,2025-08-29,false
luis-miguel31@example.org,Sin escape,2024-12-10,false
luis-miguel31@example.org,Codigo rojo,2024-05-12,false
luis-miguel31@example.org,La conspiración,2025-06-02,true
rpuente@example.org,La noche sin fin,2025-04-01,false
rpuente@example.org,Instinto,2024-06-12,false
rpuente@example.org,La trampa mortal,2023-05-14,true
rpuente@example.org,Mas alla del horizonte,2024-08-11,true
rpuente@example.org,La decision,2023-07-12,true
rpuente@example.org,Implosion,2024-06-24,false
rpuente@example.org,La profecia,2025-04-22,false
rpuente@example.org,La trampa,2023-12-02,false
velezjose-manuel@example.com,El ladrón de sueños,2025-04-23,false
velezjose-manuel@example.com,Entre dos mundos,2024-05-11,true
velezjose-manuel@example.com,La segunda oportunidad,2023-07-07,true
velezjose-manuel@example.com,Punto critico,2024-10-14,false
velezjose-manuel@example.com,Fuera de control,2024-05-11,true
velezjose-manuel@example.com,Sin salida aparente,2024-07-18,false
velezjose-manuel@example.com,La tormenta perfecta,2026-01-28,true
velezjose-manuel@example.com,Sin salida,2024-12-05,true
velezjose-manuel@example.com,La ultima oportunidad,2026-04-01,false
velezjose-manuel@example.com,La ultima frontera,2024-05-18,false
velezjose-manuel@example.com,La verdad oculta,2024-08-08,true
velezjose-manuel@example.com,El maestro del engano,2023-09-19,true
velezjose-manuel@example.com,El precio de la verdad,2024-09-13,false
velezjose-manuel@example.com,El riesgo calculado,2024-12-15,true
dolores19@example.net,La maldicion,2025-01-23,false
dolores19@example.net,El oraculo,2023-08-02,false
dolores19@example.net,La fuerza del mal,2025-04-03,true
dolores19@example.net,Sin fronteras,2025-07-08,true
dolores19@example.net,Territorio enemigo,2023-11-26,false
dolores19@example.net,El despertador,2025-06-04,true
dolores19@example.net,La isla perdida,2025-12-05,false
dolores19@example.net,El ultimo grito,2023-11-28,true
dolores19@example.net,Descenso,2025-02-11,false
aprado@example.net,Sin piedad ni gloria,2024-10-25,true
aprado@example.net,Sin cuartel,2024-11-29,true
aprado@example.net,La guerra fria,2025-04-12,false
aprado@example.net,Tiempo prestado,2024-11-23,false
aprado@example.net,Voces en la oscuridad,2025-04-26,true
aprado@example.net,Entre dos mundos,2024-09-07,false
delia61@example.org,Tiempo prestado,2023-06-30,false
delia61@example.org,La decision,2026-02-23,false
delia61@example.org,El cruce,2024-05-31,true
delia61@example.org,Sin nombre,2024-03-11,true
delia61@example.org,El codigo olvidado,2023-11-12,true
delia61@example.org,El espiritu guerrero,2023-09-10,false
delia61@example.org,Sin rastro,2023-12-27,false
nuneznatalia@example.com,La fuga,2026-03-16,true
nuneznatalia@example.com,El peso del silencio,2025-09-09,false
nuneznatalia@example.com,La verdad prohibida,2024-09-21,true
nuneznatalia@example.com,El infiltrado,2025-08-25,false
nuneznatalia@example.com,Sin limite,2025-02-03,true
nuneznatalia@example.com,La mente oscura,2025-07-16,true
nuneznatalia@example.com,La tormenta perfecta,2026-04-08,false
nuneznatalia@example.com,Zona de guerra,2025-10-17,true
nuneznatalia@example.com,Sin fronteras,2025-05-22,false
nuneznatalia@example.com,Sin escape,2024-04-01,true
nuneznatalia@example.com,Desolacion,2023-05-04,false
nuneznatalia@example.com,Sin piedad ni gloria,2025-09-14,true
nuneznatalia@example.com,El riesgo calculado,2026-03-25,false
nuneznatalia@example.com,El camino perdido,2024-10-02,false
nuneznatalia@example.com,El guerrero,2024-04-11,false
nuneznatalia@example.com,El guardian eterno,2025-03-15,false
kroldan@example.org,El infiltrado,2024-01-09,true
kroldan@example.org,La promesa rota,2023-09-03,false
kroldan@example.org,El monstruo interior,2023-09-22,true
kroldan@example.org,Evasion total,2023-10-12,true
kroldan@example.org,El juego mortal,2024-01-27,false
kroldan@example.org,Sin fronteras,2024-02-27,false
kroldan@example.org,Tormenta interior,2024-01-26,true
kroldan@example.org,Punto de no retorno,2024-05-08,true
kroldan@example.org,La noche sin fin,2025-01-09,false
kroldan@example.org,Colapso,2025-02-23,true
kroldan@example.org,La ultima esperanza,2024-06-16,true
ana-maria88@example.org,Fuga imposible,2025-07-14,false
ana-maria88@example.org,El guerrero,2025-12-18,true
ana-maria88@example.org,El despertador,2025-06-13,false
ana-maria88@example.org,El ultimo viaje,2024-01-23,true
ana-maria88@example.org,El peso del silencio,2025-10-17,false
ana-maria88@example.org,Sangre fria,2025-07-29,false
ana-maria88@example.org,Entre dos mundos,2025-11-09,true
ana-maria88@example.org,La sombra del futuro,2023-12-06,false
ana-maria88@example.org,Sin identidad conocida,2024-03-13,true
marinelena@example.com,Sin piedad ni gloria,2026-03-24,false
marinelena@example.com,El enviado,2024-04-24,false
marinelena@example.com,Mas alla del bien,2023-08-14,false
marinelena@example.com,Punto ciego,2024-11-11,true
marinelena@example.com,La fuerza del mal,2025-09-02,true
marinelena@example.com,La marca del diablo,2025-06-02,true
marinelena@example.com,El legado,2025-12-14,true
marinelena@example.com,La isla perdida,2024-06-22,false
marinelena@example.com,El espejo oscuro,2024-03-22,false
wpichardo@example.net,El testamento,2024-03-19,true
wpichardo@example.net,Territorio enemigo,2023-06-15,false
wpichardo@example.net,La herencia maldita,2025-11-02,true
wpichardo@example.net,La ultima batalla,2024-01-21,true
wpichardo@example.net,Sin identidad conocida,2024-07-04,false
wpichardo@example.net,Zona de guerra,2024-01-06,true
wpichardo@example.net,La zona roja,2024-10-09,true
ramosespartaco@example.org,Sangre fria,2026-02-27,false
ramosespartaco@example.org,La bestia,2025-12-12,true
ramosespartaco@example.org,Bajo cero,2024-07-28,true
ramosespartaco@example.org,Mas alla del bien,2023-11-24,false
ramosespartaco@example.org,Sueños rotos,2024-02-18,false
ramosespartaco@example.org,El eco del pasado,2023-05-06,false
ramosespartaco@example.org,Sin piedad ni gloria,2024-10-09,true
ramosespartaco@example.org,La herencia maldita,2025-11-14,true
ramosespartaco@example.org,La tormenta perfecta,2023-08-16,true
ramosespartaco@example.org,La fuerza interior,2025-02-11,false
acarmona@example.com,Instinto,2023-07-06,false
acarmona@example.com,Sin piedad,2024-04-10,true
acarmona@example.com,La tela de araña,2024-01-14,true
acarmona@example.com,El ultimo testigo,2026-03-30,false
acarmona@example.com,Sin escape,2023-11-13,false
acarmona@example.com,El regreso del mal,2025-04-11,true
acarmona@example.com,Tierra de nadie,2023-07-19,false
acarmona@example.com,La señal,2025-04-26,false
acarmona@example.com,Doble identidad,2025-09-02,true
acarmona@example.com,Caos total,2024-05-24,true
acarmona@example.com,La cadena rota,2024-10-22,false
acarmona@example.com,El tercer ojo,2024-11-10,true
acarmona@example.com,El camino perdido,2023-07-26,false
acarmona@example.com,La ultima oportunidad,2024-06-20,true
acarmona@example.com,El regreso,2025-01-22,false
acarmona@example.com,El error fatal,2025-12-21,true
acarmona@example.com,Mas alla del horizonte,2025-09-09,true
eduardo10@example.org,La fuerza del mal,2025-08-08,true
eduardo10@example.org,Bajo cero,2023-11-29,true
eduardo10@example.org,La caida libre,2024-02-23,false
eduardo10@example.org,El riesgo calculado,2025-10-16,true
eduardo10@example.org,La frontera,2023-12-08,true
eduardo10@example.org,El ultimo susurro,2025-08-03,true
eduardo10@example.org,Derrumbe,2025-12-09,false
eduardo10@example.org,La redencion,2024-11-06,true
carbajaleva@example.org,La caida,2025-10-31,true
carbajaleva@example.org,Sin fronteras,2025-01-27,false
carbajaleva@example.org,El testamento,2023-07-26,false
carbajaleva@example.org,La oscuridad eterna,2026-01-25,true
carbajaleva@example.org,La trampa,2023-09-27,true
carbajaleva@example.org,El guerrero,2025-07-25,false
carbajaleva@example.org,La mente oscura,2026-02-06,false
carbajaleva@example.org,Sin salida aparente,2024-08-23,false
carbajaleva@example.org,La ultima batalla,2025-05-25,false
carbajaleva@example.org,La trampa final,2024-04-04,true
carbajaleva@example.org,Sin salida,2025-06-18,true
carbajaleva@example.org,Mas alla del horizonte,2024-03-01,true
antoniachavarria@example.net,Furia imparable,2025-10-06,false
antoniachavarria@example.net,El mundo al reves,2025-06-04,true
antoniachavarria@example.net,Fuera de control,2024-12-05,false
antoniachavarria@example.net,La noche de los lobos,2023-11-15,false
antoniachavarria@example.net,Sin salida aparente,2025-04-22,true
antoniachavarria@example.net,Sin piedad,2026-01-26,true
antoniachavarria@example.net,El tiempo se acaba,2025-04-05,true
antoniachavarria@example.net,La tormenta perfecta,2026-04-01,true
antoniachavarria@example.net,Zona prohibida,2025-08-18,true
antoniachavarria@example.net,La persecucion,2024-10-30,false
antoniachavarria@example.net,Sin nombre,2025-06-14,true
trujillotomas@example.com,El enviado,2024-05-22,false
trujillotomas@example.com,El doble juego,2024-07-06,true
trujillotomas@example.com,Punto ciego,2025-11-09,true
trujillotomas@example.com,Fragmentos,2023-05-30,false
trujillotomas@example.com,El infierno verde,2024-04-11,true
trujillotomas@example.com,El cazador,2024-08-20,false
trujillotomas@example.com,Sin escape,2025-01-30,true
trujillotomas@example.com,La guerra de sombras,2023-09-25,true
israelmerino@example.net,La caida libre,2024-10-18,true
israelmerino@example.net,Sin identidad conocida,2023-11-25,false
israelmerino@example.net,La fuerza del mal,2025-05-23,true
israelmerino@example.net,El ultimo recurso,2025-08-23,true
israelmerino@example.net,La señal,2025-11-28,false
israelmerino@example.net,El cruce,2025-12-18,true
israelmerino@example.net,Sin retorno,2026-01-18,true
esquivelestela@example.org,La ultima esperanza,2025-06-22,false
esquivelestela@example.org,El vacio,2024-06-27,true
esquivelestela@example.org,Punto de no retorno,2024-09-17,false
esquivelestela@example.org,La verdad oculta,2025-03-29,false
esquivelestela@example.org,Colapso,2025-12-26,false
velezmarisela@example.net,Conexion fatal,2024-01-20,true
velezmarisela@example.net,Entre dos mundos,2025-05-05,false
velezmarisela@example.net,La verdad prohibida,2025-12-12,false
velezmarisela@example.net,El poder oculto,2024-03-17,true
velezmarisela@example.net,Desolacion,2025-11-16,true
velezmarisela@example.net,Sin fronteras,2025-03-03,false
velezmarisela@example.net,Bajo cero,2025-02-21,false
velezmarisela@example.net,Evasion total,2025-07-23,false
velezmarisela@example.net,Colisión de mundos,2023-10-28,true
velezmarisela@example.net,La pesadilla,2026-04-11,true
velezmarisela@example.net,La amenaza,2023-09-29,true
velezmarisela@example.net,Sombra y luz,2023-05-11,false
velezmarisela@example.net,Sin memoria,2024-09-28,false
velezmarisela@example.net,La segunda oportunidad,2025-03-16,true
velezmarisela@example.net,Detonacion,2025-12-21,false
velezmarisela@example.net,El testamento,2023-09-28,false
pedrovazquez@example.net,El regreso del mal,2023-09-24,false
pedrovazquez@example.net,Implosion,2023-10-31,true
pedrovazquez@example.net,Combustion,2024-06-18,false
pedrovazquez@example.net,Desolacion,2025-05-19,false
pedrovazquez@example.net,El infierno verde,2025-11-28,false
pedrovazquez@example.net,Luz y oscuridad,2023-10-04,true
pedrovazquez@example.net,La maquina del tiempo,2023-08-11,true
pedrovazquez@example.net,Caos total,2024-09-22,true
pedrovazquez@example.net,Sin fronteras,2024-11-25,false
pedrovazquez@example.net,El enviado,2025-04-11,false
pedrovazquez@example.net,Sin piedad ni gloria,2024-10-05,false
pedrovazquez@example.net,El tiempo se acaba,2023-11-21,true
pedrovazquez@example.net,El ultimo viaje,2024-01-25,false
pedrovazquez@example.net,Fuera de control,2025-05-20,true
pedrovazquez@example.net,La ultima oportunidad,2023-10-01,true
maria-elenarodriguez@example.net,La sombra del pasado,2025-10-21,true
maria-elenarodriguez@example.net,La venganza perfecta,2024-06-26,false
maria-elenarodriguez@example.net,La maquina del tiempo,2024-10-13,false
maria-elenarodriguez@example.net,Sin escape,2023-05-22,false
maria-elenarodriguez@example.net,Sombras del pasado,2023-07-30,false
maria-elenarodriguez@example.net,El riesgo calculado,2025-05-21,true
maria-elenarodriguez@example.net,La espiral,2026-04-10,false
maria-elenarodriguez@example.net,La bestia,2024-06-09,true
maria-elenarodriguez@example.net,Sin limite,2025-02-02,false
maria-elenarodriguez@example.net,La ultima esperanza,2024-06-13,false
antonia44@example.com,El despertar,2025-10-01,true
antonia44@example.com,Sin piedad ni gloria,2025-01-13,false
antonia44@example.com,Punto de no retorno,2023-05-02,false
antonia44@example.com,Doble identidad,2024-12-12,false
antonia44@example.com,Impacto final,2025-06-16,true
zalvarez@example.net,Sin rastro,2024-12-28,false
zalvarez@example.net,La sombra del mal,2024-12-06,false
zalvarez@example.net,La guerra de sombras,2026-03-17,false
zalvarez@example.net,El abismo oscuro,2023-07-01,false
zalvarez@example.net,La ultima oportunidad,2025-02-23,true
zalvarez@example.net,La gran aventura,2024-04-02,false
zalvarez@example.net,El eco del pasado,2025-02-11,true
zalvarez@example.net,La caida libre,2023-07-06,true
zalvarez@example.net,Explosion,2025-03-29,true
uperalta@example.com,El espejo roto,2023-07-21,true
uperalta@example.com,El despertador,2024-07-28,false
uperalta@example.com,El despertar,2025-12-15,false
uperalta@example.com,Descenso,2024-09-29,false
uperalta@example.com,Bajo cero,2025-07-31,true
uperalta@example.com,La tormenta perfecta,2023-09-10,false
uperalta@example.com,Sin tregua,2025-06-07,false
elvirajiminez@example.net,Colision,2025-02-17,false
elvirajiminez@example.net,La ultima batalla,2025-07-25,false
elvirajiminez@example.net,El espiritu guerrero,2025-01-25,true
elvirajiminez@example.net,Sueños rotos,2024-01-13,false
elvirajiminez@example.net,La venganza,2026-02-06,true
elvirajiminez@example.net,Evasion total,2025-09-01,true
elvirajiminez@example.net,El poder oculto,2025-01-26,false
elvirajiminez@example.net,La trampa,2024-09-11,true
arturo61@example.org,El ultimo viaje,2025-09-08,true
arturo61@example.org,El testigo silencioso,2024-05-24,false
arturo61@example.org,Golpe mortal,2025-04-22,true
arturo61@example.org,Sangre fria,2023-11-17,false
arturo61@example.org,El precio de la gloria,2024-11-09,false
arturo61@example.org,El mundo al reves,2024-03-24,true
arturo61@example.org,La trampa,2023-12-13,true
arturo61@example.org,La maquina del tiempo,2023-09-09,true
arturo61@example.org,Fuera de control,2026-02-06,true
arturo61@example.org,La cadena rota,2023-06-04,false
arturo61@example.org,La verdad prohibida,2024-08-21,true
arturo61@example.org,Tierra de nadie,2025-05-16,true
arturo61@example.org,La zona roja,2024-07-12,true
arturo61@example.org,El guardian,2025-06-03,true
arturo61@example.org,Derrumbe,2025-06-10,false
arturo61@example.org,La mente oscura,2024-08-27,false
arturo61@example.org,Mas alla del horizonte,2026-02-23,true
miramontescelia@example.org,La ultima batalla,2024-06-17,false
miramontescelia@example.org,La conspiración,2024-11-06,true
miramontescelia@example.org,Tormenta de fuego,2024-05-25,false
miramontescelia@example.org,Renacimiento,2026-03-30,false
miramontescelia@example.org,El espejo roto,2024-11-19,true
miramontescelia@example.org,La rueda del destino,2024-03-10,true
miramontescelia@example.org,El ultimo viaje,2025-05-24,false
miramontescelia@example.org,El juego mortal,2023-11-08,false
miramontescelia@example.org,El ultimo acto,2025-11-21,true
miramontescelia@example.org,Fuga imposible,2025-01-19,true
miramontescelia@example.org,Sin piedad,2025-03-26,false
miramontescelia@example.org,El secreto del lago,2024-07-31,true
jacintozavala@example.net,El prisionero,2024-02-16,false
jacintozavala@example.net,El proyecto secreto,2023-11-26,false
jacintozavala@example.net,El regreso del mal,2024-11-18,false
jacintozavala@example.net,El ultimo paso,2024-01-14,true
jacintozavala@example.net,Sombras del pasado,2025-01-07,true
jacintozavala@example.net,La noche de los lobos,2023-11-08,false
jacintozavala@example.net,Renacimiento,2024-08-07,true
jacintozavala@example.net,La verdad oculta,2025-11-02,true
jacintozavala@example.net,Caos total,2024-02-24,false
jacintozavala@example.net,El peso del silencio,2024-05-11,false
jacintozavala@example.net,Colisión de mundos,2023-08-13,false
jacintozavala@example.net,La guerra de sombras,2025-11-05,true
jacintozavala@example.net,Colision,2023-11-19,true
jacintozavala@example.net,El ultimo testigo,2023-04-24,false
jacintozavala@example.net,El guardian eterno,2025-04-24,true
avileselvira@example.net,Sin salida,2025-01-03,false
avileselvira@example.net,Sin nombre,2024-01-15,false
avileselvira@example.net,Sangre fria,2025-07-13,false
avileselvira@example.net,Combustion,2025-09-27,false
avileselvira@example.net,Implosion,2026-04-16,false
avileselvira@example.net,El ultimo grito,2025-04-11,true
avileselvira@example.net,La verdad oculta,2024-03-18,true
avileselvira@example.net,La guerra de sombras,2023-10-13,false
avileselvira@example.net,El ultimo dia,2024-08-10,true
avileselvira@example.net,Tierra de nadie,2023-06-14,false
avileselvira@example.net,El infiltrado,2026-02-20,true
avileselvira@example.net,Punto de no retorno,2024-05-18,true
avileselvira@example.net,El ultimo comando,2025-10-16,true
avileselvira@example.net,La fuga,2023-07-06,true
avileselvira@example.net,El punto de quiebre,2023-05-11,true
avileselvira@example.net,La redencion,2026-01-04,true
avileselvira@example.net,Tormenta de fuego,2024-07-16,false
caridad25@example.net,Derrumbe,2024-02-17,false
caridad25@example.net,La noche sin fin,2024-05-14,true
caridad25@example.net,La amenaza,2024-01-18,true
caridad25@example.net,La oscuridad interior,2025-07-15,true
caridad25@example.net,El peso del silencio,2024-10-05,true
josefinaroldan@example.com,La conspiración,2025-12-25,false
josefinaroldan@example.com,Tierra de nadie,2024-12-17,true
josefinaroldan@example.com,Sin nombre,2025-01-15,true
josefinaroldan@example.com,La pesadilla,2025-11-19,false
josefinaroldan@example.com,El destino marcado,2025-12-01,true
josefinaroldan@example.com,En el limite,2025-11-22,true
josefinaroldan@example.com,La fuerza del mal,2024-07-30,true
josefinaroldan@example.com,La señal perdida,2025-01-30,true
josefinaroldan@example.com,La trampa final,2025-06-29,true
josefinaroldan@example.com,Sombra y luz,2024-06-07,false
josefinaroldan@example.com,El espejo oscuro,2023-12-13,true
josefinaroldan@example.com,Mas fuerte que el destino,2024-04-29,true
josefinaroldan@example.com,La cadena rota,2024-09-18,false
josefinaroldan@example.com,La trampa,2026-01-26,false
josefinaroldan@example.com,La red de mentiras,2024-01-27,false
josefinaroldan@example.com,El observador,2025-03-28,false
josefinaroldan@example.com,Voces en la oscuridad,2023-04-30,true
japodaca@example.net,El cruce,2026-03-19,false
japodaca@example.net,La maquina del tiempo,2024-02-05,true
japodaca@example.net,La ultima batalla,2023-09-06,false
japodaca@example.net,Impacto,2025-10-05,true
japodaca@example.net,Fuga imposible,2024-03-21,true
hildaguillen@example.org,El ultimo heroe,2025-01-11,false
hildaguillen@example.org,El doble juego,2023-07-24,true
hildaguillen@example.org,Zona de guerra,2024-03-27,false
hildaguillen@example.org,Mas fuerte que el destino,2023-12-26,true
hildaguillen@example.org,Sangre fria,2023-10-05,true
hildaguillen@example.org,La sombra del pasado,2026-02-02,false
hildaguillen@example.org,La bestia,2024-10-01,true
hildaguillen@example.org,Zona prohibida,2025-03-11,true
marianaarteaga@example.net,Sin fronteras,2023-10-16,false
marianaarteaga@example.net,La pesadilla,2023-05-25,false
marianaarteaga@example.net,La clave perdida,2025-05-15,true
marianaarteaga@example.net,La guerra fria,2024-04-02,false
marianaarteaga@example.net,La fuga,2025-05-09,false
marianaarteaga@example.net,La venganza,2024-04-29,true
marianaarteaga@example.net,Fragmentos,2024-02-09,false
marianaarteaga@example.net,La isla perdida,2024-01-08,false
marianaarteaga@example.net,La trampa,2025-11-23,false
marianaarteaga@example.net,El ultimo viaje,2025-10-26,false
marianaarteaga@example.net,Sin piedad,2024-12-20,true
marianaarteaga@example.net,Detonacion,2024-01-04,true
marianaarteaga@example.net,Sombra y luz,2023-05-05,true
marianaarteaga@example.net,Sin limite,2023-12-13,true
marianaarteaga@example.net,La amenaza,2025-04-29,false
marianaarteaga@example.net,Sin identidad conocida,2023-05-07,false
marianaarteaga@example.net,La trampa final,2023-05-16,true
marianaarteaga@example.net,Abismo,2026-01-02,false
marianaarteaga@example.net,Sombras del pasado,2026-04-15,true
marianaarteaga@example.net,El maestro del engano,2024-05-01,true
maria-luisaalba@example.com,El guardian eterno,2024-09-11,true
maria-luisaalba@example.com,La tela de araña,2025-09-26,true
maria-luisaalba@example.com,La sombra del pasado,2024-11-16,true
maria-luisaalba@example.com,La persecucion,2024-01-11,false
maria-luisaalba@example.com,El mundo al reves,2025-06-18,false
maria-luisaalba@example.com,La segunda oportunidad,2025-06-16,false
perlamarroquin@example.org,La espiral,2024-12-25,false
perlamarroquin@example.org,El enviado,2025-09-30,false
perlamarroquin@example.org,El abismo oscuro,2023-05-14,true
perlamarroquin@example.org,La rueda del destino,2025-07-19,false
perlamarroquin@example.org,El infiltrado,2025-05-24,true
perlamarroquin@example.org,La conspiración,2025-04-18,false
perlamarroquin@example.org,La venganza perfecta,2025-04-27,false
perlamarroquin@example.org,El mensajero,2023-12-30,false
perlamarroquin@example.org,El precio del poder,2025-07-15,true
perlamarroquin@example.org,La ultima frontera,2024-01-05,true
hernanlemus@example.org,El punto final,2023-06-27,false
hernanlemus@example.org,Sin tregua,2025-07-13,true
hernanlemus@example.org,La trampa mortal,2023-12-28,false
hernanlemus@example.org,Explosion,2025-10-06,true
hernanlemus@example.org,Sueños rotos,2025-10-25,false
hernanlemus@example.org,El ultimo heroe,2025-10-31,false
hernanlemus@example.org,El observador,2026-02-14,false
hernanlemus@example.org,El proyecto secreto,2025-02-04,true
nfierro@example.org,La fuerza del mal,2025-07-26,true
nfierro@example.org,Zona de guerra,2026-01-10,true
nfierro@example.org,La ultima esperanza,2026-02-08,false
nfierro@example.org,Punto ciego,2024-05-28,false
nfierro@example.org,La venganza,2024-06-23,true
nfierro@example.org,Sombras del pasado,2023-07-04,false
nfierro@example.org,En el limite,2025-01-21,false
nfierro@example.org,Sin rastro,2023-07-15,true
nfierro@example.org,El doble juego,2023-10-18,true
nfierro@example.org,El ultimo comando,2025-08-25,true
nfierro@example.org,La ultima batalla,2026-04-03,false
nfierro@example.org,El mensajero,2024-12-07,true
hperea@example.org,El secreto del lago,2026-03-03,true
hperea@example.org,El infiltrado,2024-09-29,true
hperea@example.org,La guerra de sombras,2024-06-04,false
hperea@example.org,La zona gris,2023-08-16,true
hperea@example.org,El despertador,2025-07-10,false
hperea@example.org,La trampa,2025-10-11,false
hperea@example.org,La zona roja,2024-02-24,true
hperea@example.org,El ultimo susurro,2025-03-11,false
hperea@example.org,La noche sin fin,2023-08-20,false
hperea@example.org,La caja de pandora,2025-08-03,false
hperea@example.org,El mundo al reves,2025-04-22,false
hperea@example.org,La persecucion,2023-10-07,true
hperea@example.org,El tercer ojo,2025-03-15,false
hperea@example.org,Tormenta interior,2024-05-22,false
hperea@example.org,El vigilante,2023-07-28,true
hperea@example.org,Furia imparable,2024-04-09,true
hperea@example.org,El guerrero,2024-09-20,true
hperea@example.org,La tormenta perfecta,2024-05-18,true
hperea@example.org,La mente oscura,2024-11-24,true
barelatrinidad@example.net,La sombra del pasado,2025-04-08,false
barelatrinidad@example.net,El cazador solitario,2023-09-30,false
barelatrinidad@example.net,El abismo oscuro,2024-02-08,true
barelatrinidad@example.net,La voz del silencio,2023-07-10,true
barelatrinidad@example.net,La caida libre,2023-12-25,true
barelatrinidad@example.net,Renacimiento,2025-07-24,false
barelatrinidad@example.net,Punto de no retorno,2025-04-30,true
barelatrinidad@example.net,El testamento,2025-03-22,false
barelatrinidad@example.net,La trampa final,2023-05-12,false
barelatrinidad@example.net,La pesadilla,2025-01-15,false
barelatrinidad@example.net,Sin cuartel,2023-12-18,false
barelatrinidad@example.net,El espejo oscuro,2026-01-12,false
barelatrinidad@example.net,Sin rastro,2023-09-22,true
barelatrinidad@example.net,La mente oscura,2023-05-15,true
barelatrinidad@example.net,La profecia,2024-04-12,true
barelatrinidad@example.net,El tiempo se acaba,2025-03-13,true
barelatrinidad@example.net,Colisión de mundos,2023-04-20,true
barelatrinidad@example.net,La fuerza interior,2024-08-28,false
lucia23@example.net,La segunda oportunidad,2024-02-20,true
lucia23@example.net,La clave perdida,2026-01-22,true
lucia23@example.net,Mas alla del horizonte,2025-03-24,true
lucia23@example.net,La pesadilla,2024-12-23,false
lucia23@example.net,Sin piedad,2025-12-02,false
lucia23@example.net,La frontera,2024-07-15,true
lucia23@example.net,El ultimo dia,2024-06-07,true
lucia23@example.net,El eco del pasado,2023-10-02,true
araceli85@example.com,La herida abierta,2025-04-21,false
araceli85@example.com,Caos total,2024-11-24,false
araceli85@example.com,El horizonte perdido,2025-05-20,false
araceli85@example.com,El riesgo calculado,2024-06-05,true
araceli85@example.com,El elegido,2025-10-01,false
araceli85@example.com,La bestia,2023-12-11,true
araceli85@example.com,La maldicion,2025-11-01,true
araceli85@example.com,La trampa mortal,2024-10-23,true
araceli85@example.com,El ultimo viaje,2023-04-24,true
araceli85@example.com,La fuerza interior,2023-05-19,true
araceli85@example.com,La red,2026-01-15,false
araceli85@example.com,El ladrón de sueños,2025-02-09,true
araceli85@example.com,La sombra del pasado,2024-01-24,true
araceli85@example.com,El ultimo comando,2026-01-18,false
araceli85@example.com,La voz del silencio,2024-09-18,false
araceli85@example.com,La verdad prohibida,2024-08-23,false
araceli85@example.com,La marca del diablo,2026-03-11,true
araceli85@example.com,El prisionero,2023-09-22,false
araceli85@example.com,El camino perdido,2024-08-08,false
araceli85@example.com,Sombra y luz,2023-05-03,false
yverdugo@example.com,Renacimiento,2025-12-23,false
yverdugo@example.com,La ultima batalla,2023-06-08,true
yverdugo@example.com,La isla perdida,2024-03-23,false
yverdugo@example.com,El ultimo viaje,2025-09-30,true
yverdugo@example.com,El punto final,2026-02-08,false
yverdugo@example.com,El regreso del mal,2024-10-17,false
yverdugo@example.com,El cazador solitario,2025-07-26,true
yverdugo@example.com,El peso del silencio,2024-07-22,false
yverdugo@example.com,En el limite,2024-05-03,true
yverdugo@example.com,El precio de la gloria,2023-12-14,false
yverdugo@example.com,El despertar,2023-09-04,false
yverdugo@example.com,La cadena rota,2026-02-21,true
yverdugo@example.com,La ultima frontera,2025-05-10,true
yverdugo@example.com,Sin cuartel,2024-11-10,false
yverdugo@example.com,El testigo silencioso,2024-05-05,false
yverdugo@example.com,El secreto del lago,2026-03-30,true
yverdugo@example.com,El proyecto secreto,2024-12-30,false
yverdugo@example.com,La conexion,2024-09-15,false
ioquendo@example.org,Zona de peligro,2023-05-23,false
ioquendo@example.org,La marca del diablo,2023-09-16,false
ioquendo@example.org,Insurreccion,2024-01-08,false
ioquendo@example.org,Colision,2025-03-20,true
ioquendo@example.org,Sin salida aparente,2024-07-06,false
ioquendo@example.org,Impacto,2025-12-01,true
ioquendo@example.org,La venganza perfecta,2023-05-06,false
lcamacho@example.net,La venganza,2025-09-30,false
lcamacho@example.net,La fuerza del mal,2025-04-05,true
lcamacho@example.net,Fuera de control,2024-03-11,true
lcamacho@example.net,Sin piedad,2023-11-28,true
lcamacho@example.net,El punto de quiebre,2024-12-04,true
lcamacho@example.net,La oscuridad eterna,2023-08-28,false
lcamacho@example.net,Colisión de mundos,2024-12-25,false
lcamacho@example.net,La fuerza interior,2025-05-05,false
lcamacho@example.net,La verdad prohibida,2023-09-25,true
lcamacho@example.net,La zona gris,2024-11-24,false
lcamacho@example.net,La gran aventura,2024-12-04,false
lcamacho@example.net,La señal,2025-04-27,false
lcamacho@example.net,El legado,2026-02-22,false
lcamacho@example.net,La ultima frontera,2023-10-09,false
lcamacho@example.net,La segunda oportunidad,2025-05-27,true
lcamacho@example.net,La tela de araña,2025-06-23,true
lcamacho@example.net,El vigilante,2024-02-15,true
lcamacho@example.net,La fuerza del destino,2024-06-18,false
lcamacho@example.net,Descenso,2026-04-14,false
lcamacho@example.net,Tiempo prestado,2025-01-17,true
abrahamnajera@example.com,La trampa,2024-02-22,false
abrahamnajera@example.com,Entre dos mundos,2024-07-08,true
abrahamnajera@example.com,El ultimo recurso,2026-02-21,false
abrahamnajera@example.com,La decision,2024-05-04,false
abrahamnajera@example.com,Sin piedad,2024-01-18,true
abrahamnajera@example.com,El tercer ojo,2023-11-17,false
abrahamnajera@example.com,La sombra del futuro,2023-09-19,false
abrahamnajera@example.com,El cazador,2024-07-29,true
abrahamnajera@example.com,El ultimo paso,2024-06-22,true
abrahamnajera@example.com,Voces en la oscuridad,2025-12-21,true
abrahamnajera@example.com,Combustion,2026-02-08,false
abrahamnajera@example.com,La marca del diablo,2025-07-03,false
abrahamnajera@example.com,Zona prohibida,2024-10-14,true
abrahamnajera@example.com,Instinto,2025-09-09,false
abrahamnajera@example.com,Mas fuerte que el destino,2023-07-09,true
abrahamnajera@example.com,La cadena rota,2023-12-28,true
abrahamnajera@example.com,La mente oscura,2023-08-09,false
fmateo@example.org,La caida,2025-04-08,false
fmateo@example.org,Territorio enemigo,2025-05-16,true
fmateo@example.org,Desolacion,2023-07-14,false
fmateo@example.org,La verdad prohibida,2023-11-18,false
fmateo@example.org,La mente oscura,2025-07-28,false
fmateo@example.org,Luz y oscuridad,2026-03-23,false
fmateo@example.org,Sin rastro,2023-07-10,true
fmateo@example.org,La conexion,2025-01-23,true
fmateo@example.org,El secreto del lago,2024-08-14,true
fmateo@example.org,Furia imparable,2024-01-17,true
fmateo@example.org,Colapso,2025-08-23,true
fmateo@example.org,Caos total,2024-08-24,true
fmateo@example.org,La voz del silencio,2025-11-06,true
abelmurillo@example.org,El vigilante,2025-07-05,true
abelmurillo@example.org,Combustion,2025-06-29,true
abelmurillo@example.org,El error fatal,2024-12-26,true
abelmurillo@example.org,En el limite,2024-07-17,true
abelmurillo@example.org,El testamento,2023-11-16,false
abelmurillo@example.org,Tormenta de fuego,2023-08-24,true
abelmurillo@example.org,Colapso,2024-07-06,false
abelmurillo@example.org,La segunda oportunidad,2026-04-10,false
abelmurillo@example.org,Fragmentos,2024-11-06,true
abelmurillo@example.org,La redencion,2024-10-23,false
abelmurillo@example.org,El legado,2023-08-28,false
samador@example.net,El eco del pasado,2024-12-12,false
samador@example.net,El umbral,2023-09-26,true
samador@example.net,Torbellino,2023-08-25,false
samador@example.net,Abismo,2023-08-04,true
samador@example.net,El vacio,2024-06-19,false
samador@example.net,La fuerza interior,2024-04-21,false
samador@example.net,El ultimo viaje,2024-08-17,false
samador@example.net,Evasion total,2025-07-22,true
samador@example.net,Colision,2025-08-06,true
samador@example.net,Sin piedad ni gloria,2026-01-10,true
samador@example.net,Colapso,2024-06-09,true
lindacarrillo@example.org,La herencia maldita,2024-06-07,false
lindacarrillo@example.org,El regreso,2026-03-12,true
lindacarrillo@example.org,La fuga,2024-10-14,true
lindacarrillo@example.org,Caos total,2024-08-31,false
lindacarrillo@example.org,La persecucion,2023-05-16,true
lindacarrillo@example.org,El proyecto secreto,2026-03-02,true
lindacarrillo@example.org,El guerrero,2023-08-03,true
lindacarrillo@example.org,El eco del pasado,2024-08-15,true
lindacarrillo@example.org,El codigo olvidado,2023-05-27,true
lindacarrillo@example.org,Furia imparable,2023-09-19,true
lindacarrillo@example.org,Sin retorno,2026-02-24,false
lindacarrillo@example.org,Sin escape,2024-03-11,false
lindacarrillo@example.org,El ultimo recurso,2023-06-15,false
lindacarrillo@example.org,El maestro del engano,2024-11-11,false
lindacarrillo@example.org,El ultimo grito,2023-05-01,false
lindacarrillo@example.org,Tormenta interior,2023-05-17,false
lindacarrillo@example.org,Colapso,2025-05-14,true
barriosberta@example.net,El ultimo recurso,2024-09-29,false
barriosberta@example.net,El elegido,2023-10-01,false
barriosberta@example.net,Instinto,2023-08-25,false
barriosberta@example.net,El horizonte perdido,2026-01-25,true
barriosberta@example.net,La noche sin fin,2026-02-07,false
barriosberta@example.net,Tiempo prestado,2025-09-10,true
barriosberta@example.net,El infierno verde,2026-03-18,false
barriosberta@example.net,Tormenta de fuego,2023-04-25,true
barriosberta@example.net,Luz y oscuridad,2024-12-24,true
barriosberta@example.net,Cero absoluto,2024-03-21,false
barriosberta@example.net,El cruce,2023-05-19,false
barriosberta@example.net,La zona roja,2025-12-23,true
vanesaheredia@example.org,El ultimo recurso,2026-02-10,false
vanesaheredia@example.org,Colision,2024-03-23,true
vanesaheredia@example.org,El ladrón de sueños,2023-11-15,false
vanesaheredia@example.org,Sin fronteras,2024-11-29,false
vanesaheredia@example.org,La conexion,2025-01-04,true
leticiaespino@example.net,Sin salida aparente,2025-04-21,false
leticiaespino@example.net,La tormenta perfecta,2026-02-01,true
leticiaespino@example.net,Punto sin retorno,2024-01-07,true
leticiaespino@example.net,El ultimo acto,2024-04-28,true
leticiaespino@example.net,Punto de no retorno,2024-05-18,false
leticiaespino@example.net,La maquina del tiempo,2024-10-24,true
leticiaespino@example.net,Fragmentos,2023-07-19,true
leticiaespino@example.net,La trampa mortal,2025-03-18,true
leticiaespino@example.net,Punto ciego,2025-10-18,false
leticiaespino@example.net,Torbellino,2024-07-06,true
leticiaespino@example.net,El ultimo recurso,2025-09-05,false
leticiaespino@example.net,La herencia maldita,2025-12-14,false
leticiaespino@example.net,Zona de peligro,2023-08-30,false
leticiaespino@example.net,El ultimo grito,2023-07-12,true
leticiaespino@example.net,El cazador de almas,2023-12-06,false
leticiaespino@example.net,Cero absoluto,2024-08-21,false
leticiaespino@example.net,Sin limite,2025-01-04,true
leticiaespino@example.net,La promesa rota,2025-05-22,true
leticiaespino@example.net,Codigo rojo,2023-06-17,false
cuellarana-luisa@example.net,El testigo silencioso,2023-10-25,true
cuellarana-luisa@example.net,La sombra del mal,2023-08-07,true
cuellarana-luisa@example.net,El peso del silencio,2024-06-30,false
cuellarana-luisa@example.net,El cazador solitario,2026-01-28,false
cuellarana-luisa@example.net,La decision,2025-01-31,false
cuellarana-luisa@example.net,Sangre fria,2024-11-20,false
cuellarana-luisa@example.net,Impacto,2024-02-12,false
cuellarana-luisa@example.net,Descenso,2026-01-24,false
cuellarana-luisa@example.net,El elegido,2023-05-10,true
cuellarana-luisa@example.net,Torbellino,2023-09-15,false
cuellarana-luisa@example.net,Sin piedad ni gloria,2024-03-31,true
cuellarana-luisa@example.net,Punto sin retorno,2024-11-04,true
cuellarana-luisa@example.net,Sin salida aparente,2023-11-18,true
cuellarana-luisa@example.net,La rueda del destino,2023-05-20,true
cuellarana-luisa@example.net,El observador,2025-11-19,true
elena87@example.org,Impacto final,2024-03-22,false
elena87@example.org,Tiempo prestado,2023-12-07,true
elena87@example.org,Renacimiento,2023-10-10,false
elena87@example.org,El guardian eterno,2023-07-30,true
elena87@example.org,Punto sin retorno,2023-06-26,false
elena87@example.org,Sin identidad conocida,2026-03-12,true
elena87@example.org,Sin piedad,2024-06-11,false
elena87@example.org,Explosion,2026-01-12,true
elena87@example.org,La ultima esperanza,2026-01-16,false
elena87@example.org,La marca del diablo,2023-06-18,false
elena87@example.org,Doble identidad,2025-12-05,false
elena87@example.org,Punto de no retorno,2023-08-14,false
elena87@example.org,La venganza perfecta,2024-11-26,true
elena87@example.org,El error fatal,2025-05-02,true
elena87@example.org,La cadena rota,2024-11-06,false
elena87@example.org,La conspiración,2023-08-06,false
elena87@example.org,Sombras del pasado,2024-01-09,true
elena87@example.org,La gran aventura,2023-11-11,true
elena87@example.org,El tiempo se acaba,2026-04-18,false
elena87@example.org,Mas alla del bien,2026-04-05,false
julio71@example.org,La conexion,2023-07-07,false
julio71@example.org,La ultima frontera,2023-12-27,true
julio71@example.org,El doble juego,2025-08-03,false
julio71@example.org,Fractura,2024-08-10,true
julio71@example.org,Punto sin retorno,2025-10-28,true
julio71@example.org,La noche sin fin,2024-11-19,true
julio71@example.org,La voz del silencio,2024-04-02,true
julio71@example.org,La sombra del pasado,2023-06-12,true
julio71@example.org,Abismo,2024-11-12,false
julio71@example.org,Sin identidad,2024-08-03,true
julio71@example.org,El oraculo,2023-08-16,false
julio71@example.org,Bajo cero,2026-02-06,false
julio71@example.org,El infierno verde,2024-05-02,false
julio71@example.org,El espejo roto,2026-03-13,false
julio71@example.org,Desolacion,2023-11-08,false
omaralfaro@example.com,El prisionero,2025-05-05,true
omaralfaro@example.com,La fuga,2023-08-25,false
omaralfaro@example.com,La señal perdida,2023-10-21,true
omaralfaro@example.com,La maldicion,2024-04-26,true
omaralfaro@example.com,El cruce,2023-08-21,true
omaralfaro@example.com,Tormenta de fuego,2025-08-06,true
omaralfaro@example.com,Sin fronteras,2025-10-27,true
omaralfaro@example.com,La noche de los lobos,2024-12-03,true
omaralfaro@example.com,La noche infinita,2024-04-08,true
omaralfaro@example.com,La sombra del pasado,2026-01-01,false
omaralfaro@example.com,La pesadilla,2024-10-16,false
omaralfaro@example.com,Sueños rotos,2024-03-01,false
omaralfaro@example.com,El elegido,2023-10-11,false
omaralfaro@example.com,El enviado,2025-03-13,false
omaralfaro@example.com,Fragmentos,2023-08-28,true
omaralfaro@example.com,El cazador,2026-01-27,true
omaralfaro@example.com,La amenaza,2025-01-21,true
omaralfaro@example.com,El ultimo paso,2025-08-13,false
omaralfaro@example.com,El peso del silencio,2023-09-23,true
omaralfaro@example.com,El testigo silencioso,2024-06-27,false
fidellopez@example.org,Sin escape,2024-01-03,false
fidellopez@example.org,Descenso,2026-03-08,false
fidellopez@example.org,El abismo oscuro,2024-05-04,true
fidellopez@example.org,Caos total,2023-11-20,false
fidellopez@example.org,La isla perdida,2023-09-12,false
fidellopez@example.org,Sangre fria,2024-03-10,false
fidellopez@example.org,El despertar,2024-01-12,false
fidellopez@example.org,Cero absoluto,2024-03-30,true
fidellopez@example.org,El peso del silencio,2023-12-27,true
fidellopez@example.org,Torbellino,2025-07-29,false
delia49@example.net,El prisionero,2025-02-19,true
delia49@example.net,La caja de pandora,2024-03-15,true
delia49@example.net,La guerra fria,2024-02-25,false
delia49@example.net,Implosion,2024-11-16,false
delia49@example.net,El espiritu guerrero,2025-12-19,true
delia49@example.net,El ultimo acto,2024-01-24,false
delia49@example.net,Torbellino,2024-12-28,false
delia49@example.net,La herida abierta,2024-11-03,false
delia49@example.net,La verdad prohibida,2023-06-22,false
delia49@example.net,La bestia,2024-09-03,false
delia49@example.net,Colisión de mundos,2024-11-24,true
delia49@example.net,Sangre fria,2024-01-11,false
delia49@example.net,La noche infinita,2025-01-03,true
delia49@example.net,La cadena rota,2025-04-22,false
dianaestrada@example.org,La sombra del mal,2023-12-15,true
dianaestrada@example.org,La ultima batalla,2025-04-26,false
dianaestrada@example.org,La profecia,2023-10-03,true
dianaestrada@example.org,Impacto final,2025-10-12,true
dianaestrada@example.org,Colision,2023-05-13,true
dianaestrada@example.org,Explosion,2025-03-10,true
dianaestrada@example.org,Descenso,2025-12-20,true
dianaestrada@example.org,Mas alla del bien,2023-08-27,true
dianaestrada@example.org,El despertador,2023-06-02,true
dianaestrada@example.org,El ultimo susurro,2025-12-24,false
dianaestrada@example.org,El camino perdido,2025-03-02,false
dianaestrada@example.org,El tiempo se acaba,2026-03-30,false
dianaestrada@example.org,Sombras del pasado,2026-01-11,true
dianaestrada@example.org,Sueños rotos,2023-12-29,false
dianaestrada@example.org,El monstruo interior,2024-08-19,false
dianaestrada@example.org,Combustion,2023-11-04,true
riverocecilia@example.org,La oscuridad interior,2026-01-22,false
riverocecilia@example.org,Descenso,2023-11-20,false
riverocecilia@example.org,El vacio,2026-02-15,true
riverocecilia@example.org,La ultima esperanza,2025-10-14,true
riverocecilia@example.org,Sin identidad conocida,2024-01-14,false
riverocecilia@example.org,Punto de no retorno,2024-03-30,false
raquelsisneros@example.net,El legado,2026-03-24,true
raquelsisneros@example.net,Implosion,2024-10-16,true
raquelsisneros@example.net,El ultimo paso,2025-10-17,false
raquelsisneros@example.net,El espejo roto,2024-11-01,false
raquelsisneros@example.net,El ultimo heroe,2025-01-17,true
raquelsisneros@example.net,El peso del silencio,2023-08-13,false
raquelsisneros@example.net,La tela de araña,2023-05-15,true
raquelsisneros@example.net,El regreso,2024-06-09,true
raquelsisneros@example.net,Sin retorno,2024-11-16,true
raquelsisneros@example.net,Bajo cero,2024-12-08,false
raquelsisneros@example.net,La trampa,2025-03-10,false
raquelsisneros@example.net,La sombra del futuro,2025-04-15,false
raquelsisneros@example.net,El ultimo recurso,2025-05-26,false
raquelsisneros@example.net,Mas alla del horizonte,2025-05-31,true
sofiadelgadillo@example.net,El error fatal,2023-07-14,true
sofiadelgadillo@example.net,Sin salida,2024-12-21,true
sofiadelgadillo@example.net,Sueños rotos,2026-01-09,false
sofiadelgadillo@example.net,El cruce,2025-10-19,false
sofiadelgadillo@example.net,Tormenta de fuego,2025-04-24,true
sofiadelgadillo@example.net,El infiltrado,2024-12-28,true
sofiadelgadillo@example.net,La maldicion,2023-08-26,true
sofiadelgadillo@example.net,Conexion fatal,2025-01-05,false
sofiadelgadillo@example.net,La decision,2024-07-30,false
araceli19@example.com,La alianza,2024-04-15,true
araceli19@example.com,Tormenta de fuego,2025-12-24,true
araceli19@example.com,Mas alla del horizonte,2024-11-14,true
araceli19@example.com,El cazador,2025-09-06,true
araceli19@example.com,Impacto,2023-09-01,false
araceli19@example.com,El enviado,2024-07-23,false
araceli19@example.com,La promesa rota,2024-01-05,true
araceli19@example.com,Sin salida aparente,2024-08-18,true
araceli19@example.com,La tormenta perfecta,2024-09-16,false
urocha@example.net,Sombras del pasado,2024-10-03,true
urocha@example.net,El vacio,2025-07-06,true
urocha@example.net,La segunda oportunidad,2025-09-04,false
urocha@example.net,La ultima oportunidad,2024-08-20,true
urocha@example.net,Sin cuartel,2025-07-30,false
urocha@example.net,La voz del silencio,2025-09-29,false
urocha@example.net,Sombra y luz,2023-11-19,false
urocha@example.net,El ultimo acto,2025-07-22,false
urocha@example.net,La gran aventura,2024-08-12,true
urocha@example.net,Golpe mortal,2024-02-25,true
urocha@example.net,La rueda del destino,2024-07-01,false
urocha@example.net,Abismo,2025-01-12,true
urocha@example.net,La fuerza del destino,2025-07-12,false
rolandoraya@example.net,La isla perdida,2024-11-13,true
rolandoraya@example.net,Derrumbe,2023-05-03,true
rolandoraya@example.net,La tormenta perfecta,2025-10-11,true
rolandoraya@example.net,El codigo olvidado,2023-05-17,false
rolandoraya@example.net,Mas fuerte que el destino,2024-12-24,true
rolandoraya@example.net,El tercer ojo,2024-02-05,false
rolandoraya@example.net,El ultimo paso,2024-12-04,false
rolandoraya@example.net,Sin identidad conocida,2025-07-25,false
rolandoraya@example.net,La mente oscura,2024-12-31,false
rolandoraya@example.net,La oscuridad interior,2025-02-06,false
rolandoraya@example.net,El despertar,2023-05-27,false
rolandoraya@example.net,La conspiración,2025-12-08,true
rolandoraya@example.net,El juego mortal,2024-11-08,false
rolandoraya@example.net,El camino perdido,2023-08-10,false
wmora@example.net,Sin fronteras,2025-02-09,false
wmora@example.net,El secreto del lago,2023-11-08,true
wmora@example.net,El punto final,2025-07-29,true
wmora@example.net,El testamento,2025-07-26,true
wmora@example.net,El precio de la verdad,2023-09-29,false
wmora@example.net,La zona roja,2026-02-17,false
wmora@example.net,El umbral,2023-06-17,true
wmora@example.net,Sin memoria,2025-07-05,true
wmora@example.net,Zona prohibida,2024-07-17,true
wmora@example.net,Evasion total,2025-08-09,false
wmora@example.net,El ultimo acto,2023-09-23,true
wmora@example.net,La sombra del futuro,2025-07-09,false
wmora@example.net,El oraculo,2024-07-25,true
wmora@example.net,Sin cuartel,2023-11-02,true
wmora@example.net,La bestia,2024-07-10,false
wmora@example.net,El espejo oscuro,2025-04-10,false
wmora@example.net,La cadena rota,2024-12-04,false
wmora@example.net,El silencio roto,2025-04-13,false
wmora@example.net,Colision,2023-05-13,true
iherrera@example.com,Implosion,2024-09-30,false
iherrera@example.com,El ultimo recurso,2025-06-13,true
iherrera@example.com,La mente oscura,2024-12-29,false
iherrera@example.com,La clave perdida,2024-06-15,false
iherrera@example.com,La promesa rota,2025-08-28,false
iherrera@example.com,El espejo roto,2023-07-20,true
iherrera@example.com,La trampa,2025-10-04,false
iherrera@example.com,El cazador de almas,2023-11-29,false
iherrera@example.com,La red,2025-12-16,true
iherrera@example.com,La oscuridad eterna,2026-01-07,false
iherrera@example.com,Sin retorno,2024-11-27,true
iherrera@example.com,El espiritu guerrero,2024-03-29,false
iherrera@example.com,Evasion total,2024-07-28,false
iherrera@example.com,El laberinto,2023-06-25,false
iherrera@example.com,El poder oculto,2025-07-03,false
iherrera@example.com,Renacimiento,2025-09-29,true
iherrera@example.com,La amenaza,2023-08-27,true
iherrera@example.com,El tiempo se acaba,2024-07-07,true
iherrera@example.com,Fuera de control,2024-11-22,false
ulibarrijose-carlos@example.com,El ladrón de sueños,2023-07-18,false
ulibarrijose-carlos@example.com,Furia imparable,2025-04-12,true
ulibarrijose-carlos@example.com,Luz y oscuridad,2025-12-18,false
ulibarrijose-carlos@example.com,La zona gris,2024-10-22,true
ulibarrijose-carlos@example.com,La red de mentiras,2024-03-06,false
ulibarrijose-carlos@example.com,El punto de quiebre,2026-02-03,true
ulibarrijose-carlos@example.com,La conexion,2024-04-01,true
ulibarrijose-carlos@example.com,Sin piedad,2026-04-19,false
ulibarrijose-carlos@example.com,Detonacion,2025-11-22,true
ulibarrijose-carlos@example.com,En el limite,2024-12-01,false
ulibarrijose-carlos@example.com,La tela de araña,2025-06-27,true
ulibarrijose-carlos@example.com,Tormenta interior,2026-01-24,false
ulibarrijose-carlos@example.com,La amenaza silenciosa,2025-11-29,false
ulibarrijose-carlos@example.com,Sin piedad ni gloria,2023-06-21,false
de-andaandrea@example.net,La promesa rota,2025-10-07,true
de-andaandrea@example.net,Sin salida aparente,2025-11-04,false
de-andaandrea@example.net,La sombra del futuro,2025-12-27,false
de-andaandrea@example.net,La gran aventura,2025-12-21,false
de-andaandrea@example.net,La amenaza,2025-11-19,false
de-andaandrea@example.net,El precio del poder,2024-11-18,true
de-andaandrea@example.net,El elegido,2023-07-30,false
de-andaandrea@example.net,El despertar,2025-02-26,true
de-andaandrea@example.net,El riesgo calculado,2025-08-20,true
de-andaandrea@example.net,El espejo oscuro,2025-05-15,false
de-andaandrea@example.net,La clave perdida,2025-05-15,false
de-andaandrea@example.net,El laberinto,2023-10-07,true
de-andaandrea@example.net,El punto de quiebre,2026-01-05,false
de-andaandrea@example.net,La espiral,2024-03-11,true
elenade-anda@example.org,El ultimo heroe,2023-12-27,false
elenade-anda@example.org,El proyecto secreto,2023-07-15,false
elenade-anda@example.org,La red,2025-01-09,true
elenade-anda@example.org,La ultima esperanza,2025-09-14,false
elenade-anda@example.org,La bestia,2023-05-11,true
elenade-anda@example.org,El elegido,2025-01-08,true
elenade-anda@example.org,El oraculo,2023-07-18,true
elenade-anda@example.org,Explosion,2024-08-31,false
elenade-anda@example.org,Doble identidad,2025-03-31,true
elenade-anda@example.org,La tela de araña,2025-04-02,true
araceliespinoza@example.com,Sin cuartel,2023-05-16,true
araceliespinoza@example.com,El mensajero,2024-04-07,true
araceliespinoza@example.com,Sin salida aparente,2023-05-08,true
araceliespinoza@example.com,La noche de los lobos,2024-08-24,true
araceliespinoza@example.com,El cazador solitario,2024-12-30,false
natalia00@example.net,Impacto final,2024-09-28,true
natalia00@example.net,La verdad oculta,2025-05-09,true
natalia00@example.net,Fuga imposible,2025-01-05,true
natalia00@example.net,Luz y oscuridad,2024-06-07,true
natalia00@example.net,El ladrón de sueños,2024-12-02,true
natalia00@example.net,El ultimo grito,2026-01-24,true
natalia00@example.net,El secreto del lago,2025-07-27,false
natalia00@example.net,Explosion,2024-12-17,false
natalia00@example.net,Sin tregua,2025-12-20,false
natalia00@example.net,La decision,2025-01-16,true
natalia00@example.net,La profecia,2024-02-09,true
natalia00@example.net,El enviado,2025-10-27,true
natalia00@example.net,Sin identidad,2026-03-15,false
natalia00@example.net,Sombra y luz,2026-03-18,true
natalia00@example.net,La segunda oportunidad,2024-02-12,true
natalia00@example.net,El testamento,2025-05-09,false
natalia00@example.net,La conspiración,2025-05-06,false
natalia00@example.net,La herida abierta,2025-05-27,true
natalia00@example.net,El observador,2026-03-31,true
sara45@example.net,La trampa,2025-05-27,true
sara45@example.net,La voz del silencio,2025-02-02,false
sara45@example.net,La zona roja,2023-07-25,true
sara45@example.net,El ultimo comando,2024-09-03,true
sara45@example.net,Fuera de control,2025-03-31,false
sara45@example.net,Sin salida aparente,2023-10-31,true
sara45@example.net,Sin piedad ni gloria,2025-08-22,true
sara45@example.net,Golpe mortal,2023-11-08,false
sara45@example.net,El juego mortal,2023-10-01,false
sara45@example.net,El tercer ojo,2024-04-16,true
sara45@example.net,Origen,2023-12-07,true
sara45@example.net,Sin limite,2025-04-28,false
sara45@example.net,Codigo rojo,2024-06-03,true
sara45@example.net,La conspiración,2023-08-20,true
sara45@example.net,El despertador,2023-08-04,true
sara45@example.net,Sin nombre,2023-05-14,false
sara45@example.net,Sangre fria,2024-03-19,false
sara45@example.net,Furia imparable,2024-04-30,true
angela28@example.com,La verdad oculta,2025-12-26,false
angela28@example.com,Origen,2024-08-08,false
angela28@example.com,Punto critico,2024-11-15,false
angela28@example.com,Impacto,2023-09-21,false
angela28@example.com,La alianza,2024-12-30,false
angela28@example.com,El observador,2024-01-03,false
angela28@example.com,El riesgo calculado,2025-04-26,false
angela28@example.com,Instinto,2025-03-27,false
angela28@example.com,Furia imparable,2023-07-13,true
angela28@example.com,La noche infinita,2025-01-09,false
angela28@example.com,La espiral,2025-10-23,false
angela28@example.com,El ultimo comando,2026-04-16,false
angela28@example.com,La frontera,2026-01-31,true
angela28@example.com,Implosion,2025-11-15,true
angela28@example.com,El ultimo grito,2023-05-22,true
uriasalfonso@example.org,La venganza,2023-08-14,false
uriasalfonso@example.org,Luz y oscuridad,2024-10-04,false
uriasalfonso@example.org,Territorio enemigo,2023-04-28,true
uriasalfonso@example.org,Tiempo prestado,2024-08-31,false
uriasalfonso@example.org,Sin tregua,2023-04-24,true
uriasalfonso@example.org,Torbellino,2024-09-14,false
uriasalfonso@example.org,Sin cuartel,2024-06-28,false
uriasalfonso@example.org,La venganza perfecta,2024-08-09,false
uriasalfonso@example.org,El ultimo grito,2023-06-15,false
uriasalfonso@example.org,Fragmentos,2024-09-01,true
uriasalfonso@example.org,La trampa final,2024-12-08,false
uriasalfonso@example.org,Desolacion,2025-08-11,true
uriasalfonso@example.org,Sin salida aparente,2023-08-30,false
uriasalfonso@example.org,Colisión de mundos,2025-03-28,true
uriasalfonso@example.org,La isla perdida,2024-08-07,false
uriasalfonso@example.org,Sin escape,2024-04-02,true
davidbanuelos@example.org,Insurreccion,2023-08-06,true
davidbanuelos@example.org,Sin retorno,2025-11-25,true
davidbanuelos@example.org,La zona roja,2024-10-01,true
davidbanuelos@example.org,El codigo olvidado,2023-07-30,true
davidbanuelos@example.org,El precio del poder,2024-01-13,false
davidbanuelos@example.org,Zona de guerra,2024-02-17,false
davidbanuelos@example.org,La maldicion,2025-05-06,true
davidbanuelos@example.org,Sin fronteras,2025-12-20,false
davidbanuelos@example.org,La redencion,2025-03-19,false
davidbanuelos@example.org,La oscuridad eterna,2023-12-16,true
davidbanuelos@example.org,Sombra y luz,2024-09-12,true
davidbanuelos@example.org,La caja de pandora,2025-02-08,false
davidbanuelos@example.org,Instinto,2025-10-29,false
davidbanuelos@example.org,Abismo,2024-08-04,true
evazquez@example.net,La espiral,2025-07-16,false
evazquez@example.net,El proyecto secreto,2024-02-29,true
evazquez@example.net,Implosion,2024-03-16,true
evazquez@example.net,Voces en la oscuridad,2023-06-03,false
evazquez@example.net,Colapso,2025-02-27,false
evazquez@example.net,Instinto,2024-12-09,false
evazquez@example.net,La cadena rota,2024-12-03,false
evazquez@example.net,Mas alla del horizonte,2023-09-04,true
evazquez@example.net,Zona de peligro,2024-06-19,false
evazquez@example.net,Insurreccion,2024-09-18,false
zamudiocristian@example.net,Tiempo prestado,2024-11-15,true
zamudiocristian@example.net,La segunda oportunidad,2025-01-01,false
zamudiocristian@example.net,Sin retorno,2023-05-04,false
zamudiocristian@example.net,La tormenta perfecta,2025-06-03,true
zamudiocristian@example.net,El mensajero,2026-01-01,true
zamudiocristian@example.net,El cazador de almas,2025-04-22,true
zamudiocristian@example.net,La marca del diablo,2025-03-17,true
zamudiocristian@example.net,Sin escape,2026-04-11,true
zamudiocristian@example.net,Combustion,2023-07-10,true
zamudiocristian@example.net,El abismo oscuro,2024-02-10,false
zamudiocristian@example.net,El silencio roto,2025-03-19,false
zamudiocristian@example.net,Implosion,2024-09-22,false
zamudiocristian@example.net,El cruce,2024-11-16,true
zamudiocristian@example.net,La cadena rota,2024-05-16,true
zamudiocristian@example.net,El ultimo paso,2024-12-14,false
zamudiocristian@example.net,La ultima batalla,2025-04-27,false
irizarryesther@example.com,La caida,2025-03-20,true
irizarryesther@example.com,El cazador de almas,2023-12-19,false
irizarryesther@example.com,El testigo silencioso,2024-07-07,false
irizarryesther@example.com,El riesgo calculado,2025-05-28,false
irizarryesther@example.com,Caos total,2025-08-04,false
irizarryesther@example.com,La fuerza interior,2025-12-21,false
irizarryesther@example.com,Impacto,2024-12-11,false
palaciospatricia@example.net,El cazador de almas,2024-04-08,false
palaciospatricia@example.net,La verdad prohibida,2024-01-28,false
palaciospatricia@example.net,La noche infinita,2024-04-11,false
palaciospatricia@example.net,Desolacion,2024-02-09,false
palaciospatricia@example.net,Punto de no retorno,2023-07-04,false
alonsoolivares@example.org,Fuera de control,2025-11-17,true
alonsoolivares@example.org,Colision,2023-08-08,true
alonsoolivares@example.org,Punto critico,2024-03-08,true
alonsoolivares@example.org,Tiempo prestado,2026-04-18,false
alonsoolivares@example.org,Fuga imposible,2024-06-12,false
alonsoolivares@example.org,La ultima esperanza,2024-02-23,false
alonsoolivares@example.org,Sin cuartel,2025-10-01,false
alonsoolivares@example.org,Sin identidad,2023-06-11,true
alonsoolivares@example.org,Territorio enemigo,2025-04-09,true
alonsoolivares@example.org,El doble juego,2025-01-27,true
alonsoolivares@example.org,La verdad oculta,2025-08-30,true
leonelzaragoza@example.net,La ultima oportunidad,2024-04-03,true
leonelzaragoza@example.net,Sangre fria,2025-09-14,false
leonelzaragoza@example.net,Origen,2025-06-15,true
leonelzaragoza@example.net,El horizonte perdido,2023-07-27,false
leonelzaragoza@example.net,La sombra del pasado,2024-05-11,true
leonelzaragoza@example.net,El oraculo,2025-02-26,true
leonelzaragoza@example.net,El observador,2024-12-23,false
leonelzaragoza@example.net,Evasion total,2026-02-09,true
leonelzaragoza@example.net,El testigo silencioso,2023-08-14,true
leonelzaragoza@example.net,La fuerza del destino,2024-06-10,false
leonelzaragoza@example.net,La señal perdida,2024-03-01,true
mateocaridad@example.org,La segunda oportunidad,2023-07-07,true
mateocaridad@example.org,Fractura,2024-02-29,true
mateocaridad@example.org,El proyecto secreto,2024-06-07,true
mateocaridad@example.org,El vigilante,2024-05-21,true
mateocaridad@example.org,Doble identidad,2023-08-31,false
mateocaridad@example.org,En el limite,2026-01-05,false
furena@example.com,Detonacion,2025-06-22,false
furena@example.com,El maestro del engano,2023-05-28,true
furena@example.com,Impacto,2026-02-26,false
furena@example.com,La herencia maldita,2025-07-03,false
furena@example.com,El ultimo grito,2025-05-07,false
furena@example.com,El riesgo calculado,2024-11-05,true
furena@example.com,Golpe mortal,2025-01-25,false
furena@example.com,El codigo olvidado,2024-10-19,false
furena@example.com,El despertar,2023-07-16,false
furena@example.com,Sin memoria,2025-06-23,false
furena@example.com,El despertador,2026-03-01,true
furena@example.com,La noche sin fin,2024-05-22,false
furena@example.com,La segunda oportunidad,2025-12-08,false
furena@example.com,El precio de la verdad,2024-10-14,false
furena@example.com,El ultimo viaje,2024-09-28,false
furena@example.com,La batalla final,2025-01-09,false
furena@example.com,La marca del diablo,2025-04-11,true
furena@example.com,La verdad prohibida,2025-01-28,false
matiaszacarias@example.net,Colisión de mundos,2023-05-01,true
matiaszacarias@example.net,La cadena rota,2025-07-13,true
matiaszacarias@example.net,La guerra fria,2024-01-14,false
matiaszacarias@example.net,La red de mentiras,2023-07-27,true
matiaszacarias@example.net,Impacto final,2024-10-24,true
matiaszacarias@example.net,El vigilante,2025-02-11,true
matiaszacarias@example.net,Sin tregua,2023-11-22,false
matiaszacarias@example.net,Sin fronteras,2025-05-08,false
matiaszacarias@example.net,La ultima esperanza,2023-07-25,false
matiaszacarias@example.net,Zona de guerra,2025-12-05,false
matiaszacarias@example.net,El infierno verde,2026-01-08,false
matiaszacarias@example.net,El mensajero,2026-03-24,true
matiaszacarias@example.net,El oraculo,2024-10-04,false
matiaszacarias@example.net,El laberinto,2023-07-14,true
matiaszacarias@example.net,Abismo,2024-12-26,false
matiaszacarias@example.net,El infiltrado,2023-05-24,true
matiaszacarias@example.net,El cazador solitario,2024-11-11,true
matiaszacarias@example.net,Desolacion,2024-12-31,true
matiaszacarias@example.net,El ultimo testigo,2024-09-18,true
montoyajulio@example.com,Sombras del pasado,2023-12-12,true
montoyajulio@example.com,Entre dos mundos,2024-12-01,false
montoyajulio@example.com,Bajo cero,2025-06-21,false
montoyajulio@example.com,Insurreccion,2025-03-07,false
montoyajulio@example.com,Sin salida aparente,2025-12-18,false
montoyajulio@example.com,En el limite,2023-06-05,false
montoyajulio@example.com,Fuera de control,2026-01-06,true
montoyajulio@example.com,El ultimo testigo,2024-10-20,false
montoyajulio@example.com,Caos total,2024-07-06,false
montoyajulio@example.com,La verdad oculta,2024-02-01,true
montoyajulio@example.com,La trampa,2025-08-24,false
montoyajulio@example.com,El guerrero,2024-08-08,false
montoyajulio@example.com,El error fatal,2025-09-19,false
montoyajulio@example.com,Sin identidad,2025-07-26,false
montoyajulio@example.com,El regreso del mal,2025-11-02,true
montoyajulio@example.com,El horizonte perdido,2026-01-29,true
montoyajulio@example.com,La alianza,2026-02-10,true
montoyajulio@example.com,La persecucion,2024-07-20,true
montoyajulio@example.com,Sin piedad ni gloria,2023-06-19,false
montoyajulio@example.com,Impacto final,2025-12-29,true
rociobotello@example.org,La zona roja,2025-01-19,false
rociobotello@example.org,Impacto,2023-08-29,true
rociobotello@example.org,El error fatal,2025-07-30,false
rociobotello@example.org,El peso del silencio,2024-04-03,false
rociobotello@example.org,Punto critico,2026-02-13,false
rociobotello@example.org,La redencion,2023-06-08,true
rociobotello@example.org,El ultimo viaje,2026-01-13,true
rociobotello@example.org,Zona prohibida,2024-09-05,true
rociobotello@example.org,La ultima frontera,2025-03-31,true
rociobotello@example.org,El despertar,2024-01-14,true
rociobotello@example.org,El despertador,2026-03-23,false
rociobotello@example.org,La sombra del mal,2024-05-14,true
rociobotello@example.org,El ultimo comando,2023-05-06,true
rociobotello@example.org,El riesgo calculado,2026-01-29,true
rociobotello@example.org,La amenaza,2025-07-08,false
rociobotello@example.org,Sin nombre,2025-07-16,false
xgalindo@example.net,La fuerza interior,2026-02-14,true
xgalindo@example.net,Territorio enemigo,2025-06-28,false
xgalindo@example.net,Cero absoluto,2024-11-24,true
xgalindo@example.net,La frontera,2023-05-11,false
xgalindo@example.net,Sin retorno,2025-02-10,false
xgalindo@example.net,El vacio,2025-07-10,false
xgalindo@example.net,Impacto final,2024-01-07,true
xgalindo@example.net,La ultima frontera,2025-06-11,true
xgalindo@example.net,El monstruo interior,2023-05-21,true
jose54@example.org,La conspiración,2026-04-04,true
jose54@example.org,El cazador de almas,2023-08-27,false
jose54@example.org,El cruce,2025-10-27,false
jose54@example.org,La fuerza del destino,2023-11-26,true
jose54@example.org,La fuga,2023-09-29,false
jose54@example.org,La oscuridad interior,2024-12-22,false
jose54@example.org,El poder oculto,2025-10-15,true
jose54@example.org,Insurreccion,2026-04-16,false
jose54@example.org,El guerrero,2024-08-11,false
jose54@example.org,Sin memoria,2024-07-30,false
jose54@example.org,La fuerza del mal,2023-06-30,true
jose54@example.org,Furia imparable,2024-02-04,true
jose54@example.org,La espiral,2025-02-14,false
jose54@example.org,Impacto,2026-02-15,false
jose54@example.org,La persecucion,2023-08-17,false
jose54@example.org,Impacto final,2024-09-10,true
jose54@example.org,La alianza,2025-11-11,true
jose54@example.org,Sin nombre,2026-02-05,false
porellana@example.org,El cazador,2025-04-28,false
porellana@example.org,El destino marcado,2023-08-26,true
porellana@example.org,La trampa,2026-01-22,true
porellana@example.org,Tormenta interior,2024-07-13,true
porellana@example.org,La ultima oportunidad,2025-09-21,true
porellana@example.org,Renacimiento,2024-03-16,true
porellana@example.org,El laberinto,2023-09-26,true
porellana@example.org,La decision,2024-07-13,true
porellana@example.org,Sin salida aparente,2025-01-16,true
abelardoalcala@example.com,Doble identidad,2024-08-31,true
abelardoalcala@example.com,El ultimo heroe,2025-02-21,false
abelardoalcala@example.com,La fuerza interior,2025-09-04,true
abelardoalcala@example.com,Luz y oscuridad,2023-10-10,false
abelardoalcala@example.com,Oscuridad total,2024-12-08,false
abelardoalcala@example.com,El riesgo calculado,2023-07-22,false
abelardoalcala@example.com,La herencia maldita,2025-08-09,true
abelardoalcala@example.com,Fuga imposible,2025-09-09,false
abelardoalcala@example.com,El umbral,2024-12-19,true
abelardoalcala@example.com,El proyecto secreto,2025-10-23,true
abelardoalcala@example.com,El ultimo recurso,2024-08-25,true
abelardoalcala@example.com,La red,2023-08-12,true
abelardoalcala@example.com,Tormenta interior,2023-05-17,true
gavalos@example.org,La mente oscura,2024-04-09,false
gavalos@example.org,La ultima frontera,2023-07-28,true
gavalos@example.org,El destino marcado,2024-08-15,true
gavalos@example.org,Colision,2025-10-12,true
gavalos@example.org,Mas alla del horizonte,2025-03-30,true
gavalos@example.org,El enviado,2025-10-30,false
gavalos@example.org,El punto final,2024-06-19,true
gavalos@example.org,El precio de la gloria,2025-03-31,false
gavalos@example.org,Zona de guerra,2023-10-08,true
gavalos@example.org,Sin identidad conocida,2025-12-31,true
gavalos@example.org,Fuga imposible,2025-07-10,false
gavalos@example.org,La caida,2024-01-23,true
gavalos@example.org,Fractura,2025-11-23,false
gavalos@example.org,Sin piedad ni gloria,2024-06-07,false
tomasmarin@example.org,La noche infinita,2026-02-07,false
tomasmarin@example.org,Tormenta interior,2025-05-26,false
tomasmarin@example.org,El mundo al reves,2025-07-23,true
tomasmarin@example.org,Colapso,2024-05-02,true
tomasmarin@example.org,El laberinto,2023-06-12,false
tomasmarin@example.org,La red de mentiras,2023-10-03,false
tomasmarin@example.org,Fragmentos,2024-08-26,true
tomasmarin@example.org,El ultimo grito,2025-04-21,false
inesportillo@example.org,El elegido,2025-12-10,false
inesportillo@example.org,Caos total,2024-11-17,false
inesportillo@example.org,El ultimo acto,2024-04-27,false
inesportillo@example.org,Fragmentos,2025-03-20,false
inesportillo@example.org,Renacimiento,2023-06-20,true
inesportillo@example.org,La bestia,2025-10-23,false
inesportillo@example.org,La ultima esperanza,2025-04-29,false
inesportillo@example.org,Punto de no retorno,2024-08-20,true
inesportillo@example.org,La trampa final,2024-04-21,true
inesportillo@example.org,Instinto,2024-11-25,true
inesportillo@example.org,El camino perdido,2025-06-16,false
inesportillo@example.org,El ultimo susurro,2025-07-25,true
inesportillo@example.org,Sin piedad ni gloria,2023-07-14,false
inesportillo@example.org,Sin retorno,2024-04-27,false
inesportillo@example.org,El codigo negro,2023-07-19,true
inesportillo@example.org,El cazador,2023-10-09,true
monicadel-valle@example.com,El umbral,2024-10-08,false
monicadel-valle@example.com,Punto critico,2023-08-06,false
monicadel-valle@example.com,Sin fronteras,2023-06-26,false
monicadel-valle@example.com,La trampa,2025-07-25,false
monicadel-valle@example.com,El precio de la gloria,2023-06-07,false
monicadel-valle@example.com,Sin piedad ni gloria,2024-10-18,true
monicadel-valle@example.com,La red de mentiras,2024-12-08,true
monicadel-valle@example.com,El ultimo comando,2025-03-09,false
laura55@example.net,Zona de peligro,2024-06-23,false
laura55@example.net,El testamento,2026-03-05,true
laura55@example.net,Sombra y luz,2026-02-06,true
laura55@example.net,Fragmentos,2025-08-01,true
laura55@example.net,La rueda del destino,2023-12-14,false
laura55@example.net,Fuga imposible,2025-12-05,false
laura55@example.net,Codigo rojo,2023-08-07,false
laura55@example.net,Derrumbe,2024-06-08,true
laura55@example.net,El cazador de almas,2023-04-26,true
rodriquezmartha@example.com,El espiritu guerrero,2024-12-14,false
rodriquezmartha@example.com,Sin fronteras,2025-09-25,true
rodriquezmartha@example.com,El vigilante,2025-06-15,true
rodriquezmartha@example.com,Sin identidad,2025-01-05,false
rodriquezmartha@example.com,Codigo rojo,2025-01-06,true
rodriquezmartha@example.com,El maestro del engano,2024-02-24,false
rodriquezmartha@example.com,Punto sin retorno,2025-11-18,true
rodriquezmartha@example.com,El codigo olvidado,2025-01-20,true
rodriquezmartha@example.com,Abismo,2023-10-31,true
rodriquezmartha@example.com,El vacio,2024-09-25,false
rodriquezmartha@example.com,El secreto del lago,2023-09-06,false
rodriquezmartha@example.com,Zona prohibida,2025-02-09,true
rodriquezmartha@example.com,Entre dos mundos,2026-04-05,true
rodriquezmartha@example.com,La noche de los lobos,2024-01-12,false
zvalles@example.org,El mensajero,2023-08-04,false
zvalles@example.org,La rueda del destino,2024-11-24,true
zvalles@example.org,La voz del silencio,2025-05-30,true
zvalles@example.org,El ladrón de sueños,2024-01-14,true
zvalles@example.org,El silencio roto,2024-10-15,true
zvalles@example.org,El riesgo calculado,2023-04-28,true
zvalles@example.org,La segunda oportunidad,2023-11-09,false
zvalles@example.org,La gran aventura,2024-12-01,false
zvalles@example.org,El horizonte perdido,2023-10-11,false
zvalles@example.org,El testigo silencioso,2024-11-04,false
zvalles@example.org,Conexion fatal,2024-06-17,false
zvalles@example.org,Sueños rotos,2024-05-20,true
zvalles@example.org,La red,2024-05-01,false
cynthiahidalgo@example.net,La ultima batalla,2025-06-26,false
cynthiahidalgo@example.net,El ultimo comando,2025-11-20,false
cynthiahidalgo@example.net,La voz del silencio,2024-09-20,true
cynthiahidalgo@example.net,El juego mortal,2023-10-17,true
cynthiahidalgo@example.net,Impacto final,2025-03-16,false
cynthiahidalgo@example.net,La red,2025-02-25,true
cynthiahidalgo@example.net,La batalla final,2025-04-23,true
cynthiahidalgo@example.net,La profecia,2023-05-01,false
cynthiahidalgo@example.net,Fractura,2023-05-06,true
cynthiahidalgo@example.net,El cazador,2025-11-10,true
cynthiahidalgo@example.net,Tormenta de fuego,2023-09-07,false
cynthiahidalgo@example.net,La marca del diablo,2025-07-16,false
cynthiahidalgo@example.net,La fuerza del destino,2023-09-28,true
cynthiahidalgo@example.net,La trampa mortal,2023-05-18,true
cynthiahidalgo@example.net,La venganza,2026-04-11,false
cynthiahidalgo@example.net,El vacio,2023-04-29,false
cynthiahidalgo@example.net,El horizonte perdido,2024-11-29,false
cynthiahidalgo@example.net,Mas alla del horizonte,2026-02-03,false
marisela97@example.net,La red,2026-02-01,true
marisela97@example.net,El umbral,2026-03-21,false
marisela97@example.net,El ultimo viaje,2024-06-17,true
marisela97@example.net,Derrumbe,2025-09-05,true
marisela97@example.net,El testigo silencioso,2023-08-27,true
marisela97@example.net,La alianza,2026-02-28,false
marisela97@example.net,La ultima frontera,2023-10-12,false
marisela97@example.net,El punto de quiebre,2024-08-27,true
marisela97@example.net,El secreto del lago,2024-01-28,true
marisela97@example.net,Sueños rotos,2023-09-02,false
marisela97@example.net,La rueda del destino,2024-10-11,false
marisela97@example.net,Zona prohibida,2023-12-16,false
carvajalarcelia@example.net,La trampa final,2024-07-09,false
carvajalarcelia@example.net,La conexion,2025-12-07,false
carvajalarcelia@example.net,La sombra del pasado,2024-10-05,true
carvajalarcelia@example.net,El ultimo acto,2025-06-16,false
carvajalarcelia@example.net,Impacto final,2023-08-09,true
carvajalarcelia@example.net,El secreto del lago,2025-07-23,false
carvajalarcelia@example.net,La caida libre,2023-11-12,true
carvajalarcelia@example.net,La conspiración,2025-03-11,false
oterozoe@example.com,El legado,2024-09-03,false
oterozoe@example.com,Territorio enemigo,2024-08-11,true
oterozoe@example.com,El monstruo interior,2025-07-30,true
oterozoe@example.com,En el limite,2026-03-29,false
oterozoe@example.com,Colisión de mundos,2024-05-25,true
ana-luisa90@example.net,La fuerza del destino,2024-08-27,false
ana-luisa90@example.net,La segunda oportunidad,2025-01-09,false
ana-luisa90@example.net,El ultimo susurro,2026-04-15,true
ana-luisa90@example.net,La guerra fria,2024-03-24,true
ana-luisa90@example.net,Sombras del pasado,2025-06-28,false
ana-luisa90@example.net,Territorio enemigo,2024-04-23,true
ana-luisa90@example.net,El despertar,2025-07-30,false
ana-luisa90@example.net,El laberinto,2025-06-19,false
ana-luisa90@example.net,La isla perdida,2023-08-07,true
ana-luisa90@example.net,Mas fuerte que el destino,2024-01-05,true
ana-luisa90@example.net,El elegido,2024-12-13,true
ana-luisa90@example.net,El peso del silencio,2023-12-09,false
ana-luisa90@example.net,Sin tregua,2024-08-10,false
ana-luisa90@example.net,Origen,2023-09-27,true
ana-luisa90@example.net,El regreso del mal,2023-10-14,true
ana-luisa90@example.net,Fuera de control,2026-02-25,true
emilianovillalpando@example.net,La oscuridad eterna,2023-12-16,false
emilianovillalpando@example.net,Oscuridad total,2023-07-11,true
emilianovillalpando@example.net,El elegido,2023-09-08,false
emilianovillalpando@example.net,Torbellino,2023-10-08,false
emilianovillalpando@example.net,El vacio,2024-06-28,true
lorta@example.org,La venganza perfecta,2025-09-23,false
lorta@example.org,La tormenta perfecta,2025-08-24,true
lorta@example.org,Tierra de nadie,2026-03-05,false
lorta@example.org,La ultima oportunidad,2024-10-26,true
lorta@example.org,El ultimo paso,2025-07-08,true
lorta@example.org,Sueños rotos,2026-01-29,false
lorta@example.org,La fuerza del mal,2026-01-11,false
marisol57@example.com,La redencion,2023-12-09,false
marisol57@example.com,El punto de quiebre,2025-03-25,false
marisol57@example.com,El mensajero,2023-11-19,false
marisol57@example.com,Sin identidad conocida,2024-06-29,false
marisol57@example.com,La fuerza del destino,2025-04-09,false
marisol57@example.com,La mente oscura,2024-11-07,false
marisol57@example.com,La sombra del pasado,2023-08-23,true
marisol57@example.com,El guardian,2025-09-19,false
marisol57@example.com,El umbral,2025-04-14,false
marisol57@example.com,El ultimo paso,2025-06-08,false
marisol57@example.com,El doble juego,2025-04-23,true
marisol57@example.com,El peso del silencio,2024-06-22,true
juliaquintana@example.org,El regreso,2025-06-04,false
juliaquintana@example.org,La amenaza silenciosa,2025-06-22,true
juliaquintana@example.org,Detonacion,2025-03-05,false
juliaquintana@example.org,La venganza perfecta,2023-10-10,false
juliaquintana@example.org,Impacto,2023-09-04,false
juliaquintana@example.org,La trampa,2024-07-19,true
juliaquintana@example.org,Sin escape,2024-04-18,true
juliaquintana@example.org,El laberinto,2024-08-22,true
juliaquintana@example.org,Fragmentos,2023-05-31,true
juliaquintana@example.org,El testamento,2023-09-15,false
juliaquintana@example.org,Zona prohibida,2025-09-22,false
juliaquintana@example.org,Origen,2025-06-08,false
juliaquintana@example.org,El tiempo se acaba,2024-09-14,true
juliaquintana@example.org,Sin salida,2025-07-07,true
juliaquintana@example.org,Oscuridad total,2023-12-23,true
juliaquintana@example.org,La ultima frontera,2023-06-17,false
juliaquintana@example.org,El vacio,2025-04-24,false
juliaquintana@example.org,La herida abierta,2025-10-24,false
molinarolando@example.com,La fuga,2026-01-16,false
molinarolando@example.com,La verdad prohibida,2024-10-02,true
molinarolando@example.com,La isla perdida,2026-01-30,false
molinarolando@example.com,La gran aventura,2024-03-31,true
molinarolando@example.com,Territorio enemigo,2023-12-20,false
molinarolando@example.com,Mas alla del bien,2026-01-03,true
molinarolando@example.com,La herencia maldita,2025-03-07,true
molinarolando@example.com,El secreto del lago,2024-05-10,false
molinarolando@example.com,Bajo cero,2025-03-27,true
molinarolando@example.com,El espejo oscuro,2023-12-12,true
rosariomontalvo@example.net,El eco del pasado,2023-08-22,false
rosariomontalvo@example.net,La clave perdida,2025-06-03,false
rosariomontalvo@example.net,Cero absoluto,2025-10-20,false
rosariomontalvo@example.net,La zona roja,2025-06-30,false
rosariomontalvo@example.net,Tierra de nadie,2025-04-24,false
rosariomontalvo@example.net,Sin tregua,2025-04-14,true
rosariomontalvo@example.net,Tormenta interior,2025-09-17,false
rosariomontalvo@example.net,Mas alla del bien,2024-01-14,true
rosariomontalvo@example.net,La venganza perfecta,2025-07-02,true
andreaalfaro@example.org,Fuga imposible,2024-10-01,true
andreaalfaro@example.org,La herencia maldita,2026-01-31,true
andreaalfaro@example.org,El espejo roto,2023-10-27,true
andreaalfaro@example.org,El camino perdido,2023-05-21,false
andreaalfaro@example.org,Bajo cero,2023-10-04,false
andreaalfaro@example.org,El testamento,2025-03-26,false
andreaalfaro@example.org,Fuera de control,2024-07-28,false
andreaalfaro@example.org,La red,2024-07-13,false
andreaalfaro@example.org,El mundo al reves,2025-12-20,true
andreaalfaro@example.org,La noche de los lobos,2024-02-21,true
andreaalfaro@example.org,Zona prohibida,2023-06-08,true
andreaalfaro@example.org,Sombras del pasado,2025-05-29,true
andreaalfaro@example.org,El eco del pasado,2023-08-27,false
andreaalfaro@example.org,Zona de peligro,2024-12-02,true
andreaalfaro@example.org,El ultimo acto,2026-02-15,false
andreaalfaro@example.org,El maestro del engano,2024-06-06,false
andreaalfaro@example.org,Sin rastro,2024-09-14,true
andreaalfaro@example.org,La fuerza del destino,2024-03-17,true
patricio56@example.com,Insurreccion,2026-03-10,true
patricio56@example.com,La persecucion,2023-06-22,true
patricio56@example.com,El testamento,2024-09-08,true
patricio56@example.com,El guardian,2024-11-25,false
patricio56@example.com,Sin cuartel,2026-01-16,false
patricio56@example.com,El juego mortal,2023-11-15,false
patricio56@example.com,Sombra y luz,2024-10-31,true
patricio56@example.com,La tela de araña,2024-05-17,true
patricio56@example.com,Zona prohibida,2024-06-01,true
patricio56@example.com,La rueda del destino,2024-01-14,false
patricio56@example.com,Codigo rojo,2025-05-27,true
patricio56@example.com,El ultimo viaje,2025-09-07,true
patricio56@example.com,Colisión de mundos,2025-01-10,false
patricio56@example.com,La bestia,2026-03-31,false
patricio56@example.com,El eco del pasado,2023-11-18,false
patricio56@example.com,Fuera de control,2023-06-11,false
saucedajorge-luis@example.org,El elegido,2024-05-02,true
saucedajorge-luis@example.org,El doble juego,2025-02-17,true
saucedajorge-luis@example.org,La pesadilla,2025-03-21,true
saucedajorge-luis@example.org,Sueños rotos,2025-10-29,true
saucedajorge-luis@example.org,Colision,2026-02-03,true
saucedajorge-luis@example.org,El destino marcado,2024-09-07,false
saucedajorge-luis@example.org,Fractura,2023-05-17,true
saucedajorge-luis@example.org,Mas fuerte que el destino,2026-03-08,false
saucedajorge-luis@example.org,Zona de guerra,2025-04-01,false
saucedajorge-luis@example.org,El enviado,2025-08-10,false
saucedajorge-luis@example.org,Punto de no retorno,2024-04-23,true
saucedajorge-luis@example.org,El ultimo acto,2024-12-05,false
saucedajorge-luis@example.org,El monstruo interior,2025-05-03,false
saucedajorge-luis@example.org,La zona roja,2024-04-10,true
saucedajorge-luis@example.org,El vigilante,2025-08-01,true
saucedajorge-luis@example.org,La noche infinita,2023-08-12,true
saucedajorge-luis@example.org,La ultima oportunidad,2025-08-07,true
saucedajorge-luis@example.org,La guerra fria,2024-01-23,true
saucedajorge-luis@example.org,El guerrero,2024-08-31,true
saucedajorge-luis@example.org,El ultimo viaje,2024-10-14,true
maria-del-carmenulloa@example.net,Doble identidad,2023-11-22,true
maria-del-carmenulloa@example.net,La profecia,2023-06-03,false
maria-del-carmenulloa@example.net,Sin limite,2025-09-14,true
maria-del-carmenulloa@example.net,El mensajero,2025-09-14,false
maria-del-carmenulloa@example.net,La voz del silencio,2025-02-05,false
maria-del-carmenulloa@example.net,La ultima frontera,2025-04-25,true
sduran@example.com,La caida,2025-08-31,false
sduran@example.com,El espejo roto,2025-10-07,false
sduran@example.com,La conexion,2023-11-03,false
sduran@example.com,El despertar,2025-12-07,false
sduran@example.com,El testigo silencioso,2024-07-19,true
sduran@example.com,El legado,2025-05-06,true
sduran@example.com,Insurreccion,2024-01-06,false
sduran@example.com,El error fatal,2023-11-01,false
sduran@example.com,El mensajero,2023-07-01,false
mvela@example.org,La tormenta perfecta,2025-09-25,true
mvela@example.org,El ultimo acto,2025-07-31,false
mvela@example.org,Sin salida aparente,2025-06-13,true
mvela@example.org,Torbellino,2024-06-30,true
mvela@example.org,Derrumbe,2024-07-10,false
mvela@example.org,La cadena rota,2023-11-26,true
mvela@example.org,La pesadilla,2025-04-16,true
mvela@example.org,La segunda oportunidad,2025-04-11,true
mvela@example.org,El destino marcado,2025-05-29,false
mvela@example.org,El observador,2023-11-06,false
mvela@example.org,La frontera,2024-10-27,false
mvela@example.org,El ultimo comando,2026-01-05,false
mvela@example.org,La red de mentiras,2024-07-25,true
mvela@example.org,Tierra de nadie,2024-10-18,true
ymerino@example.org,Fuera de control,2025-07-18,true
ymerino@example.org,El ultimo comando,2024-09-14,false
ymerino@example.org,El testigo silencioso,2023-09-05,true
ymerino@example.org,El testamento,2025-08-08,false
ymerino@example.org,El codigo olvidado,2023-08-21,false
ymerino@example.org,La amenaza,2024-03-15,false
ymerino@example.org,La amenaza silenciosa,2024-06-24,true
ymerino@example.org,El despertador,2025-07-15,true
ymerino@example.org,Sueños rotos,2025-10-06,true
ymerino@example.org,El ultimo recurso,2023-06-01,false
ymerino@example.org,La fuerza del destino,2023-10-17,true
ymerino@example.org,La conspiración,2025-09-30,false
ymerino@example.org,El guerrero,2023-12-22,false
ymerino@example.org,Luz y oscuridad,2025-08-28,false
ymerino@example.org,La espiral,2024-07-29,false
ymerino@example.org,El maestro del engano,2023-05-17,true
ymerino@example.org,La tormenta perfecta,2023-09-16,false
ymerino@example.org,El ultimo viaje,2024-08-29,true
ymerino@example.org,Impacto final,2024-04-27,true
nadia94@example.net,El laberinto,2023-04-28,false
nadia94@example.net,La amenaza,2025-01-02,true
nadia94@example.net,Colision,2026-03-26,true
nadia94@example.net,Tiempo prestado,2026-04-13,true
nadia94@example.net,Sangre fria,2023-11-30,false
nadia94@example.net,El tiempo se acaba,2024-01-12,false
nadia94@example.net,El cazador de almas,2023-10-28,false
nadia94@example.net,El infierno verde,2023-08-21,false
nadia94@example.net,Luz y oscuridad,2025-09-28,false
nadia94@example.net,El espiritu guerrero,2024-01-25,true
nadia94@example.net,La batalla final,2025-01-04,true
nadia94@example.net,Zona de guerra,2024-07-18,true
tcarvajal@example.org,La mente oscura,2025-09-11,false
tcarvajal@example.org,El tiempo se acaba,2026-02-12,false
tcarvajal@example.org,El oraculo,2023-07-24,false
tcarvajal@example.org,Entre dos mundos,2024-12-14,false
tcarvajal@example.org,Oscuridad total,2024-10-20,false
tcarvajal@example.org,El precio de la verdad,2023-09-09,true
marianaquezada@example.net,Tierra de nadie,2025-03-18,false
marianaquezada@example.net,El ultimo recurso,2023-11-14,true
marianaquezada@example.net,Codigo rojo,2024-09-19,false
marianaquezada@example.net,La oscuridad interior,2026-04-07,true
marianaquezada@example.net,La isla perdida,2024-01-15,false
marianaquezada@example.net,Sin limite,2023-08-19,false
marianaquezada@example.net,La frontera,2023-08-19,false
marianaquezada@example.net,La red,2024-11-23,true
marianaquezada@example.net,La amenaza silenciosa,2025-02-15,true
marianaquezada@example.net,Sin salida aparente,2025-10-20,false
marianaquezada@example.net,Insurreccion,2023-07-27,false
marianaquezada@example.net,Sombra y luz,2024-08-03,true
marianaquezada@example.net,Fuera de control,2024-03-04,false
marianaquezada@example.net,La ultima esperanza,2025-03-03,false
marianaquezada@example.net,El regreso del mal,2025-07-02,false
marianaquezada@example.net,El oraculo,2025-06-09,true
oscar96@example.org,El riesgo calculado,2025-07-29,false
oscar96@example.org,La cadena rota,2023-06-13,false
oscar96@example.org,El ultimo acto,2023-09-02,true
oscar96@example.org,El guerrero,2024-12-30,true
oscar96@example.org,El horizonte perdido,2024-07-22,true
oscar96@example.org,Colapso,2023-11-19,true
oscar96@example.org,Colision,2023-05-17,true
oscar96@example.org,Mas alla del horizonte,2026-02-07,false
oscar96@example.org,La herida abierta,2025-09-27,true
oscar96@example.org,Sin memoria,2024-06-26,false
oscar96@example.org,El precio de la gloria,2026-02-28,true
oscar96@example.org,La señal,2025-02-25,false
oscar96@example.org,La amenaza,2023-09-07,true
oscar96@example.org,Fragmentos,2025-03-25,false
oscar96@example.org,El peso del silencio,2025-12-07,true
oscar96@example.org,La guerra fria,2024-10-18,false
oscar96@example.org,La ultima esperanza,2023-10-22,true
oscar96@example.org,Implosion,2024-03-04,false
oscar96@example.org,La trampa,2025-12-13,false
caridadcampos@example.net,La venganza perfecta,2024-10-08,false
caridadcampos@example.net,Fuera de control,2023-09-13,false
caridadcampos@example.net,Tiempo prestado,2023-06-15,false
caridadcampos@example.net,El prisionero,2025-12-19,false
caridadcampos@example.net,La noche infinita,2024-04-07,false
caridadcampos@example.net,El juego mortal,2025-08-18,true
caridadcampos@example.net,El secreto del lago,2023-11-14,true
caridadcampos@example.net,La redencion,2023-10-15,true
aolvera@example.net,Sin identidad,2025-11-30,true
aolvera@example.net,Implosion,2024-03-21,false
aolvera@example.net,El monstruo interior,2024-12-26,true
aolvera@example.net,La profecia,2023-05-11,true
aolvera@example.net,Bajo cero,2024-02-27,true
aolvera@example.net,El cruce,2024-06-29,true
utrujillo@example.com,La isla perdida,2025-05-20,true
utrujillo@example.com,El testamento,2025-05-27,true
utrujillo@example.com,La decision,2025-06-27,false
utrujillo@example.com,Impacto final,2025-11-15,false
utrujillo@example.com,El guardian eterno,2023-12-14,true
utrujillo@example.com,Punto ciego,2024-08-16,true
utrujillo@example.com,El guerrero,2023-07-09,false
utrujillo@example.com,El ultimo paso,2025-09-08,true
utrujillo@example.com,La mente oscura,2026-02-07,false
tcervantez@example.com,La ultima esperanza,2024-11-04,true
tcervantez@example.com,El regreso del mal,2024-04-10,true
tcervantez@example.com,Tiempo prestado,2025-11-06,true
tcervantez@example.com,Sin memoria,2023-05-09,false
tcervantez@example.com,Fragmentos,2024-04-11,true
eloisa59@example.com,La ultima esperanza,2024-03-10,true
eloisa59@example.com,Sombras del pasado,2026-01-08,false
eloisa59@example.com,Zona de guerra,2024-05-05,false
eloisa59@example.com,El ultimo testigo,2023-05-22,false
eloisa59@example.com,El oraculo,2025-08-13,false
eloisa59@example.com,El ultimo paso,2025-07-30,true
eloisa59@example.com,El infierno verde,2026-02-03,false
eloisa59@example.com,El horizonte perdido,2025-05-04,false
eloisa59@example.com,La gran aventura,2023-04-30,false
eloisa59@example.com,La trampa mortal,2023-05-10,true
eloisa59@example.com,Codigo rojo,2023-12-14,true
eloisa59@example.com,El cazador solitario,2024-12-16,false
eloisa59@example.com,Abismo,2023-12-12,false
eloisa59@example.com,La mente oscura,2025-04-24,false
eloisa59@example.com,El eco del pasado,2023-06-04,false
eloisa59@example.com,Sin fronteras,2024-08-24,false
luis97@example.net,El eco del pasado,2023-11-22,false
luis97@example.net,Caos total,2025-06-21,false
luis97@example.net,La verdad prohibida,2024-01-23,true
luis97@example.net,El secreto del lago,2024-08-14,true
luis97@example.net,El legado,2025-10-17,true
luis97@example.net,El espiritu guerrero,2025-12-03,false
luis97@example.net,La maquina del tiempo,2025-01-04,false
luis97@example.net,El despertar,2025-12-19,false
luis97@example.net,Sin retorno,2024-03-13,true
luis97@example.net,La trampa,2024-07-01,false
luis97@example.net,Derrumbe,2025-03-30,false
luis97@example.net,La batalla final,2025-02-12,false
luis97@example.net,El regreso,2023-11-26,false
luis97@example.net,La espiral,2023-06-03,true
luis97@example.net,La ultima esperanza,2026-03-28,true
luis97@example.net,Territorio enemigo,2025-04-12,true
luis97@example.net,Furia imparable,2025-04-14,true
luis97@example.net,Sin cuartel,2025-10-09,true
luis97@example.net,El regreso del mal,2024-08-09,true
luis97@example.net,Conexion fatal,2023-07-07,false
lebronlucia@example.org,Origen,2025-06-01,false
lebronlucia@example.org,Sin memoria,2025-08-01,true
lebronlucia@example.org,Sin nombre,2025-01-31,false
lebronlucia@example.org,El regreso del mal,2024-05-18,false
lebronlucia@example.org,Sin salida,2024-05-05,false
lebronlucia@example.org,Colision,2023-12-13,true
lebronlucia@example.org,El codigo negro,2023-08-03,true
lebronlucia@example.org,El maestro del engano,2023-07-10,false
lebronlucia@example.org,Sin identidad conocida,2024-02-26,false
lebronlucia@example.org,Punto ciego,2026-03-11,false
lebronlucia@example.org,El secreto del lago,2024-11-09,true
dolorespolanco@example.net,Sin cuartel,2023-12-22,false
dolorespolanco@example.net,La sombra del futuro,2024-01-04,true
dolorespolanco@example.net,El legado,2025-04-24,false
dolorespolanco@example.net,La gran aventura,2023-06-28,false
dolorespolanco@example.net,La verdad prohibida,2025-09-24,true
dolorespolanco@example.net,El poder oculto,2024-05-23,true
dolorespolanco@example.net,Sin fronteras,2024-06-13,true
dolorespolanco@example.net,Insurreccion,2025-09-23,true
dolorespolanco@example.net,Tiempo prestado,2023-05-29,false
dolorespolanco@example.net,Luz y oscuridad,2023-07-22,true
dolorespolanco@example.net,Conexion fatal,2024-09-10,true
dolorespolanco@example.net,El ultimo dia,2023-11-17,true
dolorespolanco@example.net,El doble juego,2025-09-22,true
dolorespolanco@example.net,El precio de la verdad,2024-04-15,true
dolorespolanco@example.net,La tela de araña,2025-06-11,false
serafin35@example.net,La sombra del mal,2023-09-27,true
serafin35@example.net,La venganza perfecta,2025-12-11,true
serafin35@example.net,El juego mortal,2024-10-08,false
serafin35@example.net,El cazador de almas,2025-02-21,true
serafin35@example.net,Zona prohibida,2024-04-18,false
gutierrezcamila@example.com,La sombra del pasado,2023-11-12,true
gutierrezcamila@example.com,Cero absoluto,2025-07-14,true
gutierrezcamila@example.com,Sin nombre,2025-03-30,false
gutierrezcamila@example.com,El despertar,2026-03-20,true
gutierrezcamila@example.com,El cruce,2025-06-26,true
gutierrezcamila@example.com,Fragmentos,2025-09-06,false
grendon@example.net,La ultima batalla,2023-12-25,true
grendon@example.net,El destino marcado,2024-01-15,false
grendon@example.net,La red,2023-11-02,false
grendon@example.net,La trampa,2025-10-23,false
grendon@example.net,Cero absoluto,2025-05-10,true
grendon@example.net,El espejo roto,2023-07-14,true
grendon@example.net,Fuera de control,2023-04-26,true
grendon@example.net,La trampa mortal,2025-08-20,false
grendon@example.net,Golpe mortal,2025-04-29,true
grendon@example.net,El peso del silencio,2025-11-09,true
grendon@example.net,La cadena rota,2025-06-26,true
grendon@example.net,El juego mortal,2024-08-21,true
dzayas@example.org,Sin memoria,2025-03-04,true
dzayas@example.org,El umbral,2025-04-20,false
dzayas@example.org,Golpe mortal,2025-11-30,false
dzayas@example.org,El camino perdido,2023-05-19,false
dzayas@example.org,Sin identidad,2024-07-11,false
dzayas@example.org,Descenso,2024-06-19,false
dzayas@example.org,Origen,2023-07-20,false
dzayas@example.org,Zona de peligro,2025-05-04,true
dzayas@example.org,El cruce,2025-07-05,false
rperez@example.com,La conexion,2023-09-14,false
rperez@example.com,La venganza perfecta,2023-07-26,false
rperez@example.com,Combustion,2024-05-20,false
rperez@example.com,El infierno verde,2024-05-28,true
rperez@example.com,Mas alla del horizonte,2023-08-20,true
rperez@example.com,Zona de guerra,2023-11-27,false
rperez@example.com,Punto ciego,2023-10-30,true
rperez@example.com,Caos total,2023-08-06,true
rperez@example.com,El ultimo dia,2025-10-19,false
rperez@example.com,El secreto del lago,2025-11-08,true
rperez@example.com,La tormenta perfecta,2024-07-19,true
rperez@example.com,El testamento,2024-06-15,false
rperez@example.com,Zona prohibida,2024-05-23,false
rperez@example.com,Tormenta interior,2025-11-14,false
rperez@example.com,La conspiración,2023-05-17,true
rperez@example.com,La frontera,2024-05-08,false
rperez@example.com,Sin piedad ni gloria,2024-04-30,false
rperez@example.com,Tierra de nadie,2023-07-28,false
elsa08@example.net,El punto de quiebre,2025-06-19,true
elsa08@example.net,Sin retorno,2023-04-27,true
elsa08@example.net,La maquina del tiempo,2025-12-15,false
elsa08@example.net,El cruce,2025-04-17,false
elsa08@example.net,Impacto,2024-05-08,false
elsa08@example.net,La conexion,2024-01-02,true
elsa08@example.net,El cazador solitario,2023-10-12,false
adan34@example.com,El precio del poder,2024-10-23,true
adan34@example.com,El peso del silencio,2025-09-14,false
adan34@example.com,La ultima batalla,2023-09-13,true
adan34@example.com,El ultimo recurso,2024-01-10,true
adan34@example.com,El oraculo,2025-04-29,false
adan34@example.com,El ultimo viaje,2025-01-05,true
adan34@example.com,El legado,2024-01-29,false
adan34@example.com,El espejo oscuro,2026-03-25,false
adan34@example.com,Furia imparable,2026-03-28,true
adan34@example.com,El doble juego,2023-06-18,false
adan34@example.com,Zona de peligro,2024-11-03,false
adan34@example.com,Codigo rojo,2026-03-22,false
adan34@example.com,La persecucion,2024-12-20,true
adan34@example.com,El ultimo heroe,2025-09-27,false
adan34@example.com,Sangre fria,2026-02-13,true
adan34@example.com,El regreso,2026-04-04,true
adan34@example.com,Punto sin retorno,2025-02-11,true
adan34@example.com,La zona roja,2025-08-09,false
britojaqueline@example.net,El ultimo comando,2023-06-20,false
britojaqueline@example.net,El laberinto,2025-07-04,false
britojaqueline@example.net,Luz y oscuridad,2023-11-01,false
britojaqueline@example.net,Tierra de nadie,2025-10-19,true
britojaqueline@example.net,Sin identidad conocida,2025-07-24,true
britojaqueline@example.net,Tiempo prestado,2025-07-01,false
britojaqueline@example.net,La ultima esperanza,2026-02-18,true
britojaqueline@example.net,Impacto,2025-09-06,true
britojaqueline@example.net,Sin identidad,2023-10-05,false
britojaqueline@example.net,La voz del silencio,2025-03-14,false
britojaqueline@example.net,La frontera,2023-05-08,false
cresposoledad@example.org,La trampa final,2026-01-17,false
cresposoledad@example.org,Abismo,2024-10-30,false
cresposoledad@example.org,Fractura,2024-07-24,false
cresposoledad@example.org,El enviado,2025-01-12,true
cresposoledad@example.org,El regreso del mal,2024-09-17,true
cresposoledad@example.org,El riesgo calculado,2025-07-14,true
cresposoledad@example.org,Insurreccion,2025-01-25,false
cresposoledad@example.org,Impacto,2024-07-26,false
cresposoledad@example.org,La frontera,2024-04-05,true
cresposoledad@example.org,Zona de guerra,2025-01-07,true
cresposoledad@example.org,Desolacion,2025-08-03,false
cresposoledad@example.org,El precio del poder,2024-07-18,true
benavidezlucas@example.com,El prisionero,2024-02-05,true
benavidezlucas@example.com,Sin limite,2025-12-27,false
benavidezlucas@example.com,El proyecto secreto,2026-01-11,true
benavidezlucas@example.com,El observador,2024-04-26,false
benavidezlucas@example.com,El ultimo susurro,2025-02-04,true
benavidezlucas@example.com,Sin nombre,2024-09-23,false
benavidezlucas@example.com,La verdad prohibida,2025-09-10,false
benavidezlucas@example.com,La profecia,2023-09-22,true
benavidezlucas@example.com,La venganza,2025-10-30,true
benavidezlucas@example.com,Explosion,2025-09-02,false
benavidezlucas@example.com,El vigilante,2024-02-28,false
benavidezlucas@example.com,La bestia,2025-07-29,true
benavidezlucas@example.com,Mas alla del horizonte,2025-10-17,false
benavidezlucas@example.com,Sueños rotos,2024-02-13,true
benavidezlucas@example.com,La mente oscura,2025-03-31,false
benavidezlucas@example.com,La voz del silencio,2023-06-30,false
benavidezlucas@example.com,Fuga imposible,2025-08-20,true
benavidezlucas@example.com,El error fatal,2025-04-18,true
ctorres@example.org,Derrumbe,2024-11-28,false
ctorres@example.org,La red,2024-02-17,false
ctorres@example.org,Fuera de control,2025-02-03,true
ctorres@example.org,La fuga,2023-07-19,false
ctorres@example.org,La zona gris,2024-04-03,false
ctorres@example.org,Punto critico,2026-02-21,false
ctorres@example.org,La batalla final,2025-04-25,false
ctorres@example.org,La rueda del destino,2024-10-31,false
ctorres@example.org,El infierno verde,2023-10-16,false
ctorres@example.org,Colapso,2024-01-20,false
ctorres@example.org,El umbral,2024-09-07,true
ctorres@example.org,El camino perdido,2025-09-25,true
ctorres@example.org,Sangre fria,2023-05-21,true
ctorres@example.org,Cero absoluto,2025-08-22,false
ctorres@example.org,La sombra del pasado,2024-07-21,true
ctorres@example.org,El regreso,2024-10-18,true
ctorres@example.org,El ultimo comando,2025-03-12,true
felipede-la-torre@example.net,La rueda del destino,2025-02-28,false
felipede-la-torre@example.net,Tierra de nadie,2023-11-01,false
felipede-la-torre@example.net,La tormenta perfecta,2025-04-01,true
felipede-la-torre@example.net,La alianza,2024-12-18,true
felipede-la-torre@example.net,La caja de pandora,2023-11-11,false
felipede-la-torre@example.net,El mundo al reves,2025-10-25,true
felipede-la-torre@example.net,Sangre fria,2025-11-17,false
felipede-la-torre@example.net,En el limite,2024-04-22,true
fabiolasoliz@example.net,El proyecto secreto,2023-04-25,false
fabiolasoliz@example.net,Sin tregua,2023-10-04,false
fabiolasoliz@example.net,Sin cuartel,2023-11-18,true
fabiolasoliz@example.net,El umbral,2025-03-16,false
fabiolasoliz@example.net,Punto critico,2024-11-02,true
fabiolasoliz@example.net,Fragmentos,2023-11-11,false
fabiolasoliz@example.net,El espiritu guerrero,2023-08-09,true
fabiolasoliz@example.net,La decision,2025-09-12,true
fabiolasoliz@example.net,El enviado,2024-06-16,true
fabiolasoliz@example.net,La maquina del tiempo,2024-07-17,false
fabiolasoliz@example.net,La herida abierta,2023-06-11,true
fabiolasoliz@example.net,Impacto,2024-06-03,true
fabiolasoliz@example.net,El poder oculto,2025-01-09,false
fabiolasoliz@example.net,Colisión de mundos,2023-10-12,false
fabiolasoliz@example.net,La señal perdida,2025-10-28,false
fabiolasoliz@example.net,La caja de pandora,2025-03-17,true
fabiolasoliz@example.net,Desolacion,2023-07-07,true
colladojos@example.com,Abismo,2025-01-23,true
colladojos@example.com,Impacto,2024-09-10,true
colladojos@example.com,Fractura,2025-08-31,false
colladojos@example.com,Oscuridad total,2025-02-28,true
colladojos@example.com,El elegido,2024-04-29,false
colladojos@example.com,Sin limite,2023-10-17,true
veronica87@example.com,La trampa final,2024-04-30,false
veronica87@example.com,Codigo rojo,2025-09-16,false
veronica87@example.com,La redencion,2023-12-26,true
veronica87@example.com,Sin cuartel,2024-09-27,true
veronica87@example.com,Punto sin retorno,2024-12-11,true
veronica87@example.com,Combustion,2025-10-21,true
veronica87@example.com,La guerra de sombras,2025-05-23,true
veronica87@example.com,Detonacion,2023-12-19,true
veronica87@example.com,Sin identidad,2024-05-26,false
veronica87@example.com,Insurreccion,2023-11-20,true
guillermo66@example.com,La trampa,2025-12-09,false
guillermo66@example.com,Mas alla del horizonte,2025-01-29,true
guillermo66@example.com,La venganza perfecta,2025-04-16,false
guillermo66@example.com,La redencion,2025-03-12,false
guillermo66@example.com,El ultimo dia,2025-03-26,true
ricardo93@example.net,El infierno verde,2023-05-28,true
ricardo93@example.net,El guerrero,2025-09-19,true
ricardo93@example.net,El prisionero,2023-10-21,true
ricardo93@example.net,El codigo olvidado,2025-08-24,false
ricardo93@example.net,La verdad prohibida,2024-12-12,true
ricardo93@example.net,El cazador,2023-07-02,true
ricardo93@example.net,El eco del pasado,2023-09-20,false
ricardo93@example.net,El precio del poder,2023-08-01,true
ricardo93@example.net,Torbellino,2024-08-19,true
ricardo93@example.net,Punto critico,2023-07-16,true
ricardo93@example.net,Luz y oscuridad,2023-09-03,false
jorgeespinoza@example.org,El regreso del mal,2025-12-09,true
jorgeespinoza@example.org,Sin identidad,2025-01-24,true
jorgeespinoza@example.org,La sombra del futuro,2026-04-09,false
jorgeespinoza@example.org,El doble juego,2024-04-06,true
jorgeespinoza@example.org,Golpe mortal,2024-03-12,false
jorgeespinoza@example.org,La tela de araña,2024-08-22,true
jorgeespinoza@example.org,El espejo oscuro,2024-02-18,false
jorgeespinoza@example.org,La caida,2026-03-24,true
jorgeespinoza@example.org,El ultimo dia,2023-05-19,false
rosalialimon@example.net,Fragmentos,2023-07-29,true
rosalialimon@example.net,Luz y oscuridad,2024-08-14,false
rosalialimon@example.net,El precio del poder,2026-01-04,true
rosalialimon@example.net,El tercer ojo,2024-04-27,true
rosalialimon@example.net,La ultima oportunidad,2024-12-19,true
rosalialimon@example.net,La segunda oportunidad,2024-06-22,true
rosalialimon@example.net,Mas alla del horizonte,2024-10-24,false
rosalialimon@example.net,El ultimo viaje,2025-04-19,true
rosalialimon@example.net,La red,2025-12-18,true
rosalialimon@example.net,El cruce,2026-02-27,true
rosalialimon@example.net,Zona de peligro,2024-02-19,true
rosalialimon@example.net,Evasion total,2023-11-28,false
rosalialimon@example.net,Renacimiento,2024-05-22,true
rosalialimon@example.net,Explosion,2024-05-14,false
yolandaarenas@example.net,Derrumbe,2025-01-24,false
yolandaarenas@example.net,La noche de los lobos,2024-03-24,false
yolandaarenas@example.net,Bajo cero,2023-11-16,true
yolandaarenas@example.net,El monstruo interior,2025-03-16,true
yolandaarenas@example.net,Doble identidad,2023-05-16,true
yolandaarenas@example.net,La sombra del futuro,2025-10-26,true
yolandaarenas@example.net,Abismo,2024-05-28,true
yolandaarenas@example.net,Fuga imposible,2023-07-29,false
yolandaarenas@example.net,Mas alla del bien,2024-05-08,false
yolandaarenas@example.net,Entre dos mundos,2026-01-09,false
yolandaarenas@example.net,La conspiración,2025-10-14,true
yolandaarenas@example.net,La persecucion,2024-06-24,true
yolandaarenas@example.net,Origen,2025-12-05,false
alvarobeltran@example.com,La red,2024-11-13,true
alvarobeltran@example.com,El tercer ojo,2026-01-30,false
alvarobeltran@example.com,Territorio enemigo,2023-11-08,false
alvarobeltran@example.com,Fuera de control,2025-05-23,false
alvarobeltran@example.com,El eco del pasado,2023-06-28,true
alvarobeltran@example.com,La promesa rota,2023-11-20,false
alvarobeltran@example.com,Punto critico,2023-05-28,false
alvarobeltran@example.com,Sin identidad conocida,2025-09-07,false
alvarobeltran@example.com,Sin tregua,2024-11-12,false
alvarobeltran@example.com,Sombras del pasado,2024-04-11,true
alvarobeltran@example.com,El testamento,2025-01-29,false
alvarobeltran@example.com,El riesgo calculado,2025-09-27,false
alvarobeltran@example.com,La mente oscura,2024-04-27,true
alvarobeltran@example.com,La caida,2024-09-08,false
alvarobeltran@example.com,El mensajero,2025-02-20,true
alvarobeltran@example.com,La sombra del futuro,2025-03-16,false
alvarobeltran@example.com,La fuerza del destino,2024-08-07,true
citlali92@example.com,Insurreccion,2025-06-23,false
citlali92@example.com,La cadena rota,2023-11-11,true
citlali92@example.com,La profecia,2025-12-02,false
citlali92@example.com,El punto final,2024-07-19,false
citlali92@example.com,El precio del poder,2023-05-21,false
citlali92@example.com,El espejo roto,2023-08-02,false
citlali92@example.com,Bajo cero,2024-12-03,false
citlali92@example.com,Detonacion,2025-09-21,true
citlali92@example.com,Sueños rotos,2025-01-05,false
citlali92@example.com,El horizonte perdido,2023-09-20,true
citlali92@example.com,Tierra de nadie,2026-03-10,false
citlali92@example.com,El infierno verde,2024-12-12,false
solizporfirio@example.com,El horizonte perdido,2023-06-08,true
solizporfirio@example.com,La caja de pandora,2025-07-10,false
solizporfirio@example.com,El cruce,2025-10-02,true
solizporfirio@example.com,La tela de araña,2025-04-14,false
solizporfirio@example.com,Sin tregua,2024-02-10,false
solizporfirio@example.com,Colapso,2025-01-21,true
solizporfirio@example.com,El peso del silencio,2024-07-03,false
solizporfirio@example.com,El riesgo calculado,2024-04-29,false
solizporfirio@example.com,El ultimo grito,2024-08-05,false
padillamaria-teresa@example.org,La espiral,2026-02-01,true
padillamaria-teresa@example.org,Fractura,2024-07-06,true
padillamaria-teresa@example.org,La decision,2024-01-15,true
padillamaria-teresa@example.org,La redencion,2023-06-11,false
padillamaria-teresa@example.org,La profecia,2025-08-09,false
padillamaria-teresa@example.org,El ladrón de sueños,2024-07-22,true
padillamaria-teresa@example.org,La red de mentiras,2023-07-02,false
padillamaria-teresa@example.org,Impacto final,2025-09-14,false
padillamaria-teresa@example.org,La venganza,2026-03-04,false
padillamaria-teresa@example.org,El legado,2024-05-03,true
padillamaria-teresa@example.org,La alianza,2024-09-03,false
padillamaria-teresa@example.org,La oscuridad eterna,2023-11-06,true
padillamaria-teresa@example.org,El espejo roto,2026-02-11,true
padillamaria-teresa@example.org,La promesa rota,2024-05-03,false
padillamaria-teresa@example.org,La mente oscura,2023-08-21,false
padillamaria-teresa@example.org,Sin fronteras,2023-07-21,false
padillamaria-teresa@example.org,Sin piedad,2025-06-02,true
padillamaria-teresa@example.org,La caja de pandora,2025-03-14,false
kponce@example.org,La guerra de sombras,2025-05-22,true
kponce@example.org,Sin identidad conocida,2024-11-02,true
kponce@example.org,La verdad oculta,2025-09-16,true
kponce@example.org,La segunda oportunidad,2025-03-30,false
kponce@example.org,Descenso,2024-10-23,false
kponce@example.org,La trampa final,2025-10-20,false
robledoirma@example.org,Punto ciego,2025-08-12,true
robledoirma@example.org,Origen,2023-11-13,false
robledoirma@example.org,El precio de la verdad,2024-11-09,false
robledoirma@example.org,La rueda del destino,2024-10-21,false
robledoirma@example.org,Sombra y luz,2023-09-07,false
robledoirma@example.org,Tiempo prestado,2024-12-10,true
robledoirma@example.org,La conexion,2023-08-23,false
robledoirma@example.org,Furia imparable,2023-06-23,true
robledoirma@example.org,El ultimo viaje,2024-01-10,false
robledoirma@example.org,La persecucion,2025-07-02,false
robledoirma@example.org,La tela de araña,2025-06-11,false
robledoirma@example.org,La oscuridad eterna,2025-09-13,false
robledoirma@example.org,Sin salida,2025-11-30,false
robledoirma@example.org,Insurreccion,2025-02-04,true
robledoirma@example.org,El mensajero,2024-08-15,true
robledoirma@example.org,Mas fuerte que el destino,2024-02-04,true
robledoirma@example.org,La noche sin fin,2024-05-28,false
robledoirma@example.org,El ultimo paso,2026-01-26,true
robledoirma@example.org,La conspiración,2024-12-04,false
montoyacaridad@example.net,El vacio,2024-11-23,false
montoyacaridad@example.net,El legado,2024-11-07,true
montoyacaridad@example.net,El juego mortal,2025-11-23,true
montoyacaridad@example.net,La trampa,2026-01-24,false
montoyacaridad@example.net,Entre dos mundos,2024-10-23,true
montoyacaridad@example.net,El ultimo testigo,2024-03-05,true
montoyacaridad@example.net,La oscuridad eterna,2024-05-04,true
montoyacaridad@example.net,Zona de guerra,2025-05-20,true
montoyacaridad@example.net,Torbellino,2024-09-06,true
montoyacaridad@example.net,Sin piedad ni gloria,2024-11-21,false
tellezteresa@example.net,Sin nombre,2025-03-25,false
tellezteresa@example.net,La caja de pandora,2025-08-20,true
tellezteresa@example.net,El guardian,2023-07-18,true
tellezteresa@example.net,La batalla final,2025-09-12,true
tellezteresa@example.net,El abismo oscuro,2025-06-30,false
tellezteresa@example.net,Voces en la oscuridad,2025-04-29,false
tellezteresa@example.net,La oscuridad eterna,2024-06-14,true
tellezteresa@example.net,La mente oscura,2023-06-10,true
tellezteresa@example.net,Desolacion,2024-03-19,true
tellezteresa@example.net,El enviado,2026-04-12,true
tellezteresa@example.net,El precio de la gloria,2025-12-20,false
tellezteresa@example.net,Tiempo prestado,2023-12-06,false
tellezteresa@example.net,Conexion fatal,2024-11-19,false
tellezteresa@example.net,Colapso,2025-08-18,false
tellezteresa@example.net,El tiempo se acaba,2023-07-13,false
tellezteresa@example.net,El regreso,2025-05-10,false
tellezteresa@example.net,El ultimo acto,2025-11-03,false
tellezteresa@example.net,La tela de araña,2024-04-13,true
tellezteresa@example.net,Sin identidad conocida,2024-04-23,false
rolando46@example.net,La ultima esperanza,2024-01-17,false
rolando46@example.net,La herida abierta,2025-01-30,true
rolando46@example.net,La fuga,2023-07-26,false
rolando46@example.net,Territorio enemigo,2024-03-18,false
rolando46@example.net,La noche sin fin,2026-02-27,false
rolando46@example.net,Tormenta de fuego,2025-08-27,false
ngarcia@example.org,El silencio roto,2026-04-19,false
ngarcia@example.org,El riesgo calculado,2024-03-05,false
ngarcia@example.org,Implosion,2023-12-03,false
ngarcia@example.org,Sin cuartel,2024-09-23,true
ngarcia@example.org,Sin escape,2024-09-09,false
ngarcia@example.org,Instinto,2025-04-17,false
ngarcia@example.org,La zona gris,2023-11-10,false
ngarcia@example.org,La batalla final,2023-11-16,true
ngarcia@example.org,El punto final,2026-03-12,false
ngarcia@example.org,La conexion,2025-06-05,true
ngarcia@example.org,Detonacion,2024-11-19,false
ngarcia@example.org,Doble identidad,2025-07-05,false
nmontemayor@example.org,La bestia,2024-10-18,true
nmontemayor@example.org,La decision,2024-01-08,true
nmontemayor@example.org,Conexion fatal,2024-09-11,true
nmontemayor@example.org,La fuga,2023-07-28,true
nmontemayor@example.org,La oscuridad eterna,2025-01-22,true
nmontemayor@example.org,La redencion,2024-06-04,true
nmontemayor@example.org,Cero absoluto,2025-10-28,true
nmontemayor@example.org,Sin cuartel,2023-11-12,true
nmontemayor@example.org,Sin salida aparente,2023-06-05,false
nmontemayor@example.org,La profecia,2025-03-11,true
nmontemayor@example.org,El cruce,2024-06-15,true
nmontemayor@example.org,Implosion,2025-03-26,true
nmontemayor@example.org,La maquina del tiempo,2024-05-06,true
nmontemayor@example.org,El secreto del lago,2025-12-29,false
nmontemayor@example.org,Furia imparable,2024-09-19,true
nmontemayor@example.org,El peso del silencio,2024-11-20,false
nmontemayor@example.org,La red,2024-07-24,false
nmontemayor@example.org,La caida,2024-12-20,true
nmontemayor@example.org,La ultima frontera,2023-09-18,false
trujillomaria-jose@example.org,La isla perdida,2024-01-26,true
trujillomaria-jose@example.org,Territorio enemigo,2023-12-16,false
trujillomaria-jose@example.org,Impacto final,2024-10-18,true
trujillomaria-jose@example.org,Sin cuartel,2024-02-02,true
trujillomaria-jose@example.org,Sin salida aparente,2026-03-06,false
trujillomaria-jose@example.org,El codigo negro,2025-07-29,false
trujillomaria-jose@example.org,La ultima oportunidad,2026-02-02,false
trujillomaria-jose@example.org,El vigilante,2024-05-12,false
trujillomaria-jose@example.org,La redencion,2024-07-09,false
trujillomaria-jose@example.org,Fuera de control,2025-05-19,true
trujillomaria-jose@example.org,La fuerza interior,2023-07-08,true
trujillomaria-jose@example.org,La guerra fria,2025-10-25,true
trujillomaria-jose@example.org,La profecia,2024-03-29,true
trujillomaria-jose@example.org,La guerra de sombras,2024-03-02,true
reynaldo67@example.net,El vigilante,2026-01-03,false
reynaldo67@example.net,La caida,2025-08-07,true
reynaldo67@example.net,Fractura,2024-10-28,false
reynaldo67@example.net,El mundo al reves,2024-01-16,false
reynaldo67@example.net,El despertar,2025-10-07,true
reynaldo67@example.net,El ultimo dia,2023-10-09,false
reynaldo67@example.net,Desolacion,2024-10-12,false
benavidezursula@example.org,Zona de peligro,2024-09-01,true
benavidezursula@example.org,El regreso del mal,2026-02-03,false
benavidezursula@example.org,El guardian eterno,2025-12-23,true
benavidezursula@example.org,El abismo oscuro,2024-12-29,true
benavidezursula@example.org,El mensajero,2024-11-22,false
zaragozasandra@example.com,El secreto del lago,2025-04-12,true
zaragozasandra@example.com,Sin cuartel,2024-06-08,false
zaragozasandra@example.com,La decision,2025-05-04,true
zaragozasandra@example.com,La maldicion,2023-10-26,true
zaragozasandra@example.com,El laberinto,2024-04-01,false
zaragozasandra@example.com,El codigo olvidado,2025-06-11,true
zaragozasandra@example.com,El camino perdido,2024-12-10,true
aldoanaya@example.com,Detonacion,2025-06-07,true
aldoanaya@example.com,Sin identidad conocida,2026-02-05,true
aldoanaya@example.com,La maquina del tiempo,2024-07-02,true
aldoanaya@example.com,Mas alla del bien,2025-01-09,false
aldoanaya@example.com,Furia imparable,2025-08-14,false
aldoanaya@example.com,Instinto,2025-05-18,false
aldoanaya@example.com,El enviado,2024-12-07,true
aldoanaya@example.com,Punto ciego,2024-12-22,true
aldoanaya@example.com,Cero absoluto,2023-09-24,false
aldoanaya@example.com,El punto de quiebre,2024-06-16,true
aldoanaya@example.com,El monstruo interior,2023-08-16,true
aldoanaya@example.com,Abismo,2025-10-30,true
aldoanaya@example.com,El ultimo testigo,2024-08-09,true
aldoanaya@example.com,Impacto,2024-02-07,true
aldoanaya@example.com,El vigilante,2025-11-09,false
aldoanaya@example.com,Territorio enemigo,2026-01-29,false
aldoanaya@example.com,Tierra de nadie,2026-01-05,true
aldoanaya@example.com,El guardian,2024-09-07,false
mario54@example.com,El destino marcado,2025-04-15,true
mario54@example.com,La guerra de sombras,2025-12-09,true
mario54@example.com,La oscuridad interior,2024-10-07,true
mario54@example.com,Implosion,2023-12-08,false
mario54@example.com,El testigo silencioso,2024-01-13,true
mario54@example.com,El tercer ojo,2025-01-20,true
madridcarlota@example.org,Sin piedad ni gloria,2026-03-20,true
madridcarlota@example.org,El secreto del lago,2024-01-15,true
madridcarlota@example.org,La caida,2026-02-05,true
madridcarlota@example.org,La ultima oportunidad,2023-08-01,false
madridcarlota@example.org,Cero absoluto,2025-10-06,true
madridcarlota@example.org,El cazador solitario,2024-04-05,false
madridcarlota@example.org,El mundo al reves,2024-12-16,false
madridcarlota@example.org,Tiempo prestado,2023-05-29,false
madridcarlota@example.org,La maldicion,2025-10-03,false
madridcarlota@example.org,El abismo oscuro,2023-12-21,false
madridcarlota@example.org,La guerra fria,2026-01-05,true
madridcarlota@example.org,La conspiración,2024-03-02,true
madridcarlota@example.org,El guerrero,2024-07-25,false
amadorreynoso@example.net,Colisión de mundos,2023-07-29,false
amadorreynoso@example.net,Sueños rotos,2024-06-30,true
amadorreynoso@example.net,El espiritu guerrero,2025-06-04,true
amadorreynoso@example.net,La isla perdida,2023-07-20,false
amadorreynoso@example.net,Evasion total,2024-04-19,false
amadorreynoso@example.net,Sin cuartel,2024-08-11,false
amadorreynoso@example.net,La ultima batalla,2025-06-05,false
amadorreynoso@example.net,El silencio roto,2023-11-12,false
amadorreynoso@example.net,El ultimo dia,2025-08-02,false
amadorreynoso@example.net,Sin piedad,2025-04-13,true
amadorreynoso@example.net,Doble identidad,2023-11-02,false
amadorreynoso@example.net,La tormenta perfecta,2026-02-18,false
amadorreynoso@example.net,Sin escape,2025-10-05,false
amadorreynoso@example.net,La redencion,2024-10-14,false
amadorreynoso@example.net,El secreto del lago,2025-06-24,false
amadorreynoso@example.net,Territorio enemigo,2026-01-19,false
galvanjaqueline@example.net,El precio del poder,2023-09-12,true
galvanjaqueline@example.net,El abismo oscuro,2025-05-20,false
galvanjaqueline@example.net,El poder oculto,2024-02-05,false
galvanjaqueline@example.net,Sin salida,2025-12-19,false
galvanjaqueline@example.net,La fuerza interior,2025-11-25,true
galvanjaqueline@example.net,El ultimo dia,2024-05-31,true
ialfaro@example.net,La mente oscura,2024-07-28,true
ialfaro@example.net,La sombra del pasado,2024-07-03,true
ialfaro@example.net,El laberinto,2025-09-15,false
ialfaro@example.net,El ultimo heroe,2024-04-23,false
ialfaro@example.net,Mas alla del bien,2025-04-26,false
ialfaro@example.net,Voces en la oscuridad,2024-05-28,false
ialfaro@example.net,Punto critico,2024-06-29,false
ialfaro@example.net,La sombra del futuro,2024-06-11,false
ialfaro@example.net,Sin nombre,2024-06-04,false
ialfaro@example.net,El riesgo calculado,2025-02-19,true
ialfaro@example.net,El eco del pasado,2026-03-13,false
ialfaro@example.net,Impacto final,2025-11-02,false
ialfaro@example.net,El mundo al reves,2024-04-26,true
ialfaro@example.net,El punto de quiebre,2024-05-30,true
ialfaro@example.net,La verdad oculta,2024-02-27,false
ialfaro@example.net,El testamento,2023-06-04,true
ialfaro@example.net,Sin rastro,2026-03-25,false
ialfaro@example.net,La decision,2025-03-25,false
ialfaro@example.net,Golpe mortal,2024-09-26,true
ialfaro@example.net,La fuerza del destino,2025-08-12,true
robledoirma@example.net,El cruce,2023-09-18,false
robledoirma@example.net,El mundo al reves,2025-02-22,true
robledoirma@example.net,El espiritu guerrero,2025-11-28,true
robledoirma@example.net,La conexion,2024-07-06,true
robledoirma@example.net,El regreso,2023-11-14,true
robledoirma@example.net,Fuera de control,2025-10-03,true
robledoirma@example.net,El proyecto secreto,2023-06-01,true
robledoirma@example.net,El espejo oscuro,2024-05-22,false
robledoirma@example.net,El secreto del lago,2024-03-22,true
robledoirma@example.net,Sin limite,2023-11-06,true
robledoirma@example.net,El ultimo comando,2025-09-11,true
robledoirma@example.net,El ladrón de sueños,2025-12-02,true
robledoirma@example.net,El despertar,2023-07-05,false
robledoirma@example.net,Zona prohibida,2025-05-28,false
eugenio67@example.net,El peso del silencio,2023-07-22,false
eugenio67@example.net,El ultimo susurro,2023-10-24,true
eugenio67@example.net,Fractura,2024-11-19,false
eugenio67@example.net,La espiral,2024-04-02,true
eugenio67@example.net,Luz y oscuridad,2024-11-27,false
eugenio67@example.net,La profecia,2025-11-29,false
eugenio67@example.net,El maestro del engano,2023-10-05,false
eugenio67@example.net,El elegido,2025-08-16,true
eugenio67@example.net,Tormenta de fuego,2026-03-27,false
eugenio67@example.net,El guardian,2025-12-18,true
eugenio67@example.net,El tercer ojo,2025-12-10,true
eugenio67@example.net,Punto de no retorno,2024-03-03,true
eugenio67@example.net,La venganza perfecta,2025-12-21,false
alonso04@example.org,La señal perdida,2023-06-22,true
alonso04@example.org,Detonacion,2024-09-08,false
alonso04@example.org,La clave perdida,2024-04-13,true
alonso04@example.org,El eco del pasado,2025-03-19,false
alonso04@example.org,Sin cuartel,2025-11-18,false
alonso04@example.org,La señal,2024-10-01,false
alonso04@example.org,La sombra del mal,2023-08-12,false
xarguello@example.net,La guerra fria,2026-02-12,false
xarguello@example.net,La cadena rota,2026-02-12,true
xarguello@example.net,Cero absoluto,2024-12-01,true
xarguello@example.net,Sin cuartel,2024-01-06,false
xarguello@example.net,Descenso,2023-12-21,true
xarguello@example.net,Sin identidad,2023-12-02,false
xarguello@example.net,El legado,2025-05-21,true
xarguello@example.net,El infiltrado,2023-09-09,true
xarguello@example.net,Desolacion,2024-12-04,true
trinidad80@example.com,El abismo oscuro,2024-08-28,false
trinidad80@example.com,El poder oculto,2025-01-13,false
trinidad80@example.com,La zona roja,2024-05-16,false
trinidad80@example.com,La tormenta perfecta,2025-12-31,false
trinidad80@example.com,Mas fuerte que el destino,2024-04-10,false
trinidad80@example.com,La verdad prohibida,2024-08-27,true
trinidad80@example.com,Doble identidad,2024-06-12,false
trinidad80@example.com,Combustion,2025-08-06,true
trinidad80@example.com,El oraculo,2024-12-21,true
trinidad80@example.com,Voces en la oscuridad,2023-06-07,false
trinidad80@example.com,La noche sin fin,2023-06-01,false
trinidad80@example.com,El ultimo recurso,2025-11-25,true
trinidad80@example.com,El camino perdido,2025-12-19,true
trinidad80@example.com,Colisión de mundos,2023-10-09,false
trinidad80@example.com,Sin limite,2024-03-07,false
trinidad80@example.com,La conspiración,2023-12-02,true
trinidad80@example.com,El riesgo calculado,2024-05-27,false
trinidad80@example.com,La clave perdida,2024-11-30,false
guadalupe79@example.org,El mundo al reves,2024-05-09,true
guadalupe79@example.org,Fragmentos,2023-10-07,false
guadalupe79@example.org,El camino perdido,2023-10-18,false
guadalupe79@example.org,El mensajero,2025-12-16,false
guadalupe79@example.org,El legado,2025-05-14,true
guadalupe79@example.org,Luz y oscuridad,2025-02-25,true
guadalupe79@example.org,Mas fuerte que el destino,2023-07-25,false
guadalupe79@example.org,Tormenta de fuego,2024-12-07,false
guadalupe79@example.org,La caida,2023-12-30,true
guadalupe79@example.org,Colisión de mundos,2023-06-20,false
guadalupe79@example.org,Sombra y luz,2025-11-30,false
guadalupe79@example.org,El laberinto,2024-09-27,false
guadalupe79@example.org,El espejo roto,2024-03-11,false
guadalupe79@example.org,Golpe mortal,2023-12-25,true
guadalupe79@example.org,Punto critico,2023-07-28,false
guadalupe79@example.org,El ultimo heroe,2025-10-22,true
guadalupe79@example.org,Sin fronteras,2026-04-18,false
rosarioraul@example.com,La noche infinita,2024-08-24,false
rosarioraul@example.com,El regreso del mal,2024-01-28,true
rosarioraul@example.com,Furia imparable,2026-03-20,false
rosarioraul@example.com,La trampa mortal,2024-07-11,false
rosarioraul@example.com,Sin cuartel,2023-11-27,false
rosarioraul@example.com,El despertador,2023-07-15,false
rosarioraul@example.com,Renacimiento,2026-01-08,true
rosarioraul@example.com,Sin piedad,2025-09-16,true
rosarioraul@example.com,La venganza,2023-05-08,true
rosarioraul@example.com,El ultimo testigo,2025-02-20,true
rosarioraul@example.com,La batalla final,2026-03-10,false
rosarioraul@example.com,Codigo rojo,2024-05-30,true
rosarioraul@example.com,Sin retorno,2024-11-13,true
rosarioraul@example.com,Punto ciego,2024-06-15,true
rosarioraul@example.com,La sombra del pasado,2024-02-17,false
rosarioraul@example.com,La pesadilla,2024-11-09,true
olivoserafin@example.com,Fractura,2023-09-16,false
olivoserafin@example.com,El cazador,2024-07-16,true
olivoserafin@example.com,El precio de la gloria,2025-11-10,true
olivoserafin@example.com,La oscuridad interior,2023-12-28,false
olivoserafin@example.com,La amenaza silenciosa,2023-07-25,false
olivoserafin@example.com,La fuga,2023-07-21,true
olivoserafin@example.com,El infierno verde,2025-10-03,true
olivoserafin@example.com,El vacio,2024-01-08,true
olivoserafin@example.com,La zona gris,2024-02-06,false
olivoserafin@example.com,El guardian,2024-09-01,true
olivoserafin@example.com,La guerra fria,2025-04-19,true
olivoserafin@example.com,La ultima esperanza,2025-10-25,false
olivoserafin@example.com,El espejo oscuro,2025-12-25,true
olivoserafin@example.com,La ultima batalla,2025-09-19,true
roberto52@example.net,La trampa,2023-05-03,true
roberto52@example.net,El testigo silencioso,2024-01-10,false
roberto52@example.net,Tiempo prestado,2024-07-18,true
roberto52@example.net,Sin piedad ni gloria,2024-01-18,false
roberto52@example.net,La amenaza,2025-08-31,true
roberto52@example.net,Conexion fatal,2024-04-11,false
roberto52@example.net,El horizonte perdido,2025-01-22,true
fidel98@example.net,Golpe mortal,2026-02-11,false
fidel98@example.net,El codigo negro,2025-06-27,false
fidel98@example.net,Tormenta interior,2025-11-19,true
fidel98@example.net,La batalla final,2025-10-04,false
fidel98@example.net,El legado,2025-05-20,false
fidel98@example.net,Entre dos mundos,2023-12-09,false
lorenavergara@example.com,El ultimo dia,2024-04-07,false
lorenavergara@example.com,El cruce,2024-12-06,true
lorenavergara@example.com,La segunda oportunidad,2025-12-15,true
lorenavergara@example.com,La oscuridad eterna,2025-10-05,true
lorenavergara@example.com,La conspiración,2024-09-25,false
lorenavergara@example.com,Impacto final,2025-12-18,false
lorenavergara@example.com,La noche de los lobos,2025-12-21,false
lorenavergara@example.com,La señal,2023-05-04,false
lorenavergara@example.com,Impacto,2024-12-30,false
lorenavergara@example.com,Sin piedad ni gloria,2024-03-24,false
lorenavergara@example.com,El espejo oscuro,2024-06-29,false
lorenavergara@example.com,La trampa,2025-12-22,true
lorenavergara@example.com,Zona prohibida,2025-06-04,false
lorenavergara@example.com,El ultimo recurso,2024-09-17,true
lorenavergara@example.com,La ultima frontera,2024-05-05,true
lorenavergara@example.com,El espiritu guerrero,2023-12-01,false
lorenavergara@example.com,El ultimo acto,2024-11-15,false
lorenavergara@example.com,Entre dos mundos,2023-08-06,false
lorenavergara@example.com,La venganza,2025-08-13,false
esmeraldamatos@example.org,Sangre fria,2023-06-03,false
esmeraldamatos@example.org,El laberinto,2025-11-07,true
esmeraldamatos@example.org,La pesadilla,2025-10-06,true
esmeraldamatos@example.org,Combustion,2024-02-16,false
esmeraldamatos@example.org,El legado,2026-01-08,false
esmeraldamatos@example.org,Fuga imposible,2023-07-14,false
esmeraldamatos@example.org,La tormenta perfecta,2024-09-17,true
esmeraldamatos@example.org,La ultima frontera,2025-08-08,false
esmeraldamatos@example.org,Sin nombre,2025-03-21,false
esmeraldamatos@example.org,Oscuridad total,2024-02-21,false
claudioescalante@example.org,El precio del poder,2024-05-14,false
claudioescalante@example.org,Sin memoria,2023-08-25,false
claudioescalante@example.org,Tiempo prestado,2024-04-21,false
claudioescalante@example.org,La señal,2024-07-17,false
claudioescalante@example.org,El espejo roto,2023-06-03,false
claudioescalante@example.org,La red,2024-05-04,false
claudioescalante@example.org,Fractura,2024-05-17,false
cesar71@example.com,La gran aventura,2025-11-25,false
cesar71@example.com,La red de mentiras,2024-09-11,true
cesar71@example.com,El tercer ojo,2025-11-13,true
cesar71@example.com,Implosion,2025-01-28,true
cesar71@example.com,La bestia,2023-11-22,true
cesar71@example.com,Renacimiento,2025-02-19,false
cesar71@example.com,La venganza,2024-02-01,true
cesar71@example.com,Doble identidad,2026-03-23,false
cesar71@example.com,El secreto del lago,2025-05-26,true
cesar71@example.com,La persecucion,2023-11-02,false
bernardocuriel@example.org,Punto critico,2025-08-04,true
bernardocuriel@example.org,Fuga imposible,2024-09-26,true
bernardocuriel@example.org,El precio de la gloria,2023-11-03,false
bernardocuriel@example.org,Torbellino,2025-08-26,false
bernardocuriel@example.org,Descenso,2023-05-24,true
reinagarrido@example.net,Punto de no retorno,2025-12-20,false
reinagarrido@example.net,El ladrón de sueños,2024-01-05,true
reinagarrido@example.net,El silencio roto,2026-03-10,false
reinagarrido@example.net,Sin retorno,2024-04-09,false
reinagarrido@example.net,Colision,2025-08-10,true
calfaro@example.net,El testigo silencioso,2025-08-21,true
calfaro@example.net,Derrumbe,2024-09-05,false
calfaro@example.net,El tercer ojo,2026-01-24,false
calfaro@example.net,Sin identidad conocida,2024-07-13,false
calfaro@example.net,La voz del silencio,2023-08-29,true
calfaro@example.net,Luz y oscuridad,2025-06-12,true
calfaro@example.net,Insurreccion,2025-02-27,true
calfaro@example.net,El ultimo heroe,2026-04-16,false
calfaro@example.net,La caida,2023-11-11,true
calfaro@example.net,La caida libre,2025-09-17,false
calfaro@example.net,Sin salida,2025-05-07,true
calfaro@example.net,Instinto,2025-05-27,true
calfaro@example.net,La maldicion,2025-09-15,false
calfaro@example.net,Sin piedad ni gloria,2025-07-01,true
calfaro@example.net,La sombra del futuro,2025-01-24,true
calfaro@example.net,El maestro del engano,2026-04-04,false
calfaro@example.net,Sin memoria,2026-03-16,false
karinaraya@example.com,La pesadilla,2025-02-10,true
karinaraya@example.com,El testamento,2025-05-27,true
karinaraya@example.com,Punto de no retorno,2024-01-25,false
karinaraya@example.com,Combustion,2026-01-07,false
karinaraya@example.com,La sombra del futuro,2024-07-15,false
karinaraya@example.com,Desolacion,2025-05-06,false
karinaraya@example.com,El legado,2024-03-18,false
karinaraya@example.com,La sombra del mal,2023-11-11,true
karinaraya@example.com,La bestia,2024-05-30,true
karinaraya@example.com,El ladrón de sueños,2025-01-31,true
karinaraya@example.com,La isla perdida,2023-11-16,true
karinaraya@example.com,La caida libre,2023-08-14,true
lucasabrego@example.com,La fuga,2025-02-06,false
lucasabrego@example.com,En el limite,2024-03-04,false
lucasabrego@example.com,El abismo oscuro,2024-08-23,false
lucasabrego@example.com,La venganza perfecta,2024-04-14,false
lucasabrego@example.com,El ultimo recurso,2024-08-02,true
lucasabrego@example.com,Abismo,2025-12-25,true
lucasabrego@example.com,Golpe mortal,2025-04-15,false
lucasabrego@example.com,La conspiración,2024-10-13,false
lucasabrego@example.com,El prisionero,2026-02-11,false
lucasabrego@example.com,El precio del poder,2023-11-04,true
lucasabrego@example.com,Sin retorno,2024-10-12,true
lucasabrego@example.com,Sueños rotos,2024-08-03,true
lucasabrego@example.com,El ultimo heroe,2023-11-19,true
lucasabrego@example.com,La oscuridad eterna,2023-04-22,false
armandodelgadillo@example.com,Sueños rotos,2024-07-08,false
armandodelgadillo@example.com,La fuga,2023-10-10,false
armandodelgadillo@example.com,La verdad prohibida,2023-11-04,false
armandodelgadillo@example.com,La sombra del mal,2024-03-21,true
armandodelgadillo@example.com,La venganza,2025-12-08,false
armandodelgadillo@example.com,Sin limite,2024-10-20,false
armandodelgadillo@example.com,El espejo roto,2026-01-21,false
armandodelgadillo@example.com,La red de mentiras,2024-02-16,false
armandodelgadillo@example.com,Punto critico,2024-10-10,false
armandodelgadillo@example.com,Bajo cero,2024-03-13,true
armandodelgadillo@example.com,En el limite,2025-03-17,false
svalenzuela@example.org,La verdad oculta,2024-05-02,false
svalenzuela@example.org,Territorio enemigo,2025-02-15,false
svalenzuela@example.org,El ultimo recurso,2024-08-28,false
svalenzuela@example.org,Sin nombre,2023-10-12,true
svalenzuela@example.org,Fuera de control,2024-02-14,true
svalenzuela@example.org,El eco del pasado,2023-05-04,false
svalenzuela@example.org,La sombra del futuro,2023-08-30,true
lozadaserafin@example.org,La caja de pandora,2025-03-30,false
lozadaserafin@example.org,La gran aventura,2024-06-13,true
lozadaserafin@example.org,Tormenta de fuego,2024-12-22,true
lozadaserafin@example.org,Golpe mortal,2026-04-08,true
lozadaserafin@example.org,La herida abierta,2025-07-19,true
lozadaserafin@example.org,El ultimo dia,2025-05-29,true
lozadaserafin@example.org,La persecucion,2024-06-14,true
lozadaserafin@example.org,La red de mentiras,2025-08-20,true
lozadaserafin@example.org,El prisionero,2025-10-08,false
lozadaserafin@example.org,Furia imparable,2024-01-19,true
xnegrete@example.net,Tormenta interior,2025-11-09,true
xnegrete@example.net,La sombra del pasado,2025-08-13,false
xnegrete@example.net,La frontera,2023-05-13,false
xnegrete@example.net,Sin piedad ni gloria,2024-08-30,false
xnegrete@example.net,Abismo,2024-03-26,true
xnegrete@example.net,La caida libre,2024-04-07,true
xnegrete@example.net,La ultima frontera,2026-01-02,false
xnegrete@example.net,Sin limite,2025-11-06,true
xnegrete@example.net,Cero absoluto,2023-09-21,false
xnegrete@example.net,Mas fuerte que el destino,2024-04-21,false
xnegrete@example.net,La maldicion,2023-11-28,true
xnegrete@example.net,La noche sin fin,2026-02-13,true
uherrera@example.net,Entre dos mundos,2025-04-04,true
uherrera@example.net,La sombra del mal,2023-12-09,false
uherrera@example.net,Doble identidad,2025-07-21,false
uherrera@example.net,Voces en la oscuridad,2026-02-16,false
uherrera@example.net,La trampa mortal,2025-12-07,true
uherrera@example.net,El poder oculto,2024-02-13,false
uherrera@example.net,El cruce,2025-08-30,true
uherrera@example.net,La verdad prohibida,2024-06-26,true
uherrera@example.net,Sin identidad conocida,2024-10-13,false
uherrera@example.net,Conexion fatal,2026-02-05,true
uherrera@example.net,La herencia maldita,2025-10-27,true
uherrera@example.net,El abismo oscuro,2025-04-25,false
arandacaridad@example.org,El ultimo acto,2025-06-11,true
arandacaridad@example.org,La gran aventura,2023-11-26,true
arandacaridad@example.org,Fragmentos,2023-11-26,true
arandacaridad@example.org,Sin identidad conocida,2026-03-24,true
arandacaridad@example.org,Sin salida,2023-09-06,false
arandacaridad@example.org,Origen,2025-11-29,false
arandacaridad@example.org,El silencio roto,2026-02-11,true
arandacaridad@example.org,Impacto,2023-06-11,true
arandacaridad@example.org,El cazador solitario,2024-03-21,false
arandacaridad@example.org,La sombra del pasado,2025-06-09,false
arandacaridad@example.org,El ultimo heroe,2024-08-27,false
arandacaridad@example.org,La mente oscura,2024-05-13,false
arandacaridad@example.org,Territorio enemigo,2023-09-05,false
arandacaridad@example.org,Sin escape,2023-06-27,false
arandacaridad@example.org,El ultimo viaje,2024-03-25,false
arandacaridad@example.org,Torbellino,2024-04-02,true
arandacaridad@example.org,La batalla final,2025-07-16,false
arandacaridad@example.org,Evasion total,2025-08-25,true
arandacaridad@example.org,Caos total,2024-12-11,true
arandacaridad@example.org,La decision,2025-05-13,true
mariano28@example.com,La promesa rota,2024-10-20,false
mariano28@example.com,La red,2024-09-10,true
mariano28@example.com,La venganza,2025-01-15,true
mariano28@example.com,Combustion,2023-05-15,true
mariano28@example.com,La segunda oportunidad,2024-04-21,false
mariano28@example.com,Evasion total,2023-06-02,false
mariano28@example.com,El precio de la gloria,2025-12-15,true
mariano28@example.com,Sin identidad,2024-04-14,false
mariano28@example.com,El prisionero,2024-05-16,false
mariano28@example.com,La ultima frontera,2026-03-26,true
mariano28@example.com,La verdad prohibida,2024-11-18,false
mariano28@example.com,La noche sin fin,2025-02-21,false
mariano28@example.com,Tormenta interior,2024-11-09,true
mariano28@example.com,La tela de araña,2024-09-18,false
mariano28@example.com,Abismo,2025-04-21,true
mariano28@example.com,Detonacion,2026-01-20,true
mariano28@example.com,La caida libre,2024-09-15,false
mariano28@example.com,El cazador,2023-11-21,false
mariano28@example.com,Derrumbe,2023-10-23,false
gonzalezamalia@example.org,El ultimo viaje,2025-11-05,false
gonzalezamalia@example.org,La venganza,2025-09-22,false
gonzalezamalia@example.org,Bajo cero,2024-10-17,true
gonzalezamalia@example.org,La zona gris,2026-01-10,false
gonzalezamalia@example.org,Tierra de nadie,2023-11-04,true
gonzalezamalia@example.org,El regreso,2024-11-28,true
gonzalezamalia@example.org,La noche infinita,2023-12-19,false
gonzalezamalia@example.org,El ultimo comando,2024-01-17,true
gonzalezamalia@example.org,La fuga,2025-10-16,true
gonzalezamalia@example.org,El ultimo dia,2026-03-18,true
gonzalezamalia@example.org,La verdad oculta,2025-11-20,false
gonzalezamalia@example.org,El precio de la verdad,2024-02-01,true
gonzalezamalia@example.org,Cero absoluto,2025-11-02,true
isabela95@example.org,La segunda oportunidad,2025-07-20,true
isabela95@example.org,El secreto del lago,2025-05-23,true
isabela95@example.org,La guerra de sombras,2025-06-21,true
isabela95@example.org,El tercer ojo,2025-02-07,false
isabela95@example.org,El juego mortal,2024-05-17,false
isabela95@example.org,El elegido,2024-05-27,true
isabela95@example.org,Zona de guerra,2026-01-17,false
isabela95@example.org,La conspiración,2024-01-07,false
esparzajaime@example.net,La caida libre,2025-11-04,true
esparzajaime@example.net,Oscuridad total,2024-07-31,true
esparzajaime@example.net,El cruce,2025-09-30,true
esparzajaime@example.net,Sin salida,2024-09-16,false
esparzajaime@example.net,La conexion,2023-05-18,false
esparzajaime@example.net,Conexion fatal,2024-09-07,true
esparzajaime@example.net,Sueños rotos,2025-02-07,false
esparzajaime@example.net,La fuerza del mal,2024-07-02,true
esparzajaime@example.net,Sin memoria,2025-11-09,false
esparzajaime@example.net,La espiral,2024-02-11,false
esparzajaime@example.net,La frontera,2024-08-30,false
esparzajaime@example.net,La persecucion,2024-04-23,false
pvaca@example.net,El ultimo recurso,2026-02-24,true
pvaca@example.net,Territorio enemigo,2025-05-30,false
pvaca@example.net,La ultima frontera,2025-02-02,true
pvaca@example.net,El ultimo acto,2024-08-14,true
pvaca@example.net,Tormenta de fuego,2025-06-28,true
uortega@example.org,Tormenta de fuego,2024-05-30,true
uortega@example.org,El espejo oscuro,2025-10-17,false
uortega@example.org,Origen,2024-03-05,false
uortega@example.org,El ultimo testigo,2026-02-28,false
uortega@example.org,La noche sin fin,2023-11-17,true
uortega@example.org,Cero absoluto,2023-10-11,false
uortega@example.org,El error fatal,2025-05-20,true
uortega@example.org,Sin nombre,2023-05-04,false
uortega@example.org,El vacio,2024-12-22,true
badillopatricia@example.com,La guerra de sombras,2025-03-28,true
badillopatricia@example.com,Fragmentos,2026-02-09,false
badillopatricia@example.com,El guardian eterno,2023-10-31,true
badillopatricia@example.com,La profecia,2024-11-24,true
badillopatricia@example.com,La guerra fria,2024-03-18,true
badillopatricia@example.com,Sin piedad ni gloria,2025-09-07,true
badillopatricia@example.com,Sombra y luz,2024-07-13,false
badillopatricia@example.com,El secreto del lago,2024-07-27,true
badillopatricia@example.com,El infiltrado,2024-06-20,true
badillopatricia@example.com,El legado,2025-11-04,true
badillopatricia@example.com,El regreso,2025-01-27,false
badillopatricia@example.com,La herida abierta,2024-09-29,true
badillopatricia@example.com,Mas alla del bien,2023-09-12,true
enieves@example.com,El abismo oscuro,2023-06-09,false
enieves@example.com,La cadena rota,2025-01-25,false
enieves@example.com,La profecia,2025-11-18,true
enieves@example.com,El despertador,2024-06-03,true
enieves@example.com,La zona gris,2024-10-01,false
enieves@example.com,El cruce,2023-08-21,true
enieves@example.com,Sin identidad conocida,2024-01-14,false
enieves@example.com,Sin escape,2025-04-27,false
enieves@example.com,Punto sin retorno,2023-10-26,false
enieves@example.com,La mente oscura,2024-10-25,true
enieves@example.com,El ultimo paso,2025-11-12,false
jmalave@example.org,Sin tregua,2023-06-05,false
jmalave@example.org,Descenso,2024-05-08,false
jmalave@example.org,La venganza,2024-11-26,false
jmalave@example.org,Sin cuartel,2026-01-29,false
jmalave@example.org,El cazador solitario,2025-06-17,false
jmalave@example.org,El regreso,2024-04-04,false
marisol66@example.com,Derrumbe,2023-12-11,false
marisol66@example.com,El precio de la gloria,2025-10-18,false
marisol66@example.com,Impacto final,2025-01-06,true
marisol66@example.com,La señal,2024-06-17,false
marisol66@example.com,La oscuridad interior,2023-10-13,false
marisol66@example.com,El espejo oscuro,2023-06-07,false
marisol66@example.com,Sin memoria,2024-05-23,true
marisol66@example.com,El ultimo dia,2023-07-24,true
marisol66@example.com,La venganza perfecta,2025-10-27,true
marisol66@example.com,El testamento,2024-03-23,true
marisol66@example.com,La persecucion,2023-08-20,false
prubio@example.com,El regreso del mal,2024-10-20,true
prubio@example.com,Punto ciego,2025-04-05,false
prubio@example.com,Oscuridad total,2024-09-04,false
prubio@example.com,La tormenta perfecta,2026-03-13,false
prubio@example.com,La batalla final,2025-12-18,false
prubio@example.com,El peso del silencio,2024-06-16,false
prubio@example.com,El infierno verde,2025-02-28,true
prubio@example.com,Sin cuartel,2024-11-12,true
prubio@example.com,Sueños rotos,2024-02-01,true
prubio@example.com,Sombra y luz,2024-02-05,false
prubio@example.com,Sin salida,2024-06-13,true
prubio@example.com,El ladrón de sueños,2023-11-04,true
prubio@example.com,Voces en la oscuridad,2024-06-08,false
prubio@example.com,Tierra de nadie,2026-03-24,false
prubio@example.com,Desolacion,2024-06-11,true
prubio@example.com,El camino perdido,2023-04-29,true
prubio@example.com,El infiltrado,2025-07-12,true
prubio@example.com,Tiempo prestado,2024-08-15,true
jose-eduardocovarrubias@example.org,La ultima frontera,2023-12-14,false
jose-eduardocovarrubias@example.org,La marca del diablo,2024-02-24,true
jose-eduardocovarrubias@example.org,El observador,2024-11-07,false
jose-eduardocovarrubias@example.org,La verdad oculta,2024-12-24,false
jose-eduardocovarrubias@example.org,La segunda oportunidad,2024-09-17,false
jose-eduardocovarrubias@example.org,El espiritu guerrero,2024-08-24,false
jose-eduardocovarrubias@example.org,Mas alla del bien,2026-04-01,true
jose-eduardocovarrubias@example.org,La guerra fria,2026-01-04,false
jose-eduardocovarrubias@example.org,Sin identidad conocida,2025-12-19,false
jose-eduardocovarrubias@example.org,El ultimo grito,2023-06-07,false
jose-eduardocovarrubias@example.org,Colisión de mundos,2023-08-03,false
jose-eduardocovarrubias@example.org,La caida,2023-09-14,false
jose-eduardocovarrubias@example.org,El juego mortal,2024-07-14,true
jose-eduardocovarrubias@example.org,Furia imparable,2023-08-05,true
jose-eduardocovarrubias@example.org,La persecucion,2023-12-01,true
jose-eduardocovarrubias@example.org,El maestro del engano,2025-03-01,false
felixbueno@example.com,El cazador solitario,2024-03-27,true
felixbueno@example.com,El mensajero,2024-12-08,true
felixbueno@example.com,Derrumbe,2025-08-08,true
felixbueno@example.com,El ladrón de sueños,2023-08-22,false
felixbueno@example.com,Sombras del pasado,2024-12-16,true
felixbueno@example.com,Cero absoluto,2024-12-21,true
felixbueno@example.com,El mundo al reves,2024-10-21,true
felixbueno@example.com,La venganza perfecta,2024-12-18,true
felixbueno@example.com,Fractura,2025-08-24,false
felixbueno@example.com,Origen,2025-10-04,false
harofabiola@example.com,El ultimo comando,2024-06-26,false
harofabiola@example.com,Fuga imposible,2025-12-17,false
harofabiola@example.com,Golpe mortal,2024-02-29,false
harofabiola@example.com,Detonacion,2025-05-30,false
harofabiola@example.com,El error fatal,2024-05-26,false
harofabiola@example.com,El espejo roto,2025-09-11,false
palomogabino@example.com,El secreto del lago,2024-09-07,false
palomogabino@example.com,Punto critico,2023-08-19,false
palomogabino@example.com,La bestia,2024-12-26,false
palomogabino@example.com,En el limite,2025-03-28,false
palomogabino@example.com,Colisión de mundos,2025-05-14,true
palomogabino@example.com,El monstruo interior,2025-10-16,true
palomogabino@example.com,Evasion total,2023-09-04,true
palomogabino@example.com,Sin identidad,2025-04-13,false
palomogabino@example.com,La rueda del destino,2023-11-24,false
palomogabino@example.com,El doble juego,2024-02-02,false
palomogabino@example.com,Punto ciego,2024-06-01,false
palomogabino@example.com,Sin cuartel,2024-09-28,true
palomogabino@example.com,El espiritu guerrero,2025-11-08,false
zulloa@example.net,Sin salida,2024-07-13,true
zulloa@example.net,Mas alla del horizonte,2023-07-26,true
zulloa@example.net,La fuerza interior,2024-01-04,false
zulloa@example.net,Zona de guerra,2024-07-27,false
zulloa@example.net,La ultima frontera,2024-04-24,true
zulloa@example.net,El codigo negro,2023-11-23,false
carreroeduardo@example.org,La redencion,2024-06-15,false
carreroeduardo@example.org,El despertar,2025-11-30,false
carreroeduardo@example.org,La caja de pandora,2026-03-19,false
carreroeduardo@example.org,Derrumbe,2023-06-19,false
carreroeduardo@example.org,Punto critico,2025-02-06,true
carreroeduardo@example.org,La persecucion,2023-04-25,false
carreroeduardo@example.org,La profecia,2026-04-04,false
carreroeduardo@example.org,El camino perdido,2023-11-04,false
carreroeduardo@example.org,La amenaza,2026-04-17,false
carreroeduardo@example.org,La tormenta perfecta,2024-12-08,true
carreroeduardo@example.org,El destino marcado,2024-10-09,false
carreroeduardo@example.org,El secreto del lago,2024-10-10,false
carreroeduardo@example.org,El horizonte perdido,2026-03-20,false
carreroeduardo@example.org,La clave perdida,2026-03-29,true
carreroeduardo@example.org,La red de mentiras,2023-04-25,false
carreroeduardo@example.org,La guerra de sombras,2026-02-24,false
carreroeduardo@example.org,La amenaza silenciosa,2024-03-07,true
carreroeduardo@example.org,El doble juego,2025-11-05,false
carreroeduardo@example.org,Cero absoluto,2025-09-18,false
roldanadan@example.net,El infiltrado,2023-10-15,false
roldanadan@example.net,Descenso,2024-10-24,false
roldanadan@example.net,Insurreccion,2025-04-16,true
roldanadan@example.net,Sueños rotos,2026-03-18,false
roldanadan@example.net,Combustion,2025-06-17,false
roldanadan@example.net,El ultimo susurro,2025-08-11,true
roldanadan@example.net,El horizonte perdido,2024-03-26,false
velizemilia@example.com,El precio del poder,2023-11-02,true
velizemilia@example.com,Punto critico,2026-03-22,false
velizemilia@example.com,El guardian,2025-01-13,true
velizemilia@example.com,Evasion total,2025-05-17,false
velizemilia@example.com,La guerra de sombras,2025-06-20,false
velizemilia@example.com,Codigo rojo,2023-10-07,true
velizemilia@example.com,El error fatal,2023-06-15,false
velizemilia@example.com,La verdad oculta,2024-04-01,true
velizemilia@example.com,La bestia,2025-09-05,true
velizemilia@example.com,La verdad prohibida,2024-08-08,false
velizemilia@example.com,La zona roja,2023-06-13,false
velizemilia@example.com,La oscuridad interior,2025-11-04,false
velizemilia@example.com,El precio de la gloria,2023-06-07,false
velizemilia@example.com,Explosion,2024-09-21,true
velizemilia@example.com,La clave perdida,2025-07-01,true
lovatogeorgina@example.org,Tierra de nadie,2025-12-14,false
lovatogeorgina@example.org,Sombras del pasado,2025-06-06,true
lovatogeorgina@example.org,Voces en la oscuridad,2025-03-23,false
lovatogeorgina@example.org,Fragmentos,2025-04-05,true
lovatogeorgina@example.org,Punto ciego,2025-05-27,false
lovatogeorgina@example.org,El ultimo dia,2024-07-22,true
lovatogeorgina@example.org,Explosion,2023-11-08,false
lovatogeorgina@example.org,La voz del silencio,2026-02-28,true
lovatogeorgina@example.org,El mensajero,2025-06-16,false
lovatogeorgina@example.org,Origen,2025-03-09,true
lovatogeorgina@example.org,La herencia maldita,2025-03-30,false
lovatogeorgina@example.org,La noche infinita,2026-01-05,true
lovatogeorgina@example.org,La red,2024-12-08,true
lovatogeorgina@example.org,El error fatal,2024-04-23,false
lovatogeorgina@example.org,La señal perdida,2024-12-17,false
lovatogeorgina@example.org,Fuera de control,2023-04-21,false
lovatogeorgina@example.org,El ultimo testigo,2024-09-18,false
lovatogeorgina@example.org,Sin cuartel,2023-09-01,false
lovatogeorgina@example.org,Sin salida aparente,2026-01-01,false
lovatogeorgina@example.org,La rueda del destino,2024-08-25,true
olveraandres@example.com,La persecucion,2023-11-09,true
olveraandres@example.com,El ultimo paso,2023-11-16,true
olveraandres@example.com,La ultima frontera,2024-04-16,true
olveraandres@example.com,El secreto del lago,2025-09-09,false
olveraandres@example.com,El espejo oscuro,2026-01-23,false
olveraandres@example.com,La ultima batalla,2023-11-24,true
olveraandres@example.com,Punto sin retorno,2025-09-18,false
olveraandres@example.com,Zona de peligro,2025-09-06,true
rivasesparta@example.org,La fuerza del destino,2026-02-21,true
rivasesparta@example.org,Fuga imposible,2024-01-18,true
rivasesparta@example.org,El error fatal,2024-03-28,false
rivasesparta@example.org,Punto sin retorno,2024-11-11,false
rivasesparta@example.org,El tercer ojo,2023-09-03,true
rivasesparta@example.org,La tela de araña,2023-04-22,true
rivasesparta@example.org,El abismo oscuro,2025-04-29,false
menchacacarlota@example.com,La fuerza del destino,2025-04-02,true
menchacacarlota@example.com,La amenaza silenciosa,2023-11-15,false
menchacacarlota@example.com,El cazador,2024-07-25,true
menchacacarlota@example.com,Sin salida aparente,2025-01-23,true
menchacacarlota@example.com,La maldicion,2024-07-27,false
menchacacarlota@example.com,Sin limite,2023-09-19,true
menchacacarlota@example.com,La ultima frontera,2026-03-29,true
menchacacarlota@example.com,Sombra y luz,2023-11-05,true
menchacacarlota@example.com,Sin piedad ni gloria,2024-06-08,true
menchacacarlota@example.com,El peso del silencio,2025-01-13,false
menchacacarlota@example.com,La noche infinita,2023-06-30,true
menchacacarlota@example.com,La isla perdida,2023-06-29,false
menchacacarlota@example.com,Sin salida,2025-12-05,true
saldananayeli@example.net,El espiritu guerrero,2024-08-07,true
saldananayeli@example.net,Sin piedad ni gloria,2024-07-25,true
saldananayeli@example.net,La fuga,2025-12-22,true
saldananayeli@example.net,El guerrero,2023-05-23,true
saldananayeli@example.net,La oscuridad interior,2024-12-28,true
talejandro@example.net,La fuga,2025-02-02,true
talejandro@example.net,La clave perdida,2025-06-05,true
talejandro@example.net,El silencio roto,2023-05-19,true
talejandro@example.net,Sin retorno,2023-10-06,true
talejandro@example.net,El guerrero,2025-06-09,true
talejandro@example.net,Combustion,2025-11-24,false
talejandro@example.net,El precio del poder,2023-11-16,false
talejandro@example.net,El ultimo acto,2024-06-13,false
talejandro@example.net,La caja de pandora,2024-08-15,true
talejandro@example.net,La trampa final,2024-07-11,true
laura68@example.com,El codigo olvidado,2023-07-12,false
laura68@example.com,Tormenta de fuego,2025-10-13,false
laura68@example.com,Evasion total,2024-11-13,false
laura68@example.com,La venganza perfecta,2023-05-31,false
laura68@example.com,Tormenta interior,2025-12-29,true
laura68@example.com,La bestia,2023-09-23,true
laura68@example.com,La tela de araña,2026-04-03,true
laura68@example.com,El poder oculto,2026-02-26,false
laura68@example.com,El precio de la verdad,2024-09-19,false
laura68@example.com,El precio de la gloria,2025-05-11,false
laura68@example.com,Abismo,2023-11-18,true
alicia83@example.com,Sombra y luz,2025-10-15,false
alicia83@example.com,La caida libre,2026-02-24,true
alicia83@example.com,El infiltrado,2024-12-07,true
alicia83@example.com,La fuerza del destino,2024-11-20,true
alicia83@example.com,El despertador,2025-01-05,true
alicia83@example.com,La ultima oportunidad,2023-06-05,false
alicia83@example.com,El guardian eterno,2024-06-22,false
alicia83@example.com,El horizonte perdido,2024-05-09,true
alicia83@example.com,Punto de no retorno,2023-12-25,true
alicia83@example.com,La caida,2026-01-19,false
alicia83@example.com,El espejo oscuro,2023-07-26,false
alicia83@example.com,La conexion,2024-02-15,false
alicia83@example.com,El tercer ojo,2024-01-16,true
alicia83@example.com,Zona prohibida,2025-04-28,false
alicia83@example.com,Descenso,2025-12-11,false
alicia83@example.com,La cadena rota,2023-07-31,false
alicia83@example.com,La trampa final,2025-07-12,true
alicia83@example.com,El tiempo se acaba,2024-03-31,true
alicia83@example.com,La guerra de sombras,2024-09-29,true
kcavazos@example.com,El peso del silencio,2024-09-17,false
kcavazos@example.com,El ultimo testigo,2025-05-09,false
kcavazos@example.com,Zona de peligro,2026-01-24,true
kcavazos@example.com,El cazador solitario,2025-02-25,false
kcavazos@example.com,Fuga imposible,2025-03-19,false
kcavazos@example.com,La verdad oculta,2025-03-21,false
kcavazos@example.com,Punto critico,2023-05-30,false
kcavazos@example.com,Mas alla del bien,2026-03-01,true
kcavazos@example.com,El observador,2025-08-26,true
kcavazos@example.com,El monstruo interior,2025-12-08,true
kcavazos@example.com,El precio del poder,2025-10-08,false
kcavazos@example.com,La trampa mortal,2026-01-29,true
kcavazos@example.com,El enviado,2025-11-10,false
kcavazos@example.com,El codigo negro,2025-05-02,false
kcavazos@example.com,La tela de araña,2025-05-04,true
kcavazos@example.com,El laberinto,2024-12-08,false
kcavazos@example.com,La noche sin fin,2023-06-01,true
kcavazos@example.com,El despertar,2023-08-27,false
kcavazos@example.com,La señal,2024-06-12,false
arevalovirginia@example.com,Sin identidad conocida,2025-02-27,false
arevalovirginia@example.com,La red de mentiras,2023-05-21,false
arevalovirginia@example.com,Punto ciego,2024-03-09,true
arevalovirginia@example.com,Zona de guerra,2023-08-12,false
arevalovirginia@example.com,Detonacion,2023-09-17,true
arevalovirginia@example.com,El mundo al reves,2024-12-31,false
arevalovirginia@example.com,La clave perdida,2025-05-13,false
arevalovirginia@example.com,La segunda oportunidad,2024-01-21,true
arevalovirginia@example.com,Tormenta interior,2024-04-11,true
maximiliano19@example.net,El mundo al reves,2025-09-17,false
maximiliano19@example.net,El doble juego,2024-03-14,true
maximiliano19@example.net,La fuerza interior,2023-08-27,true
maximiliano19@example.net,El ultimo viaje,2023-04-29,false
maximiliano19@example.net,Descenso,2023-12-16,false
maximiliano19@example.net,Abismo,2024-07-22,false
maximiliano19@example.net,La tormenta perfecta,2025-10-04,false
mauriciopaez@example.com,Sin salida,2023-12-23,false
mauriciopaez@example.com,La tormenta perfecta,2023-09-07,false
mauriciopaez@example.com,Sin salida aparente,2024-11-05,true
mauriciopaez@example.com,El punto de quiebre,2026-01-29,true
mauriciopaez@example.com,Sin piedad,2023-05-31,false
mauriciopaez@example.com,El ladrón de sueños,2024-07-24,false
alonsodaniela@example.com,El proyecto secreto,2025-04-06,false
alonsodaniela@example.com,La verdad prohibida,2026-04-10,true
alonsodaniela@example.com,La venganza,2025-10-04,false
alonsodaniela@example.com,Golpe mortal,2025-06-14,true
alonsodaniela@example.com,La noche infinita,2025-10-08,true
alonsodaniela@example.com,Cero absoluto,2026-01-20,true
alonsodaniela@example.com,El ultimo susurro,2025-02-13,false
alonsodaniela@example.com,La segunda oportunidad,2023-05-22,false
alonsodaniela@example.com,La fuerza del mal,2025-02-08,true
alonsodaniela@example.com,Sin nombre,2023-12-01,true
alonsodaniela@example.com,La amenaza silenciosa,2026-03-19,true
alonsodaniela@example.com,La señal,2023-06-29,false
alonsodaniela@example.com,Evasion total,2023-11-02,true
alonsodaniela@example.com,Fractura,2024-05-06,false
alonsodaniela@example.com,El elegido,2026-04-10,false
alonsodaniela@example.com,La caida,2025-06-03,false
alonsodaniela@example.com,La maldicion,2025-11-17,true
alonsodaniela@example.com,El legado,2026-01-12,false
alonsodaniela@example.com,La trampa mortal,2024-02-22,false
alonsodaniela@example.com,Furia imparable,2025-09-30,true
mguardado@example.com,La venganza,2024-11-13,false
mguardado@example.com,La guerra de sombras,2024-07-07,false
mguardado@example.com,La tela de araña,2025-08-19,false
mguardado@example.com,El legado,2024-11-18,false
mguardado@example.com,La decision,2026-01-29,false
mguardado@example.com,La ultima batalla,2024-01-21,false
mguardado@example.com,El despertar,2024-09-16,false
mguardado@example.com,El secreto del lago,2025-08-07,false
mguardado@example.com,La noche infinita,2024-02-02,true
mguardado@example.com,El ultimo heroe,2026-02-21,false
mguardado@example.com,El cazador,2026-01-20,false
mguardado@example.com,Impacto final,2024-03-26,true
mguardado@example.com,Sin retorno,2023-06-08,true
amador41@example.net,El codigo negro,2025-02-20,true
amador41@example.net,Sin identidad conocida,2024-10-14,false
amador41@example.net,Sombra y luz,2024-11-18,true
amador41@example.net,La marca del diablo,2024-10-14,true
amador41@example.net,Origen,2024-07-01,true
amador41@example.net,Zona de guerra,2025-07-29,true
amador41@example.net,El ultimo grito,2025-06-10,false
amador41@example.net,Sin memoria,2023-08-21,true
amador41@example.net,La verdad oculta,2025-02-04,false
amador41@example.net,El cazador solitario,2024-05-03,false
amador41@example.net,La maldicion,2023-06-04,false
amador41@example.net,El ultimo dia,2023-06-03,true
amador41@example.net,El silencio roto,2025-08-28,true
florenciacuellar@example.org,La bestia,2025-11-15,false
florenciacuellar@example.org,El monstruo interior,2025-07-25,true
florenciacuellar@example.org,La ultima batalla,2025-06-01,false
florenciacuellar@example.org,Luz y oscuridad,2025-03-15,false
florenciacuellar@example.org,El ultimo recurso,2023-10-16,true
florenciacuellar@example.org,Territorio enemigo,2024-08-08,false
florenciacuellar@example.org,El umbral,2023-11-02,true
tromo@example.org,Territorio enemigo,2025-06-18,false
tromo@example.org,El espejo roto,2026-04-02,true
tromo@example.org,La rueda del destino,2025-11-13,true
tromo@example.org,El peso del silencio,2025-03-04,false
tromo@example.org,La venganza,2025-04-26,true
tromo@example.org,Sin nombre,2023-06-09,false
tromo@example.org,Sin piedad,2025-06-04,false
tromo@example.org,Fractura,2025-11-04,false
tromo@example.org,Tormenta de fuego,2023-06-07,true
tromo@example.org,Voces en la oscuridad,2025-08-07,false
tromo@example.org,La oscuridad interior,2026-01-14,false
tromo@example.org,La voz del silencio,2026-02-10,true
tromo@example.org,Evasion total,2025-08-01,true
tromo@example.org,El ultimo recurso,2023-07-30,true
tromo@example.org,Sangre fria,2023-11-10,true
tromo@example.org,El ladrón de sueños,2024-03-19,false
tromo@example.org,Sin memoria,2025-11-04,true
tromo@example.org,El ultimo acto,2025-02-09,true
maciasarmando@example.net,La alianza,2024-09-04,true
maciasarmando@example.net,El silencio roto,2024-10-24,true
maciasarmando@example.net,El ladrón de sueños,2026-03-29,false
maciasarmando@example.net,Abismo,2023-08-08,false
maciasarmando@example.net,Fragmentos,2023-05-17,true
maciasarmando@example.net,El ultimo recurso,2024-06-11,false
david33@example.com,Renacimiento,2025-04-21,false
david33@example.com,El silencio roto,2025-10-25,false
david33@example.com,Sin nombre,2024-04-25,false
david33@example.com,La red de mentiras,2026-01-27,true
david33@example.com,Sin piedad ni gloria,2026-03-13,true
david33@example.com,La mente oscura,2025-02-23,false
david33@example.com,El ultimo heroe,2024-12-31,false
david33@example.com,La clave perdida,2025-06-07,false
david33@example.com,Sin piedad,2026-02-16,false
david33@example.com,El cruce,2023-05-26,true
david33@example.com,Descenso,2025-11-26,false
david33@example.com,La maldicion,2024-09-07,false
david33@example.com,La sombra del pasado,2023-08-21,false
david33@example.com,La ultima esperanza,2025-07-24,false
david33@example.com,La conexion,2023-05-25,true
david33@example.com,Sin escape,2025-09-22,true
david33@example.com,La persecucion,2025-05-17,false
david33@example.com,La oscuridad eterna,2024-08-29,false
jeronimovelasquez@example.org,Oscuridad total,2025-05-14,true
jeronimovelasquez@example.org,La oscuridad eterna,2025-03-20,false
jeronimovelasquez@example.org,El testamento,2024-11-16,true
jeronimovelasquez@example.org,Sin fronteras,2026-01-16,true
jeronimovelasquez@example.org,Tormenta de fuego,2024-11-15,true
jeronimovelasquez@example.org,El guardian,2025-06-21,false
jeronimovelasquez@example.org,La oscuridad interior,2025-11-17,false
cecilia60@example.com,Sin salida,2023-11-19,true
cecilia60@example.com,El punto final,2026-03-03,false
cecilia60@example.com,La herida abierta,2023-04-20,false
cecilia60@example.com,Fuga imposible,2025-05-11,false
cecilia60@example.com,La oscuridad interior,2024-01-11,false
cecilia60@example.com,Fragmentos,2024-06-08,true
cecilia60@example.com,Sin fronteras,2023-11-23,true
cecilia60@example.com,La espiral,2024-05-06,false
cecilia60@example.com,El guardian eterno,2024-12-17,true
cecilia60@example.com,Bajo cero,2025-12-03,true
cecilia60@example.com,La red,2025-04-19,false
cecilia60@example.com,Impacto final,2025-04-15,true
cecilia60@example.com,El mundo al reves,2025-11-03,true
cecilia60@example.com,Sangre fria,2025-05-09,false
cecilia60@example.com,Zona prohibida,2024-09-22,true
zde-la-rosa@example.org,Conexion fatal,2024-09-12,true
zde-la-rosa@example.org,El error fatal,2025-06-18,false
zde-la-rosa@example.org,La sombra del pasado,2024-10-31,true
zde-la-rosa@example.org,Origen,2025-08-15,true
zde-la-rosa@example.org,Tormenta interior,2025-06-14,true
zde-la-rosa@example.org,La venganza,2026-02-07,false
zde-la-rosa@example.org,La pesadilla,2024-01-16,true
zde-la-rosa@example.org,El ultimo heroe,2023-05-19,false
zde-la-rosa@example.org,Detonacion,2024-02-25,false
zde-la-rosa@example.org,Furia imparable,2025-05-18,true
zde-la-rosa@example.org,Derrumbe,2025-06-10,false
zde-la-rosa@example.org,Sangre fria,2025-07-05,false
zde-la-rosa@example.org,La espiral,2025-09-30,false
zde-la-rosa@example.org,El riesgo calculado,2024-10-20,true
zde-la-rosa@example.org,La cadena rota,2023-12-02,false
zde-la-rosa@example.org,Golpe mortal,2025-03-24,false
zde-la-rosa@example.org,Sin identidad,2023-09-03,false
solorzanosonia@example.net,El vacio,2026-04-13,true
solorzanosonia@example.net,Zona de guerra,2025-08-06,false
solorzanosonia@example.net,Mas fuerte que el destino,2026-02-01,false
solorzanosonia@example.net,La conexion,2024-09-20,false
solorzanosonia@example.net,Punto de no retorno,2026-03-02,true
solorzanosonia@example.net,El horizonte perdido,2025-07-18,false
solorzanosonia@example.net,La verdad prohibida,2024-03-09,false
solorzanosonia@example.net,La sombra del pasado,2025-03-16,true
solorzanosonia@example.net,Sin piedad,2024-06-15,false
solorzanosonia@example.net,El secreto del lago,2025-10-27,false
peresguillermina@example.net,El ultimo paso,2025-03-19,false
peresguillermina@example.net,El laberinto,2025-07-28,true
peresguillermina@example.net,El espejo roto,2026-01-24,true
peresguillermina@example.net,Origen,2023-11-07,false
peresguillermina@example.net,El juego mortal,2023-06-05,false
peresguillermina@example.net,Punto ciego,2025-12-25,false
peresguillermina@example.net,Explosion,2024-06-15,true
maria-eugenia18@example.net,El ultimo susurro,2023-11-04,true
maria-eugenia18@example.net,La guerra fria,2025-03-24,true
maria-eugenia18@example.net,La fuerza del destino,2023-05-17,false
maria-eugenia18@example.net,El mensajero,2026-03-14,false
maria-eugenia18@example.net,El ultimo recurso,2025-12-29,false
luis-manuelvillanueva@example.net,La fuerza del destino,2024-02-11,true
luis-manuelvillanueva@example.net,Impacto,2023-06-17,true
luis-manuelvillanueva@example.net,El mundo al reves,2023-08-25,true
luis-manuelvillanueva@example.net,La fuerza del mal,2025-01-15,true
luis-manuelvillanueva@example.net,La maldicion,2025-08-18,true
helena55@example.org,La ultima esperanza,2025-09-08,false
helena55@example.org,La caja de pandora,2026-01-28,true
helena55@example.org,El punto de quiebre,2025-11-21,false
helena55@example.org,La señal perdida,2024-09-15,true
helena55@example.org,La amenaza,2024-10-25,true
helena55@example.org,La redencion,2026-03-24,true
helena55@example.org,La trampa,2026-02-21,false
helena55@example.org,Sin retorno,2023-04-23,false
helena55@example.org,La tormenta perfecta,2025-10-09,false
helena55@example.org,El ultimo viaje,2024-12-26,true
helena55@example.org,El cazador,2025-09-23,true
helena55@example.org,La noche sin fin,2026-04-07,true
helena55@example.org,Impacto,2024-06-11,false
helena55@example.org,El legado,2023-12-31,true
helena55@example.org,Sin salida,2024-12-04,true
helena55@example.org,La alianza,2025-04-27,false
helena55@example.org,Bajo cero,2024-06-11,true
helena55@example.org,Evasion total,2024-01-30,false
tejadaestela@example.com,El enviado,2025-09-19,true
tejadaestela@example.com,El ultimo paso,2024-05-26,false
tejadaestela@example.com,El proyecto secreto,2024-09-27,true
tejadaestela@example.com,Combustion,2026-04-16,true
tejadaestela@example.com,La oscuridad interior,2024-03-07,false
tejadaestela@example.com,La ultima esperanza,2026-01-31,true
tejadaestela@example.com,El codigo olvidado,2025-10-30,false
tejadaestela@example.com,El error fatal,2024-06-25,false
tejadaestela@example.com,La batalla final,2024-07-02,false
tejadaestela@example.com,El precio de la verdad,2023-08-25,false
tejadaestela@example.com,La persecucion,2025-07-11,true
tejadaestela@example.com,La noche sin fin,2024-01-03,false
tejadaestela@example.com,El guardian,2025-06-11,false
tejadaestela@example.com,La trampa mortal,2025-08-24,false
montanorocio@example.net,Conexion fatal,2025-02-14,true
montanorocio@example.net,El cazador,2025-10-18,true
montanorocio@example.net,La venganza perfecta,2023-09-19,true
montanorocio@example.net,El horizonte perdido,2026-04-03,false
montanorocio@example.net,El regreso del mal,2025-12-01,true
montanorocio@example.net,La oscuridad eterna,2025-01-06,false
montanorocio@example.net,Furia imparable,2025-09-07,false
montanorocio@example.net,La amenaza,2024-05-19,false
montanorocio@example.net,Voces en la oscuridad,2023-06-15,false
montanorocio@example.net,La oscuridad interior,2026-01-07,false
montanorocio@example.net,La tormenta perfecta,2024-01-09,false
montanorocio@example.net,Explosion,2024-12-04,true
montanorocio@example.net,Mas alla del bien,2023-05-15,false
montanorocio@example.net,La red,2023-11-16,false
montanorocio@example.net,El tercer ojo,2025-08-16,true
montanorocio@example.net,El guardian,2023-09-01,false
montanorocio@example.net,La frontera,2024-09-04,false
montanorocio@example.net,El cazador de almas,2026-03-20,true
montanorocio@example.net,El secreto del lago,2023-07-14,false
montanorocio@example.net,El ultimo grito,2023-08-02,false
covarrubiasrafael@example.org,La zona gris,2025-03-24,false
covarrubiasrafael@example.org,La espiral,2023-07-31,false
covarrubiasrafael@example.org,La mente oscura,2024-06-05,false
covarrubiasrafael@example.org,El espiritu guerrero,2024-12-07,false
covarrubiasrafael@example.org,El secreto del lago,2025-06-08,true
covarrubiasrafael@example.org,La oscuridad eterna,2025-06-18,true
covarrubiasrafael@example.org,La trampa mortal,2025-03-03,false
covarrubiasrafael@example.org,La alianza,2025-03-25,true
covarrubiasrafael@example.org,La decision,2025-09-20,true
covarrubiasrafael@example.org,Sangre fria,2023-05-02,false
covarrubiasrafael@example.org,En el limite,2023-06-11,true
covarrubiasrafael@example.org,La redencion,2025-02-19,false
covarrubiasrafael@example.org,El ultimo dia,2024-02-25,false
covarrubiasrafael@example.org,Punto critico,2023-07-02,false
covarrubiasrafael@example.org,Impacto final,2025-03-09,true
covarrubiasrafael@example.org,Descenso,2026-03-14,true
covarrubiasrafael@example.org,La sombra del pasado,2023-11-08,false
mauriciomontalvo@example.net,El proyecto secreto,2025-09-18,true
mauriciomontalvo@example.net,La red,2025-05-09,false
mauriciomontalvo@example.net,La fuerza interior,2026-01-21,false
mauriciomontalvo@example.net,La maldicion,2023-12-22,true
mauriciomontalvo@example.net,El punto final,2023-10-24,false
mauriciomontalvo@example.net,La caja de pandora,2024-10-19,true
mauriciomontalvo@example.net,Mas alla del horizonte,2024-10-13,true
mauriciomontalvo@example.net,Tormenta interior,2024-09-09,true
mauriciomontalvo@example.net,Desolacion,2024-12-28,true
mauriciomontalvo@example.net,La ultima esperanza,2025-07-13,true
mauriciomontalvo@example.net,La herencia maldita,2026-03-16,true
mauriciomontalvo@example.net,Codigo rojo,2024-11-29,true
mauriciomontalvo@example.net,Sin salida aparente,2023-07-05,true
mauriciomontalvo@example.net,Sin fronteras,2026-01-27,true
mauriciomontalvo@example.net,El abismo oscuro,2024-10-28,true
mauriciomontalvo@example.net,Sin identidad,2024-06-28,true
franciscocordero@example.org,El oraculo,2026-01-28,true
franciscocordero@example.org,Sin rastro,2024-04-24,true
franciscocordero@example.org,Mas fuerte que el destino,2023-12-05,true
franciscocordero@example.org,Sin tregua,2025-08-09,false
franciscocordero@example.org,El doble juego,2026-04-02,true
franciscocordero@example.org,El maestro del engano,2023-06-16,true
franciscocordero@example.org,El ultimo comando,2025-06-24,true
franciscocordero@example.org,El punto final,2024-07-23,false
franciscocordero@example.org,La noche infinita,2024-06-07,true
franciscocordero@example.org,Sin retorno,2023-05-09,false
franciscocordero@example.org,Explosion,2024-02-05,true
wendolin85@example.net,La conspiración,2025-02-13,false
wendolin85@example.net,Implosion,2023-07-10,false
wendolin85@example.net,Sin escape,2023-10-31,true
wendolin85@example.net,Evasion total,2023-12-05,false
wendolin85@example.net,El precio de la verdad,2024-10-28,false
wendolin85@example.net,La caida,2026-03-15,true
wendolin85@example.net,El ultimo viaje,2025-11-03,false
wendolin85@example.net,El codigo negro,2025-12-09,true
wendolin85@example.net,El cazador solitario,2025-11-25,true
wendolin85@example.net,Derrumbe,2024-06-05,false
wendolin85@example.net,Fuera de control,2024-05-05,false
wendolin85@example.net,Sin cuartel,2024-06-11,true
wendolin85@example.net,Sin tregua,2024-01-31,true
wendolin85@example.net,La ultima oportunidad,2025-02-10,true
wendolin85@example.net,La promesa rota,2025-06-14,true
wendolin85@example.net,La mente oscura,2024-12-02,false
wendolin85@example.net,Abismo,2023-07-28,false
wendolin85@example.net,Sin rastro,2025-05-17,false
wendolin85@example.net,La marca del diablo,2024-04-08,true
dalia99@example.com,Sombras del pasado,2024-10-28,true
dalia99@example.com,El maestro del engano,2025-10-26,true
dalia99@example.com,Punto sin retorno,2024-08-07,false
dalia99@example.com,La voz del silencio,2025-12-28,true
dalia99@example.com,La tormenta perfecta,2025-05-08,false
dalia99@example.com,El tercer ojo,2025-03-15,false
dalia99@example.com,La guerra de sombras,2025-12-14,false
dalia99@example.com,Sin piedad ni gloria,2023-06-27,false
dalia99@example.com,La marca del diablo,2024-11-13,false
bermudezeloisa@example.com,La señal,2024-11-11,false
bermudezeloisa@example.com,La decision,2025-11-20,true
bermudezeloisa@example.com,La caida libre,2024-03-25,false
bermudezeloisa@example.com,La amenaza,2024-08-25,true
bermudezeloisa@example.com,El despertar,2024-07-20,true
bermudezeloisa@example.com,El tercer ojo,2026-03-26,false
bermudezeloisa@example.com,El punto de quiebre,2025-12-15,false
bermudezeloisa@example.com,La persecucion,2025-10-26,true
bermudezeloisa@example.com,Fractura,2024-11-01,true
mnieves@example.net,Sin rastro,2023-10-12,false
mnieves@example.net,La fuerza del destino,2023-08-14,false
mnieves@example.net,El ultimo susurro,2026-04-16,false
mnieves@example.net,Tormenta de fuego,2023-06-26,true
mnieves@example.net,El legado,2025-09-28,true
mnieves@example.net,El vacio,2023-07-05,false
mnieves@example.net,Mas fuerte que el destino,2024-07-15,true
mnieves@example.net,El espejo oscuro,2023-05-06,false
mnieves@example.net,Sin memoria,2025-10-30,false
rubengarica@example.org,El cruce,2025-01-11,false
rubengarica@example.org,La caida,2023-06-13,true
rubengarica@example.org,Sueños rotos,2023-08-15,true
rubengarica@example.org,Bajo cero,2024-12-27,true
rubengarica@example.org,Desolacion,2024-03-24,true
rubengarica@example.org,Fuga imposible,2024-09-23,false
rubengarica@example.org,Implosion,2024-05-09,false
rubengarica@example.org,Territorio enemigo,2025-01-07,false
rubengarica@example.org,La pesadilla,2025-09-02,true
rubengarica@example.org,El cazador de almas,2023-11-14,false
isaac69@example.net,En el limite,2025-10-03,false
isaac69@example.net,Colision,2025-05-23,false
isaac69@example.net,El enviado,2025-10-19,false
isaac69@example.net,La sombra del pasado,2026-01-16,false
isaac69@example.net,Fragmentos,2024-08-27,true
isaac69@example.net,El despertador,2023-08-08,true
isaac69@example.net,Sin piedad ni gloria,2024-06-20,true
isaac69@example.net,La herida abierta,2024-04-03,true
isaac69@example.net,La mente oscura,2024-12-02,false
isaac69@example.net,El doble juego,2023-12-18,false
chavezteresa@example.net,El oraculo,2023-07-07,true
chavezteresa@example.net,Conexion fatal,2025-04-30,true
chavezteresa@example.net,Punto de no retorno,2026-01-12,true
chavezteresa@example.net,Instinto,2024-09-25,true
chavezteresa@example.net,El codigo negro,2026-02-28,false
chavezteresa@example.net,El testigo silencioso,2025-01-03,false
sde-la-torre@example.org,Punto sin retorno,2024-11-18,false
sde-la-torre@example.org,Colision,2023-08-02,true
sde-la-torre@example.org,El ultimo recurso,2024-10-19,false
sde-la-torre@example.org,La voz del silencio,2025-06-10,false
sde-la-torre@example.org,Sin piedad ni gloria,2024-10-26,true
sde-la-torre@example.org,Entre dos mundos,2025-03-31,true
sde-la-torre@example.org,La fuerza interior,2024-05-02,true
sde-la-torre@example.org,Punto de no retorno,2025-01-23,false
sde-la-torre@example.org,Cero absoluto,2024-09-25,false
sde-la-torre@example.org,La trampa final,2025-11-22,false
sde-la-torre@example.org,Fuga imposible,2026-02-22,false
sde-la-torre@example.org,El regreso del mal,2024-08-08,true
sde-la-torre@example.org,Impacto final,2026-01-11,true
sde-la-torre@example.org,El cazador,2024-08-13,true
sde-la-torre@example.org,Doble identidad,2023-11-21,false
sde-la-torre@example.org,Combustion,2025-10-10,true
sde-la-torre@example.org,Mas alla del horizonte,2023-05-04,true
sde-la-torre@example.org,La sombra del futuro,2024-05-07,true
zoe26@example.org,La bestia,2025-01-07,false
zoe26@example.org,Tiempo prestado,2025-10-29,false
zoe26@example.org,Impacto,2025-04-21,false
zoe26@example.org,Tormenta de fuego,2023-06-21,true
zoe26@example.org,Sin escape,2023-07-29,true
zoe26@example.org,Sin salida,2025-04-27,false
zoe26@example.org,La persecucion,2024-08-25,true
zoe26@example.org,La voz del silencio,2024-12-17,false
zoe26@example.org,La caja de pandora,2023-09-19,true
zoe26@example.org,La alianza,2025-07-31,false
zoe26@example.org,Entre dos mundos,2024-03-16,false
zoe26@example.org,El codigo olvidado,2024-08-30,true
zoe26@example.org,La guerra de sombras,2026-01-30,true
zoe26@example.org,La redencion,2026-03-04,false
zoe26@example.org,El regreso del mal,2025-07-26,true
zoe26@example.org,La guerra fria,2025-08-30,true
claudio32@example.net,El cazador solitario,2025-06-09,false
claudio32@example.net,El ladrón de sueños,2024-12-08,true
claudio32@example.net,Tiempo prestado,2026-02-15,false
claudio32@example.net,Punto ciego,2025-06-01,false
claudio32@example.net,El guardian,2024-01-23,false
claudio32@example.net,La sombra del futuro,2025-03-03,true
claudio32@example.net,El poder oculto,2026-02-27,false
claudio32@example.net,La noche infinita,2024-11-22,true
claudio32@example.net,La alianza,2024-01-15,true
claudio32@example.net,La pesadilla,2024-01-29,false
claudio32@example.net,La herida abierta,2023-08-06,false
claudio32@example.net,La noche sin fin,2025-01-30,false
claudio32@example.net,Zona de peligro,2024-08-11,false
claudio32@example.net,Sin nombre,2026-03-23,true
claudio32@example.net,El proyecto secreto,2024-06-28,false
claudio32@example.net,El testigo silencioso,2025-11-25,true
claudio32@example.net,La oscuridad eterna,2024-04-25,true
claudio32@example.net,El laberinto,2023-11-01,true
claudio32@example.net,El infierno verde,2025-03-05,false
claudio32@example.net,Voces en la oscuridad,2023-05-17,false
zunigabenjamin@example.org,El silencio roto,2023-11-15,true
zunigabenjamin@example.org,El tercer ojo,2024-07-04,true
zunigabenjamin@example.org,La fuerza del mal,2023-09-24,false
zunigabenjamin@example.org,Detonacion,2024-01-20,true
zunigabenjamin@example.org,En el limite,2024-06-01,true
eva73@example.org,Sin nombre,2025-08-25,true
eva73@example.org,La caida libre,2023-11-05,false
eva73@example.org,Instinto,2023-12-04,false
eva73@example.org,La noche infinita,2025-04-07,false
eva73@example.org,Sin rastro,2025-01-11,false
eva73@example.org,La mente oscura,2024-10-17,true
eva73@example.org,Sin fronteras,2023-09-09,true
eva73@example.org,El destino marcado,2025-10-31,false
eva73@example.org,Cero absoluto,2025-07-29,false
eva73@example.org,Renacimiento,2024-10-21,false
soledadolvera@example.com,La zona roja,2025-02-21,true
soledadolvera@example.com,Entre dos mundos,2023-09-11,false
soledadolvera@example.com,La red,2024-11-16,false
soledadolvera@example.com,El regreso del mal,2026-01-26,true
soledadolvera@example.com,La guerra fria,2025-10-03,true
soledadolvera@example.com,Sin fronteras,2025-11-28,true
soledadolvera@example.com,El oraculo,2026-01-14,false
soledadolvera@example.com,Sin cuartel,2026-01-10,false
soledadolvera@example.com,Sombra y luz,2024-02-05,false
soledadolvera@example.com,Zona de guerra,2023-05-27,true
soledadolvera@example.com,La clave perdida,2025-03-25,true
soledadolvera@example.com,El infierno verde,2025-01-20,true
soledadolvera@example.com,El espejo roto,2023-06-08,false
soledadolvera@example.com,El codigo negro,2023-11-06,false
soledadolvera@example.com,La noche de los lobos,2025-11-18,true
soledadolvera@example.com,Sin nombre,2024-04-29,false
soledadolvera@example.com,La ultima frontera,2025-08-07,true
soledadolvera@example.com,El guardian,2023-12-26,false
soledadolvera@example.com,El enviado,2023-08-01,false
soledadolvera@example.com,El tercer ojo,2024-09-16,true
caraballoesperanza@example.org,La verdad prohibida,2025-09-09,true
caraballoesperanza@example.org,Tormenta de fuego,2025-12-17,true
caraballoesperanza@example.org,Mas alla del horizonte,2024-12-23,true
caraballoesperanza@example.org,El infierno verde,2023-10-30,true
caraballoesperanza@example.org,El secreto del lago,2024-12-15,true
caraballoesperanza@example.org,El punto final,2023-06-27,true
caraballoesperanza@example.org,El espejo roto,2024-07-22,false
caraballoesperanza@example.org,En el limite,2025-07-21,false
caraballoesperanza@example.org,El destino marcado,2024-02-24,true
caraballoesperanza@example.org,Territorio enemigo,2025-11-03,true
caraballoesperanza@example.org,Colisión de mundos,2024-11-12,false
caraballoesperanza@example.org,Sin retorno,2024-04-07,true
caraballoesperanza@example.org,El tiempo se acaba,2025-09-23,true
caraballoesperanza@example.org,El ultimo grito,2025-12-13,false
bravoursula@example.org,Conexion fatal,2024-05-10,true
bravoursula@example.org,El regreso,2025-12-20,true
bravoursula@example.org,El testigo silencioso,2023-08-12,true
bravoursula@example.org,La ultima oportunidad,2024-05-19,true
bravoursula@example.org,La noche infinita,2025-11-03,false
bravoursula@example.org,La guerra fria,2023-07-06,false
bravoursula@example.org,Insurreccion,2023-09-09,false
carrascodiana@example.org,La fuerza del destino,2023-08-11,true
carrascodiana@example.org,Desolacion,2025-02-27,true
carrascodiana@example.org,La zona gris,2023-12-30,true
carrascodiana@example.org,La zona roja,2024-03-22,false
carrascodiana@example.org,La cadena rota,2023-12-17,false
carrascodiana@example.org,La noche de los lobos,2024-02-13,false
carrascodiana@example.org,El enviado,2025-10-12,false
carrascodiana@example.org,Fuga imposible,2023-06-08,true
carrascodiana@example.org,La trampa mortal,2023-07-01,false
ybueno@example.com,Sin identidad conocida,2023-11-12,false
ybueno@example.com,Detonacion,2026-01-21,false
ybueno@example.com,La sombra del pasado,2025-05-11,true
ybueno@example.com,La oscuridad interior,2026-01-26,true
ybueno@example.com,Sin memoria,2025-02-08,true
ybueno@example.com,El oraculo,2023-11-26,true
ybueno@example.com,El enviado,2025-03-27,false
elvira75@example.com,Sin salida,2025-02-01,false
elvira75@example.com,El legado,2024-12-16,true
elvira75@example.com,El ultimo viaje,2025-07-02,true
elvira75@example.com,El ultimo dia,2023-05-29,true
elvira75@example.com,La voz del silencio,2024-08-01,false
elvira75@example.com,El tercer ojo,2026-02-17,false
elvira75@example.com,Colapso,2024-06-20,false
elvira75@example.com,El ultimo comando,2023-09-29,false
elvira75@example.com,La noche infinita,2024-01-17,false
elvira75@example.com,El mensajero,2024-01-03,false
elvira75@example.com,La sombra del pasado,2023-04-26,true
elvira75@example.com,La oscuridad interior,2023-09-18,true
elvira75@example.com,El guardian,2025-01-28,false
rolando79@example.net,La ultima oportunidad,2023-08-31,false
rolando79@example.net,La oscuridad interior,2026-03-18,false
rolando79@example.net,La red,2023-06-03,true
rolando79@example.net,La caida libre,2025-05-11,true
rolando79@example.net,La alianza,2023-07-04,true
rolando79@example.net,El guardian eterno,2025-02-28,false
rolando79@example.net,El ultimo dia,2025-05-27,true
rolando79@example.net,El riesgo calculado,2024-12-04,true
rolando79@example.net,El codigo olvidado,2024-05-15,true
rolando79@example.net,La zona gris,2023-07-30,true
rolando79@example.net,El cazador,2025-09-09,true
rolando79@example.net,La sombra del mal,2024-09-23,true
rolando79@example.net,La cadena rota,2024-07-16,true
rolando79@example.net,El espejo roto,2025-11-30,false
rolando79@example.net,El tiempo se acaba,2023-04-20,true
rolando79@example.net,El ultimo paso,2024-07-22,false
rolando79@example.net,El secreto del lago,2023-10-07,false
rolando79@example.net,El legado,2026-02-24,true
rolando79@example.net,La noche sin fin,2025-09-12,true
sandra88@example.com,El secreto del lago,2023-06-12,false
sandra88@example.com,Colision,2024-06-12,true
sandra88@example.com,Sin piedad ni gloria,2024-10-26,false
sandra88@example.com,Conexion fatal,2023-07-16,true
sandra88@example.com,Derrumbe,2024-05-21,true
sandra88@example.com,La ultima oportunidad,2023-09-26,true
sandra88@example.com,El espiritu guerrero,2025-02-28,true
sandra88@example.com,La caida,2023-09-24,false
sandra88@example.com,Explosion,2025-10-26,false
sandra88@example.com,El mensajero,2024-12-19,false
sandra88@example.com,Sin rastro,2025-08-25,false
sandra88@example.com,La bestia,2024-07-15,false
sandra88@example.com,Mas fuerte que el destino,2025-06-27,false
sandra88@example.com,El guardian eterno,2025-12-12,false
sandra88@example.com,La marca del diablo,2025-01-18,false
sandra88@example.com,Combustion,2025-02-28,false
sandra88@example.com,Zona de guerra,2024-04-27,true
raulperalta@example.org,Tormenta de fuego,2024-05-30,true
raulperalta@example.org,El secreto del lago,2023-08-20,false
raulperalta@example.org,Sangre fria,2024-09-01,false
raulperalta@example.org,La guerra fria,2023-11-09,true
raulperalta@example.org,La ultima oportunidad,2024-03-07,true
raulperalta@example.org,El punto de quiebre,2023-07-06,false
raulperalta@example.org,El maestro del engano,2024-03-17,false
raulperalta@example.org,Fractura,2025-11-07,false
raulperalta@example.org,Tierra de nadie,2025-06-30,true
raulperalta@example.org,La trampa,2025-05-29,false
raulperalta@example.org,Voces en la oscuridad,2024-07-13,true
raulperalta@example.org,La cadena rota,2026-03-16,true
raulperalta@example.org,Territorio enemigo,2025-08-19,true
raulperalta@example.org,Mas alla del bien,2025-03-14,true
raulperalta@example.org,El riesgo calculado,2024-12-31,false
velazquezjose-maria@example.com,Oscuridad total,2023-07-16,true
velazquezjose-maria@example.com,El tiempo se acaba,2023-09-27,true
velazquezjose-maria@example.com,El ladrón de sueños,2023-10-03,true
velazquezjose-maria@example.com,El ultimo grito,2023-11-04,true
velazquezjose-maria@example.com,Sin nombre,2025-05-04,true
velazquezjose-maria@example.com,El testamento,2023-08-15,false
velazquezjose-maria@example.com,Entre dos mundos,2026-01-11,false
velazquezjose-maria@example.com,Doble identidad,2026-03-27,true
velazquezjose-maria@example.com,La gran aventura,2025-05-07,false
velazquezjose-maria@example.com,La ultima esperanza,2025-02-25,true
velazquezjose-maria@example.com,Zona de guerra,2023-06-17,false
jacintomontemayor@example.com,La oscuridad interior,2025-04-15,false
jacintomontemayor@example.com,Combustion,2025-11-28,true
jacintomontemayor@example.com,Codigo rojo,2023-04-25,false
jacintomontemayor@example.com,La isla perdida,2026-01-30,false
jacintomontemayor@example.com,La amenaza silenciosa,2026-03-08,true
jacintomontemayor@example.com,Tiempo prestado,2024-10-01,true
jacintomontemayor@example.com,Furia imparable,2023-06-26,true
jacintomontemayor@example.com,El espejo roto,2025-07-18,false
jacintomontemayor@example.com,Punto ciego,2025-04-28,true
jacintomontemayor@example.com,El codigo negro,2023-04-27,true
jacintomontemayor@example.com,La sombra del pasado,2023-10-30,true
jacintomontemayor@example.com,El despertar,2025-03-13,false
jacintomontemayor@example.com,El despertador,2025-04-07,true
jacintomontemayor@example.com,La fuerza del mal,2025-09-25,false
jacintomontemayor@example.com,Desolacion,2025-12-14,true
jacintomontemayor@example.com,La guerra de sombras,2024-11-02,false
jacintomontemayor@example.com,El precio de la verdad,2023-09-07,false
modesto72@example.org,La guerra de sombras,2026-03-13,true
modesto72@example.org,Abismo,2025-07-14,false
modesto72@example.org,El enviado,2026-01-26,true
modesto72@example.org,El guardian eterno,2026-04-19,true
modesto72@example.org,Sin limite,2024-12-10,true
modesto72@example.org,La señal perdida,2023-05-16,false
modesto72@example.org,La oscuridad eterna,2023-06-18,true
modesto72@example.org,Conexion fatal,2024-05-18,true
sessasegura@example.org,El vacio,2023-07-14,false
sessasegura@example.org,El mensajero,2023-07-17,true
sessasegura@example.org,La fuga,2025-05-07,true
sessasegura@example.org,Tormenta interior,2024-09-17,false
sessasegura@example.org,El observador,2024-05-03,false
sessasegura@example.org,Sin retorno,2024-11-21,true
sessasegura@example.org,Insurreccion,2023-05-01,true
sessasegura@example.org,La amenaza silenciosa,2025-06-13,true
sessasegura@example.org,Zona de guerra,2025-07-07,true
sessasegura@example.org,El ultimo paso,2026-04-17,true
sessasegura@example.org,Tormenta de fuego,2025-01-23,false
sessasegura@example.org,El silencio roto,2024-10-30,true
penadavid@example.com,La cadena rota,2024-05-25,true
penadavid@example.com,El horizonte perdido,2025-11-11,true
penadavid@example.com,Torbellino,2025-09-17,false
penadavid@example.com,Fuera de control,2025-11-28,true
penadavid@example.com,El silencio roto,2024-08-08,true
penadavid@example.com,La marca del diablo,2024-09-04,true
penadavid@example.com,Fractura,2024-07-02,false
penadavid@example.com,Evasion total,2025-09-02,false
penadavid@example.com,La clave perdida,2024-01-15,false
penadavid@example.com,La señal perdida,2024-03-27,false
penadavid@example.com,Mas alla del horizonte,2023-07-26,true
ualtamirano@example.com,La espiral,2024-11-25,true
ualtamirano@example.com,Sin salida,2024-06-15,true
ualtamirano@example.com,El ultimo dia,2025-06-25,false
ualtamirano@example.com,El codigo negro,2024-05-31,false
ualtamirano@example.com,La ultima frontera,2023-11-04,true
ualtamirano@example.com,El maestro del engano,2024-06-28,false
ualtamirano@example.com,Mas alla del bien,2023-11-15,false
ualtamirano@example.com,La ultima batalla,2025-07-30,true
ualtamirano@example.com,Mas alla del horizonte,2024-08-23,false
ualtamirano@example.com,Sombras del pasado,2025-11-18,true
ualtamirano@example.com,Sangre fria,2025-05-11,true
ualtamirano@example.com,Sin piedad ni gloria,2024-12-06,false
ualtamirano@example.com,Evasion total,2023-06-26,true
ualtamirano@example.com,La persecucion,2026-01-09,true
ualtamirano@example.com,El camino perdido,2024-10-14,false
ualtamirano@example.com,Desolacion,2025-04-14,true
ualtamirano@example.com,El tiempo se acaba,2025-05-20,true
ualtamirano@example.com,El espiritu guerrero,2023-04-26,true
ualtamirano@example.com,La cadena rota,2025-01-11,true
casasnayeli@example.org,Fuera de control,2026-02-18,true
casasnayeli@example.org,El ladrón de sueños,2024-05-06,false
casasnayeli@example.org,La tormenta perfecta,2024-02-14,true
casasnayeli@example.org,Cero absoluto,2024-01-04,true
casasnayeli@example.org,La zona roja,2024-01-07,false
casasnayeli@example.org,Impacto final,2023-12-13,false
casasnayeli@example.org,La bestia,2023-05-08,true
casasnayeli@example.org,La alianza,2023-11-08,false
casasnayeli@example.org,El cazador,2025-12-01,false
casasnayeli@example.org,La persecucion,2023-12-25,false
casasnayeli@example.org,El codigo negro,2023-09-10,true
casasnayeli@example.org,La mente oscura,2024-08-20,false
casasnayeli@example.org,El espejo oscuro,2024-10-15,false
casasnayeli@example.org,Sombra y luz,2024-08-18,true
casasnayeli@example.org,Torbellino,2024-10-26,true
anaranjo@example.net,Tierra de nadie,2024-01-24,false
anaranjo@example.net,Insurreccion,2025-12-30,true
anaranjo@example.net,Evasion total,2024-11-24,false
anaranjo@example.net,El codigo olvidado,2024-12-30,true
anaranjo@example.net,Detonacion,2023-09-17,true
anaranjo@example.net,Zona prohibida,2025-02-04,false
anaranjo@example.net,Sin nombre,2023-10-15,false
anaranjo@example.net,La frontera,2024-04-28,true
anaranjo@example.net,Sin tregua,2025-11-12,false
anaranjo@example.net,Instinto,2023-10-02,false
anaranjo@example.net,La sombra del mal,2024-04-20,true
anaranjo@example.net,La trampa,2023-10-12,true
anaranjo@example.net,El despertar,2023-10-12,true
anaranjo@example.net,El prisionero,2025-05-23,false
anaranjo@example.net,Abismo,2023-11-23,false
anaranjo@example.net,La caida libre,2026-02-12,true
anaranjo@example.net,La maldicion,2024-12-10,true
geronimosuarez@example.org,Mas fuerte que el destino,2025-09-30,true
geronimosuarez@example.org,El tercer ojo,2025-03-18,false
geronimosuarez@example.org,El oraculo,2023-09-16,false
geronimosuarez@example.org,La isla perdida,2023-10-06,true
geronimosuarez@example.org,La oscuridad eterna,2025-09-29,false
geronimosuarez@example.org,La tela de araña,2025-02-15,false
geronimosuarez@example.org,La decision,2024-06-07,false
geronimosuarez@example.org,Sueños rotos,2024-01-26,false
geronimosuarez@example.org,Bajo cero,2025-03-02,true
geronimosuarez@example.org,Sin identidad conocida,2023-10-29,true
geronimosuarez@example.org,El guardian eterno,2026-04-10,false
geronimosuarez@example.org,Sin piedad,2025-04-13,true
geronimosuarez@example.org,La conexion,2024-07-08,false
geronimosuarez@example.org,Torbellino,2023-05-08,false
geronimosuarez@example.org,El mundo al reves,2023-07-30,true
geronimosuarez@example.org,Caos total,2025-09-22,false
geronimosuarez@example.org,La bestia,2023-05-15,false
geronimosuarez@example.org,Tierra de nadie,2023-07-28,false
geronimosuarez@example.org,Combustion,2024-04-23,true
saenzelisa@example.org,El mundo al reves,2023-10-19,true
saenzelisa@example.org,El ladrón de sueños,2023-04-20,true
saenzelisa@example.org,Tormenta de fuego,2025-07-02,true
saenzelisa@example.org,El cazador,2023-07-08,true
saenzelisa@example.org,La herida abierta,2023-04-26,false
saenzelisa@example.org,La zona gris,2024-11-13,true
saenzelisa@example.org,El umbral,2023-10-14,true
saenzelisa@example.org,El espejo oscuro,2025-05-26,true
saenzelisa@example.org,La trampa mortal,2024-11-27,true
saenzelisa@example.org,La frontera,2023-08-14,true
saenzelisa@example.org,El guardian,2024-01-06,false
saenzelisa@example.org,Explosion,2025-09-29,true
saenzelisa@example.org,La sombra del pasado,2025-11-07,true
saenzelisa@example.org,El proyecto secreto,2024-10-28,false
saenzelisa@example.org,El infierno verde,2025-03-28,true
saenzelisa@example.org,Tormenta interior,2025-01-13,false
saenzelisa@example.org,Doble identidad,2024-11-20,true
saenzelisa@example.org,El cazador solitario,2023-12-10,false
saenzelisa@example.org,Insurreccion,2024-04-04,true
victorcardenas@example.org,La voz del silencio,2025-11-07,true
victorcardenas@example.org,El punto final,2023-12-20,true
victorcardenas@example.org,El espejo roto,2024-02-02,false
victorcardenas@example.org,Codigo rojo,2024-04-30,false
victorcardenas@example.org,Colisión de mundos,2026-03-09,true
victorcardenas@example.org,Sombra y luz,2025-12-19,false
victorcardenas@example.org,Derrumbe,2025-01-25,false
victorcardenas@example.org,El ultimo comando,2023-10-27,false
victorcardenas@example.org,La sombra del futuro,2025-04-29,false
victorcardenas@example.org,Combustion,2025-03-27,true
victorcardenas@example.org,El eco del pasado,2025-01-20,true
victorcardenas@example.org,El regreso del mal,2024-04-16,false
victorcardenas@example.org,El ultimo acto,2024-03-30,true
victorcardenas@example.org,Sin piedad ni gloria,2025-11-09,true
victorcardenas@example.org,La señal,2025-07-07,true
fmadrigal@example.org,La fuga,2024-07-19,true
fmadrigal@example.org,Torbellino,2025-11-15,false
fmadrigal@example.org,La espiral,2026-01-23,false
fmadrigal@example.org,Combustion,2023-10-09,false
fmadrigal@example.org,El espejo roto,2025-11-19,false
fmadrigal@example.org,Instinto,2023-10-24,false
fmadrigal@example.org,Zona prohibida,2025-01-13,true
fmadrigal@example.org,La noche sin fin,2025-10-19,false
fmadrigal@example.org,El despertador,2024-09-21,false
fmadrigal@example.org,El infiltrado,2025-01-15,false
fmadrigal@example.org,Punto ciego,2025-11-19,false
fmadrigal@example.org,La venganza,2025-12-11,false
fmadrigal@example.org,Golpe mortal,2024-08-05,false
fmadrigal@example.org,Sin piedad ni gloria,2026-02-15,true
fmadrigal@example.org,El precio de la gloria,2025-05-06,false
vresendez@example.com,El infierno verde,2023-07-05,false
vresendez@example.com,El camino perdido,2023-11-12,false
vresendez@example.com,El testigo silencioso,2023-09-19,false
vresendez@example.com,El espejo oscuro,2024-02-16,false
vresendez@example.com,El ultimo paso,2024-06-12,true
vresendez@example.com,El cruce,2023-11-23,true
vresendez@example.com,La maldicion,2025-08-06,true
vresendez@example.com,La clave perdida,2024-05-23,true
vresendez@example.com,El enviado,2024-03-29,true
pornelas@example.com,Detonacion,2026-02-28,true
pornelas@example.com,En el limite,2025-07-01,true
pornelas@example.com,Desolacion,2024-09-09,false
pornelas@example.com,Sueños rotos,2024-03-20,true
pornelas@example.com,La caida,2024-09-21,false
pornelas@example.com,Fuera de control,2025-10-11,false
pornelas@example.com,El riesgo calculado,2023-09-25,true
pornelas@example.com,El punto de quiebre,2023-09-22,true
pornelas@example.com,Renacimiento,2025-12-22,true
pornelas@example.com,Fractura,2023-04-24,true
pornelas@example.com,Zona prohibida,2025-06-26,true
pornelas@example.com,El laberinto,2026-01-10,false
pornelas@example.com,Golpe mortal,2026-01-03,false
pornelas@example.com,El ultimo susurro,2024-01-15,false
pornelas@example.com,Caos total,2026-01-04,true
pornelas@example.com,Instinto,2024-07-24,true
pornelas@example.com,Punto sin retorno,2025-07-07,false
pornelas@example.com,El vigilante,2025-07-18,false
pornelas@example.com,La amenaza silenciosa,2024-03-05,true
pornelas@example.com,La zona roja,2025-12-31,true
rolandorobledo@example.net,El punto de quiebre,2025-03-26,false
rolandorobledo@example.net,El ultimo testigo,2026-01-18,false
rolandorobledo@example.net,Entre dos mundos,2023-07-14,true
rolandorobledo@example.net,El precio de la verdad,2025-11-13,false
rolandorobledo@example.net,El espiritu guerrero,2025-03-29,true
rolandorobledo@example.net,El precio de la gloria,2023-05-06,false
rolandorobledo@example.net,Territorio enemigo,2024-06-27,true
rolandorobledo@example.net,La rueda del destino,2026-03-08,false
rolandorobledo@example.net,El cazador solitario,2023-07-15,false
rolandorobledo@example.net,El ultimo susurro,2025-04-03,true
rolandorobledo@example.net,El tiempo se acaba,2024-06-06,true
rolandorobledo@example.net,La segunda oportunidad,2024-06-29,true
rolandorobledo@example.net,Torbellino,2026-02-26,true
rolandorobledo@example.net,El secreto del lago,2025-03-13,false
rolandorobledo@example.net,La guerra de sombras,2025-12-06,false
rolandorobledo@example.net,El testamento,2023-07-08,false
rolandorobledo@example.net,La noche sin fin,2025-12-09,true
gescamilla@example.org,Impacto final,2023-05-03,false
gescamilla@example.org,Oscuridad total,2024-03-22,true
gescamilla@example.org,Zona de guerra,2025-04-25,true
gescamilla@example.org,El ultimo testigo,2025-09-20,true
gescamilla@example.org,El ultimo comando,2023-07-15,false
gescamilla@example.org,Codigo rojo,2023-04-30,false
valentinpamela@example.net,Impacto final,2025-02-05,false
valentinpamela@example.net,La amenaza silenciosa,2024-09-15,false
valentinpamela@example.net,La voz del silencio,2025-05-12,true
valentinpamela@example.net,Sin rastro,2025-12-27,true
valentinpamela@example.net,La redencion,2025-01-13,true
valentinpamela@example.net,La isla perdida,2024-05-25,false
valentinpamela@example.net,La clave perdida,2025-04-20,false
valentinpamela@example.net,Sin retorno,2023-05-19,true
valentinpamela@example.net,El vigilante,2023-10-17,true
valentinpamela@example.net,El cazador solitario,2026-03-20,true
valentinpamela@example.net,Descenso,2026-02-27,true
valentinpamela@example.net,El guerrero,2025-03-20,false
avaloscecilia@example.net,El ultimo testigo,2024-03-29,false
avaloscecilia@example.net,El peso del silencio,2023-09-20,true
avaloscecilia@example.net,Impacto,2024-02-16,true
avaloscecilia@example.net,Fractura,2023-06-14,false
avaloscecilia@example.net,La alianza,2025-06-25,true
avaloscecilia@example.net,El horizonte perdido,2026-04-01,false
avaloscecilia@example.net,El punto final,2026-01-30,true
avaloscecilia@example.net,La zona gris,2026-04-11,true
avaloscecilia@example.net,Doble identidad,2026-01-03,true
avaloscecilia@example.net,El tiempo se acaba,2025-08-24,false
avaloscecilia@example.net,El laberinto,2023-06-15,true
avaloscecilia@example.net,Sangre fria,2024-01-23,false
avaloscecilia@example.net,Bajo cero,2023-06-07,true
avaloscecilia@example.net,Tormenta de fuego,2024-04-06,false
zamorafrancisco-javier@example.net,El regreso,2024-04-06,false
zamorafrancisco-javier@example.net,Entre dos mundos,2025-12-02,true
zamorafrancisco-javier@example.net,La oscuridad eterna,2023-07-22,true
zamorafrancisco-javier@example.net,Sombra y luz,2024-08-02,true
zamorafrancisco-javier@example.net,Torbellino,2024-08-09,true
zamorafrancisco-javier@example.net,El ultimo dia,2024-02-15,true
zamorafrancisco-javier@example.net,El tercer ojo,2025-04-02,false
zamorafrancisco-javier@example.net,El eco del pasado,2024-08-23,false
zamorafrancisco-javier@example.net,Fractura,2024-12-05,true
zamorafrancisco-javier@example.net,El camino perdido,2023-11-18,true
yuridiavillagomez@example.com,La trampa mortal,2026-04-12,true
yuridiavillagomez@example.com,La conspiración,2023-09-01,false
yuridiavillagomez@example.com,La redencion,2023-12-15,true
yuridiavillagomez@example.com,Impacto final,2023-05-26,true
yuridiavillagomez@example.com,Zona de guerra,2024-10-17,false
yuridiavillagomez@example.com,El punto de quiebre,2025-10-01,true
yuridiavillagomez@example.com,Cero absoluto,2024-11-10,true
yuridiavillagomez@example.com,Sin piedad ni gloria,2024-10-01,true
yuridiavillagomez@example.com,Fuga imposible,2025-03-18,false
yuridiavillagomez@example.com,Sin tregua,2024-04-05,true
juan-carlos01@example.net,El legado,2023-12-07,false
juan-carlos01@example.net,Fuera de control,2024-03-30,true
juan-carlos01@example.net,La promesa rota,2023-04-23,true
juan-carlos01@example.net,La profecia,2024-10-12,false
juan-carlos01@example.net,El despertador,2023-06-27,true
juan-carlos01@example.net,Tormenta interior,2023-09-22,true
juan-carlos01@example.net,El prisionero,2025-12-05,true
juan-carlos01@example.net,Impacto,2024-01-13,true
juan-carlos01@example.net,La redencion,2025-05-13,true
juan-carlos01@example.net,Punto sin retorno,2024-03-10,true
juan-carlos01@example.net,Fuga imposible,2025-09-14,true
juan-carlos01@example.net,El infiltrado,2024-06-30,false
juan-carlos01@example.net,Sin salida,2023-05-12,false
emilio29@example.org,El cruce,2023-10-29,true
emilio29@example.org,La sombra del pasado,2024-10-25,true
emilio29@example.org,La clave perdida,2025-03-13,false
emilio29@example.org,Renacimiento,2025-04-12,true
emilio29@example.org,La herida abierta,2024-09-03,true
emilio29@example.org,Fuga imposible,2025-02-02,false
merinoabelardo@example.net,El horizonte perdido,2023-11-16,true
merinoabelardo@example.net,Sin retorno,2025-11-26,false
merinoabelardo@example.net,Sin cuartel,2026-03-29,false
merinoabelardo@example.net,El monstruo interior,2024-04-30,false
merinoabelardo@example.net,Sangre fria,2024-01-15,false
merinoabelardo@example.net,La caida libre,2023-10-08,true
merinoabelardo@example.net,Sin tregua,2024-06-04,false
peraltacamila@example.com,Sueños rotos,2025-01-20,true
peraltacamila@example.com,La guerra fria,2023-12-10,false
peraltacamila@example.com,La red,2025-11-27,true
peraltacamila@example.com,Instinto,2025-02-25,true
peraltacamila@example.com,La noche infinita,2024-03-30,true
peraltacamila@example.com,El error fatal,2024-01-22,false
peraltacamila@example.com,El mensajero,2024-12-07,false
peraltacamila@example.com,Sin salida,2025-12-12,true
peraltacamila@example.com,Colision,2025-08-27,true
peraltacamila@example.com,El peso del silencio,2023-05-03,false
peraltacamila@example.com,La ultima frontera,2026-02-14,false
olgaverduzco@example.net,La clave perdida,2023-05-18,true
olgaverduzco@example.net,El guardian eterno,2025-04-13,false
olgaverduzco@example.net,El prisionero,2026-03-19,false
olgaverduzco@example.net,El punto de quiebre,2025-08-16,true
olgaverduzco@example.net,La espiral,2026-01-12,false
olgaverduzco@example.net,El elegido,2025-09-01,false
olgaverduzco@example.net,El camino perdido,2025-12-04,false
olgaverduzco@example.net,El cazador,2024-09-15,false
olgaverduzco@example.net,Detonacion,2024-07-11,false
olgaverduzco@example.net,La caida libre,2026-01-23,true
olgaverduzco@example.net,Sin memoria,2025-06-23,false
olgaverduzco@example.net,La caida,2024-03-28,true
olgaverduzco@example.net,La guerra de sombras,2023-08-03,true
olgaverduzco@example.net,El despertador,2023-10-03,false
olgaverduzco@example.net,La fuerza del mal,2024-02-26,true
olgaverduzco@example.net,Sin limite,2025-05-03,true
olgaverduzco@example.net,Origen,2023-07-26,true
olgaverduzco@example.net,Bajo cero,2023-08-14,false
gerardode-la-garza@example.com,El proyecto secreto,2023-08-29,false
gerardode-la-garza@example.com,La decision,2024-03-10,false
gerardode-la-garza@example.com,Fuga imposible,2025-08-14,true
gerardode-la-garza@example.com,El codigo negro,2024-09-17,true
gerardode-la-garza@example.com,El cazador solitario,2026-02-10,true
gerardode-la-garza@example.com,Fragmentos,2025-01-03,true
gerardode-la-garza@example.com,La promesa rota,2023-06-16,true
gerardode-la-garza@example.com,Tierra de nadie,2025-05-29,true
gerardode-la-garza@example.com,Sin limite,2025-10-05,false
gerardode-la-garza@example.com,El cruce,2024-07-13,true
gerardode-la-garza@example.com,El espejo roto,2024-06-23,false
gerardode-la-garza@example.com,Fuera de control,2024-11-14,true
gerardode-la-garza@example.com,La maldicion,2026-01-13,true
gerardode-la-garza@example.com,Evasion total,2025-10-08,true
gerardode-la-garza@example.com,El regreso del mal,2024-09-27,false
gerardode-la-garza@example.com,Instinto,2025-09-07,true
gerardode-la-garza@example.com,El eco del pasado,2025-06-04,false
gerardode-la-garza@example.com,Impacto,2024-05-06,false
gerardode-la-garza@example.com,Furia imparable,2024-07-10,false
gerardode-la-garza@example.com,La frontera,2025-06-21,true
silvia83@example.net,La verdad prohibida,2023-11-14,false
silvia83@example.net,El precio del poder,2023-11-20,true
silvia83@example.net,Fuga imposible,2024-05-22,false
silvia83@example.net,La venganza,2024-05-04,true
silvia83@example.net,El maestro del engano,2026-01-02,false
silvia83@example.net,La isla perdida,2025-05-20,false
silvia83@example.net,La fuga,2025-05-08,true
silvia83@example.net,Punto critico,2026-03-29,false
silvia83@example.net,El ultimo susurro,2024-11-22,false
silvia83@example.net,Desolacion,2024-09-12,true
acervantez@example.org,La conspiración,2023-08-22,false
acervantez@example.org,El tercer ojo,2024-06-05,true
acervantez@example.org,Sin tregua,2023-07-28,false
acervantez@example.org,La sombra del pasado,2024-08-17,true
acervantez@example.org,El espejo oscuro,2025-09-01,false
gomezeugenio@example.net,El ultimo recurso,2025-04-11,true
gomezeugenio@example.net,Mas fuerte que el destino,2025-06-22,false
gomezeugenio@example.net,Sin cuartel,2024-02-15,false
gomezeugenio@example.net,El destino marcado,2023-06-29,true
gomezeugenio@example.net,El precio de la gloria,2024-06-19,true
gomezeugenio@example.net,La noche infinita,2024-12-19,true
gomezeugenio@example.net,Evasion total,2023-06-11,false
gomezeugenio@example.net,El espiritu guerrero,2023-08-07,true
mariolimon@example.net,La señal,2024-09-08,false
mariolimon@example.net,El despertador,2024-10-26,false
mariolimon@example.net,La sombra del mal,2025-09-12,false
mariolimon@example.net,La guerra de sombras,2024-12-31,false
mariolimon@example.net,El umbral,2025-02-22,false
ksantacruz@example.com,La isla perdida,2026-02-26,true
ksantacruz@example.com,La maldicion,2025-03-14,true
ksantacruz@example.com,Bajo cero,2024-03-02,true
ksantacruz@example.com,El guerrero,2024-03-11,false
ksantacruz@example.com,La trampa,2025-11-23,false
ksantacruz@example.com,El guardian,2024-04-03,true
ksantacruz@example.com,Descenso,2025-01-22,false
ksantacruz@example.com,El ultimo susurro,2026-02-23,false
ksantacruz@example.com,Impacto final,2023-09-07,true
ksantacruz@example.com,El ladrón de sueños,2025-06-16,true
ksantacruz@example.com,Sombras del pasado,2023-08-02,false
isaacrico@example.com,La pesadilla,2026-01-13,false
isaacrico@example.com,El destino marcado,2024-01-12,false
isaacrico@example.com,La decision,2025-09-19,false
isaacrico@example.com,Insurreccion,2024-05-17,true
isaacrico@example.com,Evasion total,2025-08-15,true
isaacrico@example.com,La noche de los lobos,2024-08-20,true
isaacrico@example.com,La sombra del futuro,2025-03-03,false
isaacrico@example.com,Impacto,2025-02-05,false
isaacrico@example.com,Tormenta interior,2023-12-22,false
isaacrico@example.com,La venganza perfecta,2023-07-06,false
maresmaria-luisa@example.net,Instinto,2024-09-23,true
maresmaria-luisa@example.net,Impacto,2024-02-13,false
maresmaria-luisa@example.net,Torbellino,2025-04-07,true
maresmaria-luisa@example.net,Sombra y luz,2024-02-11,false
maresmaria-luisa@example.net,Cero absoluto,2023-07-29,true
maresmaria-luisa@example.net,El ultimo viaje,2024-08-05,true
maresmaria-luisa@example.net,El regreso,2025-08-28,false
maresmaria-luisa@example.net,La guerra de sombras,2025-07-25,true
maresmaria-luisa@example.net,La pesadilla,2025-05-05,true
maresmaria-luisa@example.net,El proyecto secreto,2024-07-10,true
maresmaria-luisa@example.net,Sin fronteras,2024-11-11,true
romerogilberto@example.org,Oscuridad total,2025-09-07,true
romerogilberto@example.org,El cruce,2023-12-22,true
romerogilberto@example.org,Cero absoluto,2025-05-23,false
romerogilberto@example.org,El poder oculto,2023-09-26,true
romerogilberto@example.org,Sin nombre,2025-07-25,true
romerogilberto@example.org,La profecia,2024-02-07,false
romerogilberto@example.org,La sombra del futuro,2023-08-26,false
romerogilberto@example.org,El camino perdido,2024-03-03,false
romerogilberto@example.org,La amenaza silenciosa,2026-02-04,false
benavidespablo@example.org,El precio de la verdad,2025-11-13,false
benavidespablo@example.org,La profecia,2024-08-14,true
benavidespablo@example.org,Punto de no retorno,2023-12-02,true
benavidespablo@example.org,Sin fronteras,2024-07-22,false
benavidespablo@example.org,El ultimo susurro,2025-03-26,false
benavidespablo@example.org,Sin retorno,2024-03-12,false
benavidespablo@example.org,El ultimo comando,2025-09-30,true
benavidespablo@example.org,Fuga imposible,2026-03-05,true
benavidespablo@example.org,Sin nombre,2023-11-14,true
benavidespablo@example.org,Sin cuartel,2023-05-18,true
benavidespablo@example.org,La señal perdida,2025-04-28,true
benavidespablo@example.org,Colisión de mundos,2025-04-26,false
benavidespablo@example.org,Sin piedad ni gloria,2024-08-20,false
benavidespablo@example.org,Fragmentos,2025-05-13,true
benavidespablo@example.org,Renacimiento,2025-07-10,false
benavidespablo@example.org,Derrumbe,2023-05-08,false
benavidespablo@example.org,Torbellino,2024-02-28,false
benavidespablo@example.org,El enviado,2024-05-23,false
benavidespablo@example.org,La trampa mortal,2026-02-05,true
ramirosalcido@example.net,El testigo silencioso,2025-09-17,true
ramirosalcido@example.net,El vigilante,2023-06-16,false
ramirosalcido@example.net,Fuera de control,2023-06-12,true
ramirosalcido@example.net,Mas fuerte que el destino,2025-03-18,false
ramirosalcido@example.net,La señal perdida,2023-06-15,false
ramirosalcido@example.net,La conspiración,2024-01-11,false
ramirosalcido@example.net,La oscuridad interior,2026-03-19,false
ramirosalcido@example.net,Sin salida aparente,2023-04-27,true
ramirosalcido@example.net,El elegido,2024-06-24,false
ramirosalcido@example.net,El precio de la gloria,2023-04-20,true
ramirosalcido@example.net,La zona gris,2024-11-24,false
ramirosalcido@example.net,Zona de guerra,2025-04-06,false
ramirosalcido@example.net,La conexion,2024-06-11,false
ramirosalcido@example.net,La herencia maldita,2023-11-07,true
ramirosalcido@example.net,Zona de peligro,2023-08-03,true
ramirosalcido@example.net,La noche sin fin,2024-05-23,true
ramirosalcido@example.net,El ultimo susurro,2023-06-28,true
maria-elenavillanueva@example.com,El ultimo grito,2025-02-27,false
maria-elenavillanueva@example.com,El despertar,2025-12-24,false
maria-elenavillanueva@example.com,Punto sin retorno,2024-05-25,true
maria-elenavillanueva@example.com,La ultima frontera,2025-06-07,false
maria-elenavillanueva@example.com,Derrumbe,2026-01-20,true
maria-elenavillanueva@example.com,Sin fronteras,2024-12-21,true
maria-elenavillanueva@example.com,Implosion,2023-05-28,true
maria-elenavillanueva@example.com,Descenso,2024-08-20,true
maria-elenavillanueva@example.com,El cruce,2025-06-08,true
maria-elenavillanueva@example.com,La maldicion,2024-03-09,false
maria-elenavillanueva@example.com,Sin escape,2024-10-18,false
maria-elenavillanueva@example.com,Voces en la oscuridad,2024-01-10,true
maria-elenavillanueva@example.com,Sueños rotos,2025-07-03,true
maria-elenavillanueva@example.com,Sin piedad,2023-08-12,true
maria-elenavillanueva@example.com,La trampa final,2025-10-23,true
baezahilda@example.org,Colisión de mundos,2025-04-05,true
baezahilda@example.org,El ultimo viaje,2024-03-28,false
baezahilda@example.org,La caida,2025-01-02,false
baezahilda@example.org,Combustion,2024-06-30,true
baezahilda@example.org,El punto final,2024-05-24,false
baezahilda@example.org,El infiltrado,2024-11-28,true
baezahilda@example.org,Sin salida,2025-02-02,true
baezahilda@example.org,La promesa rota,2023-06-09,true
baezahilda@example.org,La profecia,2025-08-30,true
baezahilda@example.org,El espejo oscuro,2024-06-11,false
baezahilda@example.org,Mas alla del bien,2024-10-21,false
baezahilda@example.org,El testigo silencioso,2023-07-26,true
baezahilda@example.org,La maquina del tiempo,2026-01-27,false
baezahilda@example.org,El testamento,2024-08-18,false
baezahilda@example.org,Tormenta interior,2026-01-18,true
baezahilda@example.org,Impacto final,2025-05-31,false
baezahilda@example.org,Fragmentos,2024-07-07,true
baezahilda@example.org,La alianza,2023-12-26,false
baezahilda@example.org,El umbral,2025-01-11,true
baezahilda@example.org,Oscuridad total,2026-01-30,false
jaqueline93@example.org,Codigo rojo,2024-09-16,true
jaqueline93@example.org,El codigo olvidado,2023-08-01,true
jaqueline93@example.org,El laberinto,2024-09-14,true
jaqueline93@example.org,El juego mortal,2024-12-06,false
jaqueline93@example.org,Descenso,2025-11-03,false
jaqueline93@example.org,La tormenta perfecta,2025-07-05,false
jaqueline93@example.org,La noche sin fin,2023-10-07,false
jaqueline93@example.org,Colision,2025-02-12,false
jaqueline93@example.org,La tela de araña,2024-07-06,false
jaqueline93@example.org,Sin limite,2024-02-11,false
jaqueline93@example.org,La conexion,2024-04-25,false
jaqueline93@example.org,El espiritu guerrero,2025-08-30,true
jaqueline93@example.org,Mas fuerte que el destino,2023-05-10,true
jaqueline93@example.org,El eco del pasado,2025-04-07,false
jaqueline93@example.org,La fuga,2025-12-28,false
galvezjose-eduardo@example.net,Origen,2023-11-26,false
galvezjose-eduardo@example.net,El punto final,2025-10-09,true
galvezjose-eduardo@example.net,La verdad oculta,2025-10-10,true
galvezjose-eduardo@example.net,La mente oscura,2023-05-17,false
galvezjose-eduardo@example.net,La zona gris,2025-06-09,false
galvezjose-eduardo@example.net,Instinto,2024-10-09,true
galvezjose-eduardo@example.net,Tormenta interior,2024-08-04,true
galvezjose-eduardo@example.net,La amenaza,2023-11-10,false
galvezjose-eduardo@example.net,La ultima esperanza,2025-04-26,false
galvezjose-eduardo@example.net,Impacto,2025-05-03,true
galvezjose-eduardo@example.net,El abismo oscuro,2025-08-23,true
galvezjose-eduardo@example.net,Golpe mortal,2026-01-24,true
